id_ticket,id_producto,cantidad,precio_unitario
TICKET_000001,PROD_030,1,4500
TICKET_000002,PROD_006,1,2500
TICKET_000003,PROD_033,1,1500
TICKET_000003,PROD_021,1,3500
TICKET_000004,PROD_019,1,3200
TICKET_000005,PROD_001,1,2500
TICKET_000005,PROD_015,1,2800
TICKET_000006,PROD_031,1,4500
TICKET_000006,PROD_003,1,4500
TICKET_000007,PROD_023,1,3500
TICKET_000008,PROD_017,1,2800
TICKET_000008,PROD_004,1,4800
TICKET_000009,PROD_006,1,2500
TICKET_000010,PROD_015,1,2800
TICKET_000011,PROD_021,1,3500
TICKET_000011,PROD_010,1,3500
TICKET_000012,PROD_012,1,3000
TICKET_000012,PROD_024,1,3000
TICKET_000013,PROD_010,1,3500
TICKET_000013,PROD_016,1,2500
TICKET_000013,PROD_014,1,3800
TICKET_000014,PROD_021,1,3500
TICKET_000014,PROD_009,1,5000
TICKET_000014,PROD_013,1,3500
TICKET_000015,PROD_003,1,4500
TICKET_000015,PROD_023,1,3500
TICKET_000016,PROD_001,2,2500
TICKET_000016,PROD_009,1,5000
TICKET_000016,PROD_004,1,4800
TICKET_000017,PROD_031,1,4500
TICKET_000017,PROD_003,1,4500
TICKET_000017,PROD_012,1,3000
TICKET_000018,PROD_006,1,2500
TICKET_000019,PROD_012,1,3000
TICKET_000019,PROD_003,1,4500
TICKET_000020,PROD_006,1,2500
TICKET_000020,PROD_028,1,2000
TICKET_000020,PROD_025,1,3500
TICKET_000021,PROD_001,1,2500
TICKET_000021,PROD_015,1,2800
TICKET_000022,PROD_010,1,3500
TICKET_000022,PROD_016,1,2500
TICKET_000022,PROD_032,1,2500
TICKET_000022,PROD_028,1,2000
TICKET_000023,PROD_012,1,3000
TICKET_000024,PROD_021,1,3500
TICKET_000024,PROD_009,1,5000
TICKET_000024,PROD_006,1,2500
TICKET_000024,PROD_001,1,2500
TICKET_000025,PROD_020,1,3200
TICKET_000026,PROD_021,1,3500
TICKET_000027,PROD_019,1,3200
TICKET_000027,PROD_012,1,3000
TICKET_000028,PROD_034,1,6500
TICKET_000028,PROD_012,1,3000
TICKET_000029,PROD_021,1,3500
TICKET_000030,PROD_021,1,3500
TICKET_000030,PROD_003,1,4500
TICKET_000031,PROD_012,1,3000
TICKET_000031,PROD_025,1,3500
TICKET_000032,PROD_031,1,4500
TICKET_000032,PROD_034,1,6500
TICKET_000033,PROD_010,1,3500
TICKET_000033,PROD_016,1,2500
TICKET_000034,PROD_021,1,3500
TICKET_000034,PROD_009,1,5000
TICKET_000035,PROD_001,1,2500
TICKET_000035,PROD_015,1,2800
TICKET_000036,PROD_002,1,3500
TICKET_000036,PROD_017,1,2800
TICKET_000036,PROD_004,1,4800
TICKET_000037,PROD_001,1,2500
TICKET_000037,PROD_015,1,2800
TICKET_000038,PROD_001,1,2500
TICKET_000039,PROD_019,1,3200
TICKET_000039,PROD_012,1,3000
TICKET_000039,PROD_024,1,3000
TICKET_000040,PROD_010,1,3500
TICKET_000040,PROD_016,1,2500
TICKET_000041,PROD_016,1,2500
TICKET_000042,PROD_019,1,3200
TICKET_000042,PROD_012,1,3000
TICKET_000042,PROD_023,1,3500
TICKET_000043,PROD_002,1,3500
TICKET_000043,PROD_017,1,2800
TICKET_000043,PROD_034,1,6500
TICKET_000043,PROD_031,1,4500
TICKET_000044,PROD_001,1,2500
TICKET_000044,PROD_015,1,2800
TICKET_000044,PROD_034,1,6500
TICKET_000045,PROD_003,1,4500
TICKET_000045,PROD_023,1,3500
TICKET_000045,PROD_012,1,3000
TICKET_000046,PROD_001,2,2500
TICKET_000046,PROD_023,1,3500
TICKET_000047,PROD_031,1,4500
TICKET_000047,PROD_013,1,3500
TICKET_000047,PROD_012,1,3000
TICKET_000048,PROD_001,1,2500
TICKET_000049,PROD_010,1,3500
TICKET_000049,PROD_016,1,2500
TICKET_000050,PROD_017,1,2800
TICKET_000051,PROD_029,1,3000
TICKET_000052,PROD_035,1,7500
TICKET_000053,PROD_031,2,4500
TICKET_000054,PROD_003,1,4500
TICKET_000055,PROD_002,1,3500
TICKET_000055,PROD_017,1,2800
TICKET_000055,PROD_021,1,3500
TICKET_000055,PROD_012,1,3000
TICKET_000056,PROD_012,1,3000
TICKET_000057,PROD_006,1,2500
TICKET_000057,PROD_008,1,3200
TICKET_000058,PROD_021,1,3500
TICKET_000058,PROD_020,1,3200
TICKET_000058,PROD_011,1,2500
TICKET_000059,PROD_010,1,3500
TICKET_000059,PROD_023,1,3500
TICKET_000060,PROD_012,1,3000
TICKET_000061,PROD_019,1,3200
TICKET_000061,PROD_012,1,3000
TICKET_000062,PROD_025,1,3500
TICKET_000062,PROD_019,1,3200
TICKET_000063,PROD_034,1,6500
TICKET_000063,PROD_026,1,3500
TICKET_000064,PROD_019,1,3200
TICKET_000064,PROD_012,1,3000
TICKET_000065,PROD_012,1,3000
TICKET_000065,PROD_024,1,3000
TICKET_000065,PROD_031,2,4500
TICKET_000066,PROD_001,1,2500
TICKET_000066,PROD_035,2,7500
TICKET_000067,PROD_019,1,3200
TICKET_000067,PROD_012,1,3000
TICKET_000068,PROD_012,1,3000
TICKET_000069,PROD_010,1,3500
TICKET_000069,PROD_016,1,2500
TICKET_000069,PROD_020,2,3200
TICKET_000070,PROD_001,1,2500
TICKET_000070,PROD_026,1,3500
TICKET_000071,PROD_003,2,4500
TICKET_000071,PROD_023,1,3500
TICKET_000072,PROD_004,1,4800
TICKET_000072,PROD_034,1,6500
TICKET_000073,PROD_013,1,3500
TICKET_000074,PROD_001,1,2500
TICKET_000075,PROD_035,1,7500
TICKET_000076,PROD_021,1,3500
TICKET_000076,PROD_009,1,5000
TICKET_000077,PROD_006,1,2500
TICKET_000077,PROD_028,1,2000
TICKET_000078,PROD_026,1,3500
TICKET_000079,PROD_031,1,4500
TICKET_000079,PROD_003,1,4500
TICKET_000079,PROD_012,1,3000
TICKET_000080,PROD_018,1,2800
TICKET_000080,PROD_019,1,3200
TICKET_000081,PROD_001,2,2500
TICKET_000082,PROD_002,1,3500
TICKET_000082,PROD_017,1,2800
TICKET_000083,PROD_003,1,4500
TICKET_000083,PROD_023,1,3500
TICKET_000083,PROD_020,1,3200
TICKET_000084,PROD_012,1,3000
TICKET_000085,PROD_002,1,3500
TICKET_000086,PROD_031,1,4500
TICKET_000086,PROD_033,1,1500
TICKET_000086,PROD_021,1,3500
TICKET_000087,PROD_021,1,3500
TICKET_000087,PROD_020,2,3200
TICKET_000088,PROD_001,1,2500
TICKET_000088,PROD_015,1,2800
TICKET_000088,PROD_026,1,3500
TICKET_000089,PROD_003,1,4500
TICKET_000090,PROD_012,1,3000
TICKET_000091,PROD_006,1,2500
TICKET_000092,PROD_019,1,3200
TICKET_000092,PROD_007,1,4500
TICKET_000092,PROD_002,1,3500
TICKET_000093,PROD_029,1,3000
TICKET_000094,PROD_012,1,3000
TICKET_000095,PROD_031,1,4500
TICKET_000095,PROD_003,1,4500
TICKET_000096,PROD_001,1,2500
TICKET_000096,PROD_015,1,2800
TICKET_000096,PROD_002,1,3500
TICKET_000097,PROD_012,1,3000
TICKET_000098,PROD_035,1,7500
TICKET_000099,PROD_021,1,3500
TICKET_000100,PROD_015,1,2800
TICKET_000101,PROD_023,1,3500
TICKET_000102,PROD_002,1,3500
TICKET_000102,PROD_017,1,2800
TICKET_000102,PROD_021,1,3500
TICKET_000102,PROD_013,1,3500
TICKET_000103,PROD_018,1,2800
TICKET_000104,PROD_026,1,3500
TICKET_000104,PROD_005,1,4000
TICKET_000105,PROD_034,1,6500
TICKET_000105,PROD_015,1,2800
TICKET_000106,PROD_006,1,2500
TICKET_000106,PROD_028,1,2000
TICKET_000107,PROD_006,1,2500
TICKET_000107,PROD_028,1,2000
TICKET_000108,PROD_027,1,2500
TICKET_000109,PROD_025,1,3500
TICKET_000110,PROD_021,1,3500
TICKET_000110,PROD_009,1,5000
TICKET_000111,PROD_021,1,3500
TICKET_000111,PROD_007,1,4500
TICKET_000112,PROD_010,1,3500
TICKET_000112,PROD_016,1,2500
TICKET_000113,PROD_003,1,4500
TICKET_000113,PROD_023,1,3500
TICKET_000113,PROD_019,1,3200
TICKET_000114,PROD_001,1,2500
TICKET_000114,PROD_015,1,2800
TICKET_000115,PROD_023,1,3500
TICKET_000116,PROD_003,1,4500
TICKET_000117,PROD_021,1,3500
TICKET_000117,PROD_029,1,3000
TICKET_000118,PROD_012,1,3000
TICKET_000118,PROD_024,1,3000
TICKET_000119,PROD_034,1,6500
TICKET_000120,PROD_001,2,2500
TICKET_000120,PROD_013,1,3500
TICKET_000121,PROD_012,1,3000
TICKET_000122,PROD_001,1,2500
TICKET_000122,PROD_015,1,2800
TICKET_000122,PROD_026,1,3500
TICKET_000123,PROD_012,1,3000
TICKET_000123,PROD_024,1,3000
TICKET_000124,PROD_021,1,3500
TICKET_000124,PROD_009,1,5000
TICKET_000125,PROD_007,1,4500
TICKET_000126,PROD_021,1,3500
TICKET_000127,PROD_002,1,3500
TICKET_000127,PROD_017,1,2800
TICKET_000128,PROD_033,1,1500
TICKET_000129,PROD_003,1,4500
TICKET_000129,PROD_023,1,3500
TICKET_000130,PROD_031,1,4500
TICKET_000130,PROD_003,1,4500
TICKET_000131,PROD_012,1,3000
TICKET_000132,PROD_003,1,4500
TICKET_000133,PROD_031,1,4500
TICKET_000134,PROD_026,1,3500
TICKET_000135,PROD_017,1,2800
TICKET_000136,PROD_034,1,6500
TICKET_000136,PROD_017,1,2800
TICKET_000137,PROD_003,1,4500
TICKET_000137,PROD_015,1,2800
TICKET_000138,PROD_022,1,3500
TICKET_000138,PROD_008,1,3200
TICKET_000139,PROD_010,1,3500
TICKET_000139,PROD_016,1,2500
TICKET_000140,PROD_035,1,7500
TICKET_000140,PROD_028,1,2000
TICKET_000141,PROD_003,1,4500
TICKET_000141,PROD_023,1,3500
TICKET_000142,PROD_006,1,2500
TICKET_000143,PROD_021,1,3500
TICKET_000143,PROD_034,1,6500
TICKET_000144,PROD_021,1,3500
TICKET_000145,PROD_010,1,3500
TICKET_000145,PROD_023,1,3500
TICKET_000145,PROD_008,1,3200
TICKET_000146,PROD_012,1,3000
TICKET_000146,PROD_024,1,3000
TICKET_000147,PROD_031,1,4500
TICKET_000148,PROD_006,1,2500
TICKET_000148,PROD_028,1,2000
TICKET_000148,PROD_002,1,3500
TICKET_000148,PROD_012,1,3000
TICKET_000149,PROD_021,1,3500
TICKET_000149,PROD_009,1,5000
TICKET_000149,PROD_018,1,2800
TICKET_000150,PROD_032,1,2500
TICKET_000151,PROD_009,1,5000
TICKET_000152,PROD_006,1,2500
TICKET_000152,PROD_028,1,2000
TICKET_000153,PROD_019,1,3200
TICKET_000153,PROD_002,1,3500
TICKET_000153,PROD_030,1,4500
TICKET_000154,PROD_018,1,2800
TICKET_000154,PROD_001,1,2500
TICKET_000155,PROD_031,1,4500
TICKET_000155,PROD_003,1,4500
TICKET_000155,PROD_019,1,3200
TICKET_000156,PROD_003,1,4500
TICKET_000156,PROD_023,1,3500
TICKET_000156,PROD_034,1,6500
TICKET_000157,PROD_001,1,2500
TICKET_000157,PROD_015,1,2800
TICKET_000157,PROD_017,1,2800
TICKET_000158,PROD_015,1,2800
TICKET_000159,PROD_001,1,2500
TICKET_000159,PROD_015,1,2800
TICKET_000160,PROD_013,1,3500
TICKET_000161,PROD_003,1,4500
TICKET_000162,PROD_002,1,3500
TICKET_000162,PROD_017,1,2800
TICKET_000163,PROD_025,1,3500
TICKET_000164,PROD_031,1,4500
TICKET_000164,PROD_003,1,4500
TICKET_000165,PROD_001,1,2500
TICKET_000166,PROD_006,1,2500
TICKET_000166,PROD_028,1,2000
TICKET_000166,PROD_021,1,3500
TICKET_000167,PROD_021,1,3500
TICKET_000167,PROD_009,1,5000
TICKET_000168,PROD_019,1,3200
TICKET_000168,PROD_012,1,3000
TICKET_000169,PROD_034,1,6500
TICKET_000169,PROD_026,1,3500
TICKET_000170,PROD_016,1,2500
TICKET_000171,PROD_001,1,2500
TICKET_000171,PROD_015,1,2800
TICKET_000172,PROD_001,2,2500
TICKET_000172,PROD_029,1,3000
TICKET_000173,PROD_002,1,3500
TICKET_000174,PROD_026,1,3500
TICKET_000174,PROD_029,1,3000
TICKET_000175,PROD_021,1,3500
TICKET_000176,PROD_003,1,4500
TICKET_000176,PROD_023,1,3500
TICKET_000177,PROD_008,1,3200
TICKET_000178,PROD_021,1,3500
TICKET_000179,PROD_010,1,3500
TICKET_000179,PROD_016,1,2500
TICKET_000180,PROD_027,1,2500
TICKET_000181,PROD_003,1,4500
TICKET_000181,PROD_015,1,2800
TICKET_000182,PROD_035,1,7500
TICKET_000183,PROD_026,1,3500
TICKET_000184,PROD_013,1,3500
TICKET_000185,PROD_001,2,2500
TICKET_000185,PROD_005,1,4000
TICKET_000186,PROD_012,1,3000
TICKET_000187,PROD_016,1,2500
TICKET_000188,PROD_002,1,3500
TICKET_000188,PROD_017,1,2800
TICKET_000188,PROD_009,1,5000
TICKET_000188,PROD_012,1,3000
TICKET_000189,PROD_028,1,2000
TICKET_000190,PROD_003,1,4500
TICKET_000190,PROD_023,1,3500
TICKET_000191,PROD_019,1,3200
TICKET_000191,PROD_012,1,3000
TICKET_000192,PROD_001,1,2500
TICKET_000192,PROD_035,1,7500
TICKET_000193,PROD_001,1,2500
TICKET_000194,PROD_001,2,2500
TICKET_000195,PROD_001,1,2500
TICKET_000196,PROD_003,1,4500
TICKET_000196,PROD_023,1,3500
TICKET_000196,PROD_020,1,3200
TICKET_000196,PROD_002,1,3500
TICKET_000197,PROD_030,1,4500
TICKET_000197,PROD_024,1,3000
TICKET_000198,PROD_001,1,2500
TICKET_000198,PROD_015,1,2800
TICKET_000198,PROD_028,1,2000
TICKET_000198,PROD_020,1,3200
TICKET_000199,PROD_028,1,2000
TICKET_000199,PROD_029,1,3000
TICKET_000200,PROD_001,1,2500
TICKET_000200,PROD_015,1,2800
TICKET_000201,PROD_010,1,3500
TICKET_000201,PROD_016,1,2500
TICKET_000202,PROD_019,1,3200
TICKET_000202,PROD_017,1,2800
TICKET_000203,PROD_019,1,3200
TICKET_000203,PROD_012,1,3000
TICKET_000204,PROD_001,1,2500
TICKET_000204,PROD_008,1,3200
TICKET_000205,PROD_010,1,3500
TICKET_000205,PROD_016,1,2500
TICKET_000205,PROD_012,1,3000
TICKET_000205,PROD_003,1,4500
TICKET_000206,PROD_031,1,4500
TICKET_000206,PROD_003,1,4500
TICKET_000206,PROD_026,1,3500
TICKET_000207,PROD_012,1,3000
TICKET_000208,PROD_007,1,4500
TICKET_000209,PROD_021,1,3500
TICKET_000209,PROD_029,1,3000
TICKET_000210,PROD_008,1,3200
TICKET_000211,PROD_031,1,4500
TICKET_000212,PROD_001,1,2500
TICKET_000213,PROD_019,2,3200
TICKET_000213,PROD_012,1,3000
TICKET_000214,PROD_001,1,2500
TICKET_000215,PROD_012,1,3000
TICKET_000215,PROD_024,1,3000
TICKET_000215,PROD_028,1,2000
TICKET_000215,PROD_009,1,5000
TICKET_000216,PROD_021,1,3500
TICKET_000216,PROD_009,1,5000
TICKET_000217,PROD_019,1,3200
TICKET_000217,PROD_012,1,3000
TICKET_000217,PROD_025,1,3500
TICKET_000218,PROD_003,1,4500
TICKET_000218,PROD_023,1,3500
TICKET_000218,PROD_015,1,2800
TICKET_000218,PROD_012,1,3000
TICKET_000219,PROD_012,1,3000
TICKET_000219,PROD_024,1,3000
TICKET_000220,PROD_008,1,3200
TICKET_000220,PROD_013,1,3500
TICKET_000221,PROD_030,1,4500
TICKET_000222,PROD_021,1,3500
TICKET_000222,PROD_018,1,2800
TICKET_000223,PROD_006,1,2500
TICKET_000223,PROD_028,1,2000
TICKET_000223,PROD_020,1,3200
TICKET_000223,PROD_010,1,3500
TICKET_000224,PROD_022,1,3500
TICKET_000225,PROD_001,1,2500
TICKET_000225,PROD_015,1,2800
TICKET_000225,PROD_013,1,3500
TICKET_000225,PROD_032,1,2500
TICKET_000226,PROD_019,1,3200
TICKET_000226,PROD_012,1,3000
TICKET_000227,PROD_021,1,3500
TICKET_000227,PROD_009,1,5000
TICKET_000227,PROD_004,1,4800
TICKET_000228,PROD_006,1,2500
TICKET_000228,PROD_004,1,4800
TICKET_000229,PROD_013,1,3500
TICKET_000230,PROD_003,1,4500
TICKET_000230,PROD_023,1,3500
TICKET_000231,PROD_003,1,4500
TICKET_000231,PROD_023,1,3500
TICKET_000231,PROD_035,1,7500
TICKET_000232,PROD_007,1,4500
TICKET_000233,PROD_029,1,3000
TICKET_000234,PROD_013,1,3500
TICKET_000235,PROD_021,1,3500
TICKET_000236,PROD_012,1,3000
TICKET_000237,PROD_032,1,2500
TICKET_000238,PROD_002,1,3500
TICKET_000238,PROD_017,1,2800
TICKET_000239,PROD_006,1,2500
TICKET_000239,PROD_013,1,3500
TICKET_000239,PROD_035,1,7500
TICKET_000240,PROD_003,1,4500
TICKET_000240,PROD_010,1,3500
TICKET_000241,PROD_031,1,4500
TICKET_000241,PROD_022,1,3500
TICKET_000242,PROD_019,1,3200
TICKET_000242,PROD_012,1,3000
TICKET_000243,PROD_019,1,3200
TICKET_000243,PROD_012,1,3000
TICKET_000244,PROD_005,1,4000
TICKET_000245,PROD_001,1,2500
TICKET_000245,PROD_015,1,2800
TICKET_000245,PROD_023,1,3500
TICKET_000246,PROD_002,1,3500
TICKET_000247,PROD_019,1,3200
TICKET_000247,PROD_022,1,3500
TICKET_000248,PROD_025,1,3500
TICKET_000249,PROD_010,2,3500
TICKET_000250,PROD_003,1,4500
TICKET_000250,PROD_023,1,3500
TICKET_000251,PROD_021,1,3500
TICKET_000252,PROD_003,1,4500
TICKET_000252,PROD_023,1,3500
TICKET_000252,PROD_031,1,4500
TICKET_000253,PROD_021,1,3500
TICKET_000253,PROD_009,1,5000
TICKET_000253,PROD_032,1,2500
TICKET_000254,PROD_031,1,4500
TICKET_000254,PROD_003,1,4500
TICKET_000254,PROD_035,1,7500
TICKET_000255,PROD_021,1,3500
TICKET_000256,PROD_006,1,2500
TICKET_000257,PROD_003,1,4500
TICKET_000257,PROD_027,1,2500
TICKET_000258,PROD_002,1,3500
TICKET_000258,PROD_017,1,2800
TICKET_000258,PROD_021,1,3500
TICKET_000258,PROD_013,1,3500
TICKET_000259,PROD_020,1,3200
TICKET_000260,PROD_012,1,3000
TICKET_000260,PROD_021,1,3500
TICKET_000261,PROD_010,1,3500
TICKET_000261,PROD_016,1,2500
TICKET_000262,PROD_002,1,3500
TICKET_000262,PROD_017,1,2800
TICKET_000262,PROD_008,1,3200
TICKET_000263,PROD_023,1,3500
TICKET_000263,PROD_014,1,3800
TICKET_000264,PROD_001,1,2500
TICKET_000264,PROD_007,1,4500
TICKET_000265,PROD_021,1,3500
TICKET_000266,PROD_026,1,3500
TICKET_000267,PROD_005,1,4000
TICKET_000268,PROD_028,1,2000
TICKET_000268,PROD_001,1,2500
TICKET_000269,PROD_002,3,3500
TICKET_000269,PROD_017,1,2800
TICKET_000270,PROD_021,1,3500
TICKET_000270,PROD_009,2,5000
TICKET_000270,PROD_005,1,4000
TICKET_000271,PROD_002,1,3500
TICKET_000271,PROD_017,1,2800
TICKET_000271,PROD_003,1,4500
TICKET_000272,PROD_026,1,3500
TICKET_000273,PROD_001,2,2500
TICKET_000273,PROD_016,1,2500
TICKET_000274,PROD_019,1,3200
TICKET_000274,PROD_012,1,3000
TICKET_000275,PROD_028,1,2000
TICKET_000276,PROD_034,1,6500
TICKET_000277,PROD_012,1,3000
TICKET_000277,PROD_024,1,3000
TICKET_000278,PROD_012,1,3000
TICKET_000278,PROD_018,1,2800
TICKET_000279,PROD_008,1,3200
TICKET_000280,PROD_012,1,3000
TICKET_000280,PROD_003,1,4500
TICKET_000281,PROD_002,1,3500
TICKET_000281,PROD_017,1,2800
TICKET_000282,PROD_006,1,2500
TICKET_000282,PROD_029,1,3000
TICKET_000283,PROD_002,1,3500
TICKET_000283,PROD_017,1,2800
TICKET_000284,PROD_021,1,3500
TICKET_000284,PROD_009,1,5000
TICKET_000285,PROD_002,1,3500
TICKET_000285,PROD_031,1,4500
TICKET_000285,PROD_004,1,4800
TICKET_000286,PROD_023,1,3500
TICKET_000287,PROD_001,1,2500
TICKET_000287,PROD_015,1,2800
TICKET_000287,PROD_008,1,3200
TICKET_000287,PROD_013,1,3500
TICKET_000288,PROD_011,1,2500
TICKET_000289,PROD_009,1,5000
TICKET_000290,PROD_002,1,3500
TICKET_000290,PROD_007,1,4500
TICKET_000291,PROD_015,1,2800
TICKET_000292,PROD_010,1,3500
TICKET_000292,PROD_016,1,2500
TICKET_000293,PROD_010,2,3500
TICKET_000293,PROD_016,1,2500
TICKET_000294,PROD_008,1,3200
TICKET_000294,PROD_029,1,3000
TICKET_000295,PROD_020,1,3200
TICKET_000296,PROD_010,1,3500
TICKET_000296,PROD_016,1,2500
TICKET_000296,PROD_017,1,2800
TICKET_000296,PROD_001,1,2500
TICKET_000297,PROD_030,1,4500
TICKET_000297,PROD_025,1,3500
TICKET_000298,PROD_017,1,2800
TICKET_000299,PROD_010,1,3500
TICKET_000299,PROD_016,1,2500
TICKET_000299,PROD_021,1,3500
TICKET_000300,PROD_019,1,3200
TICKET_000301,PROD_003,1,4500
TICKET_000301,PROD_023,1,3500
TICKET_000301,PROD_009,1,5000
TICKET_000302,PROD_030,1,4500
TICKET_000303,PROD_012,1,3000
TICKET_000304,PROD_021,1,3500
TICKET_000305,PROD_001,2,2500
TICKET_000306,PROD_001,1,2500
TICKET_000307,PROD_008,1,3200
TICKET_000307,PROD_016,1,2500
TICKET_000308,PROD_002,1,3500
TICKET_000308,PROD_017,1,2800
TICKET_000308,PROD_001,1,2500
TICKET_000309,PROD_021,1,3500
TICKET_000310,PROD_006,1,2500
TICKET_000310,PROD_028,1,2000
TICKET_000311,PROD_002,1,3500
TICKET_000312,PROD_019,1,3200
TICKET_000313,PROD_026,1,3500
TICKET_000314,PROD_001,2,2500
TICKET_000314,PROD_009,1,5000
TICKET_000314,PROD_024,1,3000
TICKET_000315,PROD_031,1,4500
TICKET_000316,PROD_021,1,3500
TICKET_000316,PROD_018,1,2800
TICKET_000317,PROD_002,1,3500
TICKET_000318,PROD_019,1,3200
TICKET_000319,PROD_001,1,2500
TICKET_000319,PROD_015,1,2800
TICKET_000320,PROD_010,1,3500
TICKET_000320,PROD_016,1,2500
TICKET_000320,PROD_031,1,4500
TICKET_000321,PROD_006,1,2500
TICKET_000321,PROD_028,1,2000
TICKET_000322,PROD_031,1,4500
TICKET_000322,PROD_003,1,4500
TICKET_000323,PROD_002,1,3500
TICKET_000323,PROD_017,1,2800
TICKET_000323,PROD_013,1,3500
TICKET_000324,PROD_002,1,3500
TICKET_000324,PROD_017,1,2800
TICKET_000324,PROD_003,1,4500
TICKET_000325,PROD_027,1,2500
TICKET_000326,PROD_019,1,3200
TICKET_000326,PROD_012,1,3000
TICKET_000326,PROD_004,1,4800
TICKET_000326,PROD_035,1,7500
TICKET_000327,PROD_010,1,3500
TICKET_000327,PROD_035,1,7500
TICKET_000328,PROD_013,1,3500
TICKET_000329,PROD_003,1,4500
TICKET_000329,PROD_023,1,3500
TICKET_000330,PROD_006,1,2500
TICKET_000331,PROD_017,1,2800
TICKET_000332,PROD_019,1,3200
TICKET_000332,PROD_012,1,3000
TICKET_000332,PROD_026,1,3500
TICKET_000332,PROD_034,1,6500
TICKET_000333,PROD_021,1,3500
TICKET_000333,PROD_009,1,5000
TICKET_000333,PROD_004,1,4800
TICKET_000334,PROD_018,1,2800
TICKET_000334,PROD_003,1,4500
TICKET_000335,PROD_001,1,2500
TICKET_000335,PROD_015,1,2800
TICKET_000336,PROD_010,1,3500
TICKET_000336,PROD_016,1,2500
TICKET_000336,PROD_029,1,3000
TICKET_000337,PROD_001,1,2500
TICKET_000337,PROD_015,1,2800
TICKET_000337,PROD_002,1,3500
TICKET_000337,PROD_032,1,2500
TICKET_000338,PROD_002,1,3500
TICKET_000338,PROD_031,1,4500
TICKET_000339,PROD_035,1,7500
TICKET_000340,PROD_010,1,3500
TICKET_000340,PROD_001,1,2500
TICKET_000341,PROD_031,1,4500
TICKET_000341,PROD_029,1,3000
TICKET_000341,PROD_032,1,2500
TICKET_000342,PROD_002,1,3500
TICKET_000342,PROD_017,1,2800
TICKET_000343,PROD_019,1,3200
TICKET_000344,PROD_003,1,4500
TICKET_000344,PROD_002,1,3500
TICKET_000345,PROD_031,1,4500
TICKET_000345,PROD_003,1,4500
TICKET_000346,PROD_006,1,2500
TICKET_000346,PROD_028,1,2000
TICKET_000347,PROD_016,1,2500
TICKET_000347,PROD_029,1,3000
TICKET_000348,PROD_002,1,3500
TICKET_000348,PROD_017,1,2800
TICKET_000349,PROD_001,2,2500
TICKET_000349,PROD_029,1,3000
TICKET_000349,PROD_026,1,3500
TICKET_000350,PROD_012,1,3000
TICKET_000350,PROD_033,1,1500
TICKET_000351,PROD_006,1,2500
TICKET_000351,PROD_028,1,2000
TICKET_000351,PROD_030,1,4500
TICKET_000351,PROD_004,1,4800
TICKET_000352,PROD_014,1,3800
TICKET_000352,PROD_034,1,6500
TICKET_000353,PROD_025,1,3500
TICKET_000353,PROD_004,1,4800
TICKET_000354,PROD_001,1,2500
TICKET_000354,PROD_015,1,2800
TICKET_000354,PROD_009,1,5000
TICKET_000354,PROD_017,1,2800
TICKET_000355,PROD_001,1,2500
TICKET_000356,PROD_001,1,2500
TICKET_000357,PROD_024,1,3000
TICKET_000358,PROD_031,1,4500
TICKET_000359,PROD_001,1,2500
TICKET_000360,PROD_019,1,3200
TICKET_000360,PROD_012,1,3000
TICKET_000361,PROD_012,2,3000
TICKET_000361,PROD_024,1,3000
TICKET_000362,PROD_026,1,3500
TICKET_000363,PROD_035,1,7500
TICKET_000364,PROD_006,1,2500
TICKET_000365,PROD_019,1,3200
TICKET_000365,PROD_012,1,3000
TICKET_000365,PROD_031,1,4500
TICKET_000365,PROD_001,1,2500
TICKET_000366,PROD_002,1,3500
TICKET_000366,PROD_034,1,6500
TICKET_000367,PROD_012,1,3000
TICKET_000368,PROD_017,1,2800
TICKET_000369,PROD_010,1,3500
TICKET_000369,PROD_016,1,2500
TICKET_000369,PROD_023,1,3500
TICKET_000369,PROD_013,1,3500
TICKET_000370,PROD_003,1,4500
TICKET_000370,PROD_023,1,3500
TICKET_000370,PROD_018,1,2800
TICKET_000370,PROD_008,1,3200
TICKET_000371,PROD_012,1,3000
TICKET_000372,PROD_010,1,3500
TICKET_000372,PROD_016,1,2500
TICKET_000373,PROD_021,1,3500
TICKET_000373,PROD_009,1,5000
TICKET_000373,PROD_018,1,2800
TICKET_000374,PROD_006,1,2500
TICKET_000375,PROD_010,1,3500
TICKET_000375,PROD_016,1,2500
TICKET_000376,PROD_005,1,4000
TICKET_000377,PROD_001,1,2500
TICKET_000377,PROD_028,1,2000
TICKET_000377,PROD_031,1,4500
TICKET_000378,PROD_012,1,3000
TICKET_000379,PROD_027,1,2500
TICKET_000380,PROD_006,1,2500
TICKET_000380,PROD_028,1,2000
TICKET_000380,PROD_035,1,7500
TICKET_000380,PROD_018,1,2800
TICKET_000381,PROD_035,1,7500
TICKET_000381,PROD_021,1,3500
TICKET_000382,PROD_019,1,3200
TICKET_000382,PROD_012,1,3000
TICKET_000382,PROD_009,1,5000
TICKET_000383,PROD_006,1,2500
TICKET_000383,PROD_028,1,2000
TICKET_000384,PROD_015,1,2800
TICKET_000385,PROD_001,1,2500
TICKET_000385,PROD_033,1,1500
TICKET_000385,PROD_014,1,3800
TICKET_000386,PROD_031,1,4500
TICKET_000386,PROD_003,1,4500
TICKET_000387,PROD_010,1,3500
TICKET_000387,PROD_016,1,2500
TICKET_000388,PROD_024,1,3000
TICKET_000389,PROD_019,2,3200
TICKET_000389,PROD_012,1,3000
TICKET_000390,PROD_021,1,3500
TICKET_000391,PROD_002,1,3500
TICKET_000392,PROD_009,2,5000
TICKET_000393,PROD_013,1,3500
TICKET_000394,PROD_009,1,5000
TICKET_000395,PROD_001,1,2500
TICKET_000396,PROD_003,1,4500
TICKET_000396,PROD_023,1,3500
TICKET_000396,PROD_016,1,2500
TICKET_000397,PROD_034,1,6500
TICKET_000398,PROD_002,1,3500
TICKET_000398,PROD_026,2,3500
TICKET_000399,PROD_012,1,3000
TICKET_000399,PROD_024,1,3000
TICKET_000399,PROD_026,1,3500
TICKET_000400,PROD_004,1,4800
TICKET_000401,PROD_001,1,2500
TICKET_000402,PROD_035,1,7500
TICKET_000403,PROD_011,1,2500
TICKET_000404,PROD_001,2,2500
TICKET_000404,PROD_034,1,6500
TICKET_000405,PROD_019,1,3200
TICKET_000405,PROD_012,2,3000
TICKET_000406,PROD_006,1,2500
TICKET_000407,PROD_004,1,4800
TICKET_000408,PROD_003,1,4500
TICKET_000408,PROD_001,1,2500
TICKET_000408,PROD_015,1,2800
TICKET_000409,PROD_007,1,4500
TICKET_000410,PROD_010,1,3500
TICKET_000410,PROD_016,1,2500
TICKET_000411,PROD_021,1,3500
TICKET_000411,PROD_009,1,5000
TICKET_000412,PROD_034,1,6500
TICKET_000413,PROD_021,1,3500
TICKET_000413,PROD_009,1,5000
TICKET_000414,PROD_012,1,3000
TICKET_000415,PROD_013,1,3500
TICKET_000416,PROD_001,1,2500
TICKET_000416,PROD_015,1,2800
TICKET_000416,PROD_022,1,3500
TICKET_000417,PROD_021,1,3500
TICKET_000417,PROD_009,1,5000
TICKET_000417,PROD_003,1,4500
TICKET_000417,PROD_029,1,3000
TICKET_000418,PROD_010,1,3500
TICKET_000418,PROD_016,1,2500
TICKET_000418,PROD_023,1,3500
TICKET_000419,PROD_002,1,3500
TICKET_000419,PROD_034,1,6500
TICKET_000420,PROD_003,1,4500
TICKET_000420,PROD_023,1,3500
TICKET_000421,PROD_001,1,2500
TICKET_000421,PROD_029,1,3000
TICKET_000421,PROD_034,1,6500
TICKET_000422,PROD_001,1,2500
TICKET_000422,PROD_002,1,3500
TICKET_000423,PROD_001,1,2500
TICKET_000423,PROD_031,1,4500
TICKET_000423,PROD_002,1,3500
TICKET_000424,PROD_018,1,2800
TICKET_000424,PROD_019,1,3200
TICKET_000425,PROD_011,1,2500
TICKET_000426,PROD_021,1,3500
TICKET_000426,PROD_009,1,5000
TICKET_000427,PROD_021,1,3500
TICKET_000428,PROD_025,1,3500
TICKET_000428,PROD_003,1,4500
TICKET_000429,PROD_019,1,3200
TICKET_000430,PROD_012,2,3000
TICKET_000431,PROD_006,1,2500
TICKET_000431,PROD_028,1,2000
TICKET_000431,PROD_012,1,3000
TICKET_000431,PROD_018,1,2800
TICKET_000432,PROD_022,1,3500
TICKET_000433,PROD_001,1,2500
TICKET_000433,PROD_015,1,2800
TICKET_000433,PROD_019,1,3200
TICKET_000433,PROD_028,1,2000
TICKET_000434,PROD_012,1,3000
TICKET_000435,PROD_019,1,3200
TICKET_000436,PROD_033,1,1500
TICKET_000437,PROD_034,1,6500
TICKET_000438,PROD_018,1,2800
TICKET_000439,PROD_019,1,3200
TICKET_000439,PROD_028,1,2000
TICKET_000440,PROD_013,1,3500
TICKET_000441,PROD_006,1,2500
TICKET_000441,PROD_029,1,3000
TICKET_000441,PROD_031,1,4500
TICKET_000442,PROD_010,1,3500
TICKET_000442,PROD_016,1,2500
TICKET_000442,PROD_003,1,4500
TICKET_000443,PROD_031,1,4500
TICKET_000444,PROD_002,1,3500
TICKET_000445,PROD_011,1,2500
TICKET_000446,PROD_002,1,3500
TICKET_000446,PROD_017,1,2800
TICKET_000446,PROD_024,1,3000
TICKET_000447,PROD_003,1,4500
TICKET_000447,PROD_002,1,3500
TICKET_000448,PROD_001,2,2500
TICKET_000449,PROD_021,2,3500
TICKET_000449,PROD_027,1,2500
TICKET_000450,PROD_012,1,3000
TICKET_000450,PROD_024,1,3000
TICKET_000451,PROD_003,1,4500
TICKET_000451,PROD_023,1,3500
TICKET_000451,PROD_018,1,2800
TICKET_000451,PROD_007,1,4500
TICKET_000452,PROD_029,1,3000
TICKET_000453,PROD_012,1,3000
TICKET_000454,PROD_015,1,2800
TICKET_000455,PROD_027,1,2500
TICKET_000456,PROD_021,1,3500
TICKET_000456,PROD_009,1,5000
TICKET_000456,PROD_029,1,3000
TICKET_000456,PROD_023,1,3500
TICKET_000457,PROD_029,1,3000
TICKET_000458,PROD_026,1,3500
TICKET_000458,PROD_035,1,7500
TICKET_000459,PROD_010,1,3500
TICKET_000459,PROD_016,1,2500
TICKET_000460,PROD_010,1,3500
TICKET_000460,PROD_016,1,2500
TICKET_000461,PROD_010,1,3500
TICKET_000462,PROD_010,1,3500
TICKET_000463,PROD_012,1,3000
TICKET_000463,PROD_024,1,3000
TICKET_000463,PROD_020,1,3200
TICKET_000464,PROD_019,1,3200
TICKET_000464,PROD_012,1,3000
TICKET_000465,PROD_021,1,3500
TICKET_000465,PROD_009,1,5000
TICKET_000466,PROD_019,1,3200
TICKET_000466,PROD_012,1,3000
TICKET_000467,PROD_001,1,2500
TICKET_000467,PROD_015,1,2800
TICKET_000467,PROD_006,1,2500
TICKET_000468,PROD_002,1,3500
TICKET_000468,PROD_017,1,2800
TICKET_000469,PROD_019,1,3200
TICKET_000469,PROD_017,1,2800
TICKET_000470,PROD_003,1,4500
TICKET_000471,PROD_031,1,4500
TICKET_000471,PROD_003,1,4500
TICKET_000472,PROD_018,1,2800
TICKET_000473,PROD_017,1,2800
TICKET_000474,PROD_001,1,2500
TICKET_000475,PROD_003,1,4500
TICKET_000475,PROD_023,1,3500
TICKET_000476,PROD_015,1,2800
TICKET_000477,PROD_031,1,4500
TICKET_000477,PROD_003,1,4500
TICKET_000478,PROD_001,1,2500
TICKET_000478,PROD_015,1,2800
TICKET_000479,PROD_023,1,3500
TICKET_000480,PROD_010,1,3500
TICKET_000481,PROD_001,2,2500
TICKET_000482,PROD_006,1,2500
TICKET_000482,PROD_028,1,2000
TICKET_000483,PROD_006,1,2500
TICKET_000484,PROD_010,1,3500
TICKET_000484,PROD_016,1,2500
TICKET_000485,PROD_006,1,2500
TICKET_000485,PROD_033,1,1500
TICKET_000485,PROD_029,1,3000
TICKET_000486,PROD_008,1,3200
TICKET_000487,PROD_021,1,3500
TICKET_000488,PROD_010,1,3500
TICKET_000488,PROD_012,1,3000
TICKET_000488,PROD_026,1,3500
TICKET_000489,PROD_019,1,3200
TICKET_000490,PROD_033,1,1500
TICKET_000491,PROD_022,1,3500
TICKET_000491,PROD_034,1,6500
TICKET_000492,PROD_018,1,2800
TICKET_000493,PROD_021,1,3500
TICKET_000494,PROD_002,1,3500
TICKET_000494,PROD_017,1,2800
TICKET_000495,PROD_006,1,2500
TICKET_000495,PROD_028,1,2000
TICKET_000495,PROD_005,1,4000
TICKET_000495,PROD_001,1,2500
TICKET_000496,PROD_008,1,3200
TICKET_000497,PROD_011,1,2500
TICKET_000498,PROD_019,1,3200
TICKET_000498,PROD_012,1,3000
TICKET_000498,PROD_013,1,3500
TICKET_000498,PROD_002,1,3500
TICKET_000499,PROD_010,1,3500
TICKET_000499,PROD_016,1,2500
TICKET_000500,PROD_024,1,3000
TICKET_000501,PROD_010,1,3500
TICKET_000502,PROD_012,1,3000
TICKET_000503,PROD_031,1,4500
TICKET_000503,PROD_003,1,4500
TICKET_000504,PROD_003,1,4500
TICKET_000505,PROD_001,1,2500
TICKET_000506,PROD_034,1,6500
TICKET_000507,PROD_019,1,3200
TICKET_000507,PROD_012,1,3000
TICKET_000507,PROD_031,1,4500
TICKET_000508,PROD_025,1,3500
TICKET_000509,PROD_033,1,1500
TICKET_000510,PROD_006,1,2500
TICKET_000510,PROD_028,1,2000
TICKET_000511,PROD_019,1,3200
TICKET_000511,PROD_024,1,3000
TICKET_000512,PROD_001,2,2500
TICKET_000512,PROD_003,1,4500
TICKET_000513,PROD_019,1,3200
TICKET_000513,PROD_012,1,3000
TICKET_000513,PROD_026,1,3500
TICKET_000514,PROD_012,1,3000
TICKET_000514,PROD_020,1,3200
TICKET_000515,PROD_002,1,3500
TICKET_000515,PROD_017,1,2800
TICKET_000515,PROD_008,1,3200
TICKET_000516,PROD_019,1,3200
TICKET_000517,PROD_021,1,3500
TICKET_000517,PROD_009,1,5000
TICKET_000518,PROD_031,1,4500
TICKET_000518,PROD_013,1,3500
TICKET_000518,PROD_016,1,2500
TICKET_000519,PROD_023,1,3500
TICKET_000520,PROD_003,1,4500
TICKET_000520,PROD_026,1,3500
TICKET_000521,PROD_024,1,3000
TICKET_000521,PROD_003,1,4500
TICKET_000522,PROD_031,1,4500
TICKET_000523,PROD_012,1,3000
TICKET_000523,PROD_024,1,3000
TICKET_000524,PROD_026,1,3500
TICKET_000525,PROD_031,1,4500
TICKET_000526,PROD_006,1,2500
TICKET_000526,PROD_028,1,2000
TICKET_000527,PROD_004,1,4800
TICKET_000527,PROD_030,1,4500
TICKET_000528,PROD_032,1,2500
TICKET_000529,PROD_030,1,4500
TICKET_000530,PROD_010,1,3500
TICKET_000530,PROD_016,1,2500
TICKET_000530,PROD_029,1,3000
TICKET_000531,PROD_003,1,4500
TICKET_000532,PROD_006,1,2500
TICKET_000532,PROD_028,1,2000
TICKET_000533,PROD_006,1,2500
TICKET_000533,PROD_025,1,3500
TICKET_000534,PROD_003,1,4500
TICKET_000534,PROD_023,1,3500
TICKET_000535,PROD_003,1,4500
TICKET_000536,PROD_010,1,3500
TICKET_000536,PROD_016,1,2500
TICKET_000536,PROD_001,1,2500
TICKET_000537,PROD_004,1,4800
TICKET_000538,PROD_001,2,2500
TICKET_000538,PROD_008,1,3200
TICKET_000539,PROD_019,1,3200
TICKET_000539,PROD_012,1,3000
TICKET_000540,PROD_016,1,2500
TICKET_000541,PROD_019,1,3200
TICKET_000542,PROD_020,1,3200
TICKET_000543,PROD_003,1,4500
TICKET_000543,PROD_023,1,3500
TICKET_000544,PROD_021,1,3500
TICKET_000544,PROD_009,1,5000
TICKET_000544,PROD_033,1,1500
TICKET_000544,PROD_010,1,3500
TICKET_000545,PROD_004,1,4800
TICKET_000546,PROD_019,1,3200
TICKET_000546,PROD_012,1,3000
TICKET_000547,PROD_001,2,2500
TICKET_000548,PROD_014,1,3800
TICKET_000549,PROD_001,1,2500
TICKET_000549,PROD_029,1,3000
TICKET_000550,PROD_033,1,1500
TICKET_000551,PROD_018,1,2800
TICKET_000552,PROD_003,1,4500
TICKET_000553,PROD_002,1,3500
TICKET_000553,PROD_017,1,2800
TICKET_000553,PROD_008,1,3200
TICKET_000554,PROD_016,1,2500
TICKET_000555,PROD_006,1,2500
TICKET_000556,PROD_006,1,2500
TICKET_000556,PROD_031,1,4500
TICKET_000556,PROD_017,1,2800
TICKET_000557,PROD_002,1,3500
TICKET_000557,PROD_033,1,1500
TICKET_000558,PROD_019,1,3200
TICKET_000558,PROD_012,1,3000
TICKET_000559,PROD_014,1,3800
TICKET_000560,PROD_021,1,3500
TICKET_000561,PROD_002,1,3500
TICKET_000561,PROD_017,1,2800
TICKET_000562,PROD_001,1,2500
TICKET_000563,PROD_019,1,3200
TICKET_000563,PROD_012,1,3000
TICKET_000564,PROD_035,1,7500
TICKET_000565,PROD_033,1,1500
TICKET_000565,PROD_020,1,3200
TICKET_000566,PROD_006,1,2500
TICKET_000566,PROD_028,1,2000
TICKET_000567,PROD_026,1,3500
TICKET_000568,PROD_001,1,2500
TICKET_000569,PROD_010,1,3500
TICKET_000569,PROD_016,1,2500
TICKET_000569,PROD_024,1,3000
TICKET_000570,PROD_018,1,2800
TICKET_000570,PROD_026,1,3500
TICKET_000571,PROD_021,1,3500
TICKET_000571,PROD_009,1,5000
TICKET_000572,PROD_006,1,2500
TICKET_000572,PROD_028,1,2000
TICKET_000573,PROD_012,1,3000
TICKET_000574,PROD_012,1,3000
TICKET_000574,PROD_024,1,3000
TICKET_000574,PROD_019,1,3200
TICKET_000574,PROD_004,1,4800
TICKET_000575,PROD_012,1,3000
TICKET_000576,PROD_006,1,2500
TICKET_000577,PROD_028,1,2000
TICKET_000578,PROD_006,1,2500
TICKET_000578,PROD_028,1,2000
TICKET_000579,PROD_002,1,3500
TICKET_000579,PROD_017,1,2800
TICKET_000580,PROD_023,1,3500
TICKET_000581,PROD_012,1,3000
TICKET_000581,PROD_024,1,3000
TICKET_000581,PROD_021,1,3500
TICKET_000582,PROD_003,1,4500
TICKET_000582,PROD_023,1,3500
TICKET_000582,PROD_025,1,3500
TICKET_000583,PROD_031,1,4500
TICKET_000583,PROD_003,1,4500
TICKET_000584,PROD_010,1,3500
TICKET_000584,PROD_016,1,2500
TICKET_000585,PROD_030,1,4500
TICKET_000586,PROD_026,1,3500
TICKET_000587,PROD_012,1,3000
TICKET_000588,PROD_019,1,3200
TICKET_000588,PROD_012,1,3000
TICKET_000588,PROD_005,1,4000
TICKET_000588,PROD_028,1,2000
TICKET_000589,PROD_015,1,2800
TICKET_000590,PROD_003,1,4500
TICKET_000590,PROD_023,1,3500
TICKET_000591,PROD_012,1,3000
TICKET_000592,PROD_021,1,3500
TICKET_000593,PROD_010,1,3500
TICKET_000593,PROD_016,1,2500
TICKET_000593,PROD_007,1,4500
TICKET_000594,PROD_012,1,3000
TICKET_000594,PROD_024,1,3000
TICKET_000595,PROD_021,1,3500
TICKET_000595,PROD_009,1,5000
TICKET_000596,PROD_019,1,3200
TICKET_000596,PROD_012,1,3000
TICKET_000596,PROD_018,1,2800
TICKET_000597,PROD_001,2,2500
TICKET_000598,PROD_031,1,4500
TICKET_000598,PROD_003,1,4500
TICKET_000599,PROD_006,1,2500
TICKET_000599,PROD_028,1,2000
TICKET_000600,PROD_028,1,2000
TICKET_000601,PROD_006,1,2500
TICKET_000601,PROD_028,1,2000
TICKET_000602,PROD_026,1,3500
TICKET_000603,PROD_019,1,3200
TICKET_000604,PROD_006,1,2500
TICKET_000604,PROD_012,1,3000
TICKET_000604,PROD_025,1,3500
TICKET_000605,PROD_022,1,3500
TICKET_000606,PROD_031,1,4500
TICKET_000606,PROD_002,1,3500
TICKET_000607,PROD_001,1,2500
TICKET_000608,PROD_001,1,2500
TICKET_000608,PROD_034,1,6500
TICKET_000608,PROD_035,1,7500
TICKET_000609,PROD_034,1,6500
TICKET_000610,PROD_003,1,4500
TICKET_000610,PROD_023,1,3500
TICKET_000610,PROD_009,1,5000
TICKET_000610,PROD_017,1,2800
TICKET_000611,PROD_021,1,3500
TICKET_000612,PROD_019,1,3200
TICKET_000613,PROD_006,1,2500
TICKET_000613,PROD_028,1,2000
TICKET_000614,PROD_010,1,3500
TICKET_000614,PROD_016,1,2500
TICKET_000615,PROD_001,1,2500
TICKET_000615,PROD_015,1,2800
TICKET_000616,PROD_010,2,3500
TICKET_000617,PROD_031,1,4500
TICKET_000617,PROD_003,1,4500
TICKET_000618,PROD_031,1,4500
TICKET_000619,PROD_002,1,3500
TICKET_000619,PROD_017,1,2800
TICKET_000619,PROD_029,1,3000
TICKET_000620,PROD_029,1,3000
TICKET_000621,PROD_008,1,3200
TICKET_000622,PROD_012,1,3000
TICKET_000622,PROD_025,1,3500
TICKET_000623,PROD_021,1,3500
TICKET_000623,PROD_009,1,5000
TICKET_000624,PROD_019,1,3200
TICKET_000624,PROD_035,1,7500
TICKET_000625,PROD_028,1,2000
TICKET_000626,PROD_008,1,3200
TICKET_000627,PROD_029,2,3000
TICKET_000628,PROD_025,1,3500
TICKET_000629,PROD_002,1,3500
TICKET_000629,PROD_017,1,2800
TICKET_000629,PROD_034,1,6500
TICKET_000630,PROD_012,1,3000
TICKET_000631,PROD_010,1,3500
TICKET_000631,PROD_016,1,2500
TICKET_000632,PROD_034,1,6500
TICKET_000632,PROD_011,1,2500
TICKET_000633,PROD_031,1,4500
TICKET_000634,PROD_021,1,3500
TICKET_000634,PROD_009,1,5000
TICKET_000635,PROD_002,1,3500
TICKET_000635,PROD_017,1,2800
TICKET_000636,PROD_003,1,4500
TICKET_000637,PROD_002,1,3500
TICKET_000637,PROD_017,1,2800
TICKET_000638,PROD_015,1,2800
TICKET_000639,PROD_032,1,2500
TICKET_000640,PROD_014,1,3800
TICKET_000641,PROD_021,1,3500
TICKET_000641,PROD_009,1,5000
TICKET_000642,PROD_025,1,3500
TICKET_000642,PROD_004,1,4800
TICKET_000643,PROD_003,1,4500
TICKET_000643,PROD_023,1,3500
TICKET_000644,PROD_019,1,3200
TICKET_000644,PROD_012,1,3000
TICKET_000645,PROD_026,1,3500
TICKET_000645,PROD_008,1,3200
TICKET_000646,PROD_001,1,2500
TICKET_000646,PROD_015,1,2800
TICKET_000647,PROD_003,1,4500
TICKET_000647,PROD_023,1,3500
TICKET_000648,PROD_032,1,2500
TICKET_000648,PROD_028,1,2000
TICKET_000649,PROD_007,1,4500
TICKET_000650,PROD_003,1,4500
TICKET_000650,PROD_026,1,3500
TICKET_000651,PROD_006,1,2500
TICKET_000652,PROD_004,1,4800
TICKET_000652,PROD_019,1,3200
TICKET_000653,PROD_021,1,3500
TICKET_000653,PROD_026,1,3500
TICKET_000653,PROD_019,1,3200
TICKET_000654,PROD_001,2,2500
TICKET_000654,PROD_004,1,4800
TICKET_000655,PROD_021,1,3500
TICKET_000656,PROD_019,1,3200
TICKET_000656,PROD_012,1,3000
TICKET_000657,PROD_029,1,3000
TICKET_000657,PROD_032,1,2500
TICKET_000658,PROD_002,1,3500
TICKET_000658,PROD_017,1,2800
TICKET_000659,PROD_019,1,3200
TICKET_000659,PROD_013,1,3500
TICKET_000660,PROD_001,1,2500
TICKET_000660,PROD_015,1,2800
TICKET_000661,PROD_005,1,4000
TICKET_000662,PROD_021,1,3500
TICKET_000662,PROD_009,1,5000
TICKET_000662,PROD_012,1,3000
TICKET_000663,PROD_006,1,2500
TICKET_000663,PROD_023,1,3500
TICKET_000663,PROD_029,1,3000
TICKET_000664,PROD_007,1,4500
TICKET_000665,PROD_010,1,3500
TICKET_000665,PROD_016,1,2500
TICKET_000666,PROD_007,1,4500
TICKET_000667,PROD_006,1,2500
TICKET_000668,PROD_021,1,3500
TICKET_000668,PROD_009,1,5000
TICKET_000668,PROD_008,1,3200
TICKET_000669,PROD_031,1,4500
TICKET_000669,PROD_003,1,4500
TICKET_000669,PROD_005,1,4000
TICKET_000669,PROD_035,1,7500
TICKET_000670,PROD_019,1,3200
TICKET_000671,PROD_006,1,2500
TICKET_000672,PROD_015,1,2800
TICKET_000673,PROD_012,1,3000
TICKET_000673,PROD_024,1,3000
TICKET_000674,PROD_012,1,3000
TICKET_000675,PROD_035,1,7500
TICKET_000675,PROD_028,1,2000
TICKET_000676,PROD_013,1,3500
TICKET_000676,PROD_002,1,3500
TICKET_000677,PROD_016,1,2500
TICKET_000678,PROD_001,1,2500
TICKET_000679,PROD_014,1,3800
TICKET_000679,PROD_017,1,2800
TICKET_000680,PROD_024,1,3000
TICKET_000681,PROD_006,1,2500
TICKET_000681,PROD_028,1,2000
TICKET_000682,PROD_010,1,3500
TICKET_000682,PROD_016,1,2500
TICKET_000682,PROD_031,1,4500
TICKET_000683,PROD_002,1,3500
TICKET_000683,PROD_017,1,2800
TICKET_000684,PROD_002,1,3500
TICKET_000685,PROD_001,1,2500
TICKET_000686,PROD_021,1,3500
TICKET_000686,PROD_015,1,2800
TICKET_000687,PROD_003,1,4500
TICKET_000687,PROD_023,1,3500
TICKET_000687,PROD_004,1,4800
TICKET_000688,PROD_003,1,4500
TICKET_000688,PROD_023,1,3500
TICKET_000688,PROD_035,1,7500
TICKET_000689,PROD_031,1,4500
TICKET_000689,PROD_003,1,4500
TICKET_000690,PROD_002,1,3500
TICKET_000690,PROD_017,1,2800
TICKET_000690,PROD_013,1,3500
TICKET_000691,PROD_019,1,3200
TICKET_000691,PROD_012,1,3000
TICKET_000692,PROD_021,1,3500
TICKET_000692,PROD_011,1,2500
TICKET_000692,PROD_031,1,4500
TICKET_000693,PROD_031,1,4500
TICKET_000693,PROD_003,1,4500
TICKET_000694,PROD_031,1,4500
TICKET_000695,PROD_026,1,3500
TICKET_000696,PROD_001,2,2500
TICKET_000697,PROD_019,1,3200
TICKET_000697,PROD_012,1,3000
TICKET_000698,PROD_019,1,3200
TICKET_000698,PROD_012,1,3000
TICKET_000698,PROD_035,1,7500
TICKET_000699,PROD_006,1,2500
TICKET_000699,PROD_028,1,2000
TICKET_000699,PROD_016,1,2500
TICKET_000700,PROD_031,1,4500
TICKET_000700,PROD_003,1,4500
TICKET_000701,PROD_010,1,3500
TICKET_000701,PROD_018,1,2800
TICKET_000702,PROD_021,1,3500
TICKET_000703,PROD_006,1,2500
TICKET_000703,PROD_028,1,2000
TICKET_000703,PROD_024,1,3000
TICKET_000703,PROD_033,1,1500
TICKET_000704,PROD_007,1,4500
TICKET_000705,PROD_019,1,3200
TICKET_000705,PROD_012,1,3000
TICKET_000706,PROD_001,1,2500
TICKET_000707,PROD_011,1,2500
TICKET_000707,PROD_001,1,2500
TICKET_000708,PROD_019,1,3200
TICKET_000709,PROD_025,1,3500
TICKET_000709,PROD_012,1,3000
TICKET_000710,PROD_006,1,2500
TICKET_000710,PROD_008,1,3200
TICKET_000710,PROD_029,1,3000
TICKET_000711,PROD_012,1,3000
TICKET_000711,PROD_024,1,3000
TICKET_000711,PROD_023,1,3500
TICKET_000711,PROD_026,1,3500
TICKET_000712,PROD_019,1,3200
TICKET_000712,PROD_012,2,3000
TICKET_000712,PROD_008,1,3200
TICKET_000713,PROD_012,1,3000
TICKET_000714,PROD_021,1,3500
TICKET_000714,PROD_009,1,5000
TICKET_000714,PROD_024,1,3000
TICKET_000715,PROD_001,2,2500
TICKET_000715,PROD_024,1,3000
TICKET_000716,PROD_003,1,4500
TICKET_000717,PROD_002,1,3500
TICKET_000717,PROD_017,1,2800
TICKET_000717,PROD_031,1,4500
TICKET_000718,PROD_023,1,3500
TICKET_000719,PROD_001,1,2500
TICKET_000719,PROD_015,1,2800
TICKET_000719,PROD_010,1,3500
TICKET_000719,PROD_007,1,4500
TICKET_000720,PROD_004,1,4800
TICKET_000721,PROD_006,1,2500
TICKET_000721,PROD_028,1,2000
TICKET_000721,PROD_016,1,2500
TICKET_000721,PROD_026,1,3500
TICKET_000722,PROD_021,1,3500
TICKET_000723,PROD_002,1,3500
TICKET_000723,PROD_017,1,2800
TICKET_000724,PROD_001,1,2500
TICKET_000725,PROD_019,1,3200
TICKET_000726,PROD_019,1,3200
TICKET_000726,PROD_012,1,3000
TICKET_000726,PROD_010,1,3500
TICKET_000727,PROD_019,1,3200
TICKET_000727,PROD_012,1,3000
TICKET_000728,PROD_002,1,3500
TICKET_000728,PROD_017,2,2800
TICKET_000728,PROD_026,1,3500
TICKET_000729,PROD_003,1,4500
TICKET_000729,PROD_020,1,3200
TICKET_000730,PROD_003,1,4500
TICKET_000730,PROD_023,1,3500
TICKET_000730,PROD_026,1,3500
TICKET_000731,PROD_002,1,3500
TICKET_000731,PROD_018,1,2800
TICKET_000731,PROD_021,1,3500
TICKET_000732,PROD_006,1,2500
TICKET_000733,PROD_009,1,5000
TICKET_000734,PROD_010,1,3500
TICKET_000734,PROD_016,1,2500
TICKET_000734,PROD_007,1,4500
TICKET_000735,PROD_003,1,4500
TICKET_000736,PROD_031,1,4500
TICKET_000736,PROD_003,1,4500
TICKET_000736,PROD_012,1,3000
TICKET_000737,PROD_010,1,3500
TICKET_000738,PROD_003,1,4500
TICKET_000738,PROD_023,1,3500
TICKET_000738,PROD_010,1,3500
TICKET_000739,PROD_005,1,4000
TICKET_000740,PROD_003,1,4500
TICKET_000740,PROD_023,1,3500
TICKET_000740,PROD_035,1,7500
TICKET_000741,PROD_034,1,6500
TICKET_000742,PROD_021,1,3500
TICKET_000743,PROD_001,1,2500
TICKET_000743,PROD_015,1,2800
TICKET_000743,PROD_004,1,4800
TICKET_000744,PROD_001,1,2500
TICKET_000745,PROD_035,1,7500
TICKET_000746,PROD_021,1,3500
TICKET_000747,PROD_012,1,3000
TICKET_000747,PROD_024,1,3000
TICKET_000748,PROD_035,1,7500
TICKET_000749,PROD_012,1,3000
TICKET_000749,PROD_024,1,3000
TICKET_000749,PROD_020,1,3200
TICKET_000750,PROD_010,1,3500
TICKET_000751,PROD_006,1,2500
TICKET_000751,PROD_028,1,2000
TICKET_000751,PROD_002,1,3500
TICKET_000752,PROD_001,2,2500
TICKET_000752,PROD_029,1,3000
TICKET_000753,PROD_023,1,3500
TICKET_000754,PROD_030,1,4500
TICKET_000755,PROD_003,1,4500
TICKET_000755,PROD_023,1,3500
TICKET_000756,PROD_019,1,3200
TICKET_000756,PROD_012,1,3000
TICKET_000756,PROD_030,1,4500
TICKET_000756,PROD_023,1,3500
TICKET_000757,PROD_019,1,3200
TICKET_000757,PROD_012,1,3000
TICKET_000758,PROD_006,2,2500
TICKET_000758,PROD_015,1,2800
TICKET_000759,PROD_003,1,4500
TICKET_000759,PROD_008,1,3200
TICKET_000760,PROD_024,1,3000
TICKET_000761,PROD_010,1,3500
TICKET_000761,PROD_016,1,2500
TICKET_000762,PROD_031,1,4500
TICKET_000763,PROD_001,1,2500
TICKET_000763,PROD_029,1,3000
TICKET_000764,PROD_001,1,2500
TICKET_000764,PROD_015,1,2800
TICKET_000765,PROD_019,1,3200
TICKET_000765,PROD_018,1,2800
TICKET_000766,PROD_001,1,2500
TICKET_000766,PROD_015,1,2800
TICKET_000767,PROD_003,2,4500
TICKET_000767,PROD_023,1,3500
TICKET_000768,PROD_022,1,3500
TICKET_000769,PROD_021,1,3500
TICKET_000769,PROD_009,1,5000
TICKET_000769,PROD_019,1,3200
TICKET_000769,PROD_010,1,3500
TICKET_000770,PROD_031,1,4500
TICKET_000770,PROD_008,1,3200
TICKET_000771,PROD_006,1,2500
TICKET_000771,PROD_023,1,3500
TICKET_000771,PROD_007,1,4500
TICKET_000772,PROD_018,1,2800
TICKET_000773,PROD_031,1,4500
TICKET_000773,PROD_003,1,4500
TICKET_000773,PROD_011,1,2500
TICKET_000774,PROD_008,1,3200
TICKET_000775,PROD_034,1,6500
TICKET_000776,PROD_006,1,2500
TICKET_000776,PROD_028,1,2000
TICKET_000776,PROD_018,1,2800
TICKET_000776,PROD_034,1,6500
TICKET_000777,PROD_001,1,2500
TICKET_000778,PROD_015,1,2800
TICKET_000779,PROD_002,1,3500
TICKET_000779,PROD_017,1,2800
TICKET_000779,PROD_016,1,2500
TICKET_000780,PROD_001,1,2500
TICKET_000780,PROD_015,1,2800
TICKET_000781,PROD_002,1,3500
TICKET_000781,PROD_017,1,2800
TICKET_000782,PROD_009,1,5000
TICKET_000783,PROD_010,1,3500
TICKET_000783,PROD_005,1,4000
TICKET_000783,PROD_025,1,3500
TICKET_000784,PROD_010,1,3500
TICKET_000784,PROD_016,1,2500
TICKET_000785,PROD_001,2,2500
TICKET_000785,PROD_003,1,4500
TICKET_000786,PROD_009,1,5000
TICKET_000787,PROD_029,1,3000
TICKET_000788,PROD_001,2,2500
TICKET_000788,PROD_013,1,3500
TICKET_000789,PROD_012,1,3000
TICKET_000789,PROD_024,1,3000
TICKET_000789,PROD_035,1,7500
TICKET_000789,PROD_008,1,3200
TICKET_000790,PROD_029,1,3000
TICKET_000791,PROD_003,2,4500
TICKET_000791,PROD_023,1,3500
TICKET_000791,PROD_013,1,3500
TICKET_000792,PROD_010,1,3500
TICKET_000793,PROD_013,1,3500
TICKET_000794,PROD_012,1,3000
TICKET_000794,PROD_027,1,2500
TICKET_000795,PROD_024,1,3000
TICKET_000796,PROD_002,1,3500
TICKET_000797,PROD_021,1,3500
TICKET_000797,PROD_009,1,5000
TICKET_000798,PROD_007,1,4500
TICKET_000798,PROD_026,1,3500
TICKET_000799,PROD_031,1,4500
TICKET_000800,PROD_019,1,3200
TICKET_000801,PROD_031,1,4500
TICKET_000801,PROD_003,1,4500
TICKET_000801,PROD_030,1,4500
TICKET_000802,PROD_001,1,2500
TICKET_000802,PROD_015,1,2800
TICKET_000803,PROD_003,1,4500
TICKET_000803,PROD_015,1,2800
TICKET_000803,PROD_026,1,3500
TICKET_000804,PROD_026,1,3500
TICKET_000805,PROD_001,2,2500
TICKET_000805,PROD_016,1,2500
TICKET_000805,PROD_007,1,4500
TICKET_000806,PROD_003,1,4500
TICKET_000806,PROD_023,1,3500
TICKET_000807,PROD_009,1,5000
TICKET_000808,PROD_022,1,3500
TICKET_000809,PROD_031,1,4500
TICKET_000809,PROD_003,1,4500
TICKET_000809,PROD_025,1,3500
TICKET_000810,PROD_012,1,3000
TICKET_000811,PROD_003,1,4500
TICKET_000811,PROD_023,1,3500
TICKET_000811,PROD_004,1,4800
TICKET_000811,PROD_005,1,4000
TICKET_000812,PROD_022,1,3500
TICKET_000812,PROD_004,1,4800
TICKET_000813,PROD_002,1,3500
TICKET_000813,PROD_017,1,2800
TICKET_000813,PROD_025,1,3500
TICKET_000814,PROD_021,1,3500
TICKET_000815,PROD_001,1,2500
TICKET_000815,PROD_015,1,2800
TICKET_000816,PROD_003,1,4500
TICKET_000816,PROD_023,1,3500
TICKET_000817,PROD_002,1,3500
TICKET_000817,PROD_017,1,2800
TICKET_000818,PROD_010,1,3500
TICKET_000818,PROD_016,1,2500
TICKET_000819,PROD_021,1,3500
TICKET_000820,PROD_008,1,3200
TICKET_000820,PROD_026,1,3500
TICKET_000821,PROD_003,1,4500
TICKET_000821,PROD_023,1,3500
TICKET_000822,PROD_023,1,3500
TICKET_000823,PROD_019,1,3200
TICKET_000823,PROD_012,1,3000
TICKET_000823,PROD_032,1,2500
TICKET_000824,PROD_010,1,3500
TICKET_000824,PROD_016,1,2500
TICKET_000824,PROD_027,1,2500
TICKET_000825,PROD_001,1,2500
TICKET_000825,PROD_015,1,2800
TICKET_000825,PROD_021,1,3500
TICKET_000826,PROD_031,1,4500
TICKET_000826,PROD_003,1,4500
TICKET_000827,PROD_020,1,3200
TICKET_000828,PROD_012,1,3000
TICKET_000828,PROD_024,1,3000
TICKET_000829,PROD_010,1,3500
TICKET_000829,PROD_016,1,2500
TICKET_000829,PROD_013,1,3500
TICKET_000829,PROD_009,1,5000
TICKET_000830,PROD_003,1,4500
TICKET_000831,PROD_003,1,4500
TICKET_000831,PROD_023,1,3500
TICKET_000832,PROD_031,1,4500
TICKET_000832,PROD_003,1,4500
TICKET_000833,PROD_003,1,4500
TICKET_000834,PROD_019,1,3200
TICKET_000834,PROD_012,1,3000
TICKET_000835,PROD_015,1,2800
TICKET_000836,PROD_003,1,4500
TICKET_000836,PROD_023,1,3500
TICKET_000836,PROD_025,1,3500
TICKET_000837,PROD_031,1,4500
TICKET_000837,PROD_004,1,4800
TICKET_000838,PROD_010,1,3500
TICKET_000839,PROD_001,2,2500
TICKET_000839,PROD_035,1,7500
TICKET_000840,PROD_001,2,2500
TICKET_000841,PROD_012,1,3000
TICKET_000841,PROD_024,1,3000
TICKET_000842,PROD_010,1,3500
TICKET_000842,PROD_012,1,3000
TICKET_000843,PROD_001,1,2500
TICKET_000843,PROD_015,1,2800
TICKET_000844,PROD_025,1,3500
TICKET_000844,PROD_005,1,4000
TICKET_000845,PROD_001,1,2500
TICKET_000845,PROD_024,1,3000
TICKET_000845,PROD_003,1,4500
TICKET_000846,PROD_031,1,4500
TICKET_000846,PROD_025,1,3500
TICKET_000846,PROD_009,1,5000
TICKET_000847,PROD_001,1,2500
TICKET_000848,PROD_019,1,3200
TICKET_000848,PROD_012,1,3000
TICKET_000848,PROD_028,1,2000
TICKET_000848,PROD_013,1,3500
TICKET_000849,PROD_012,1,3000
TICKET_000850,PROD_012,1,3000
TICKET_000850,PROD_013,1,3500
TICKET_000851,PROD_006,1,2500
TICKET_000851,PROD_028,1,2000
TICKET_000852,PROD_019,1,3200
TICKET_000852,PROD_012,1,3000
TICKET_000852,PROD_032,1,2500
TICKET_000852,PROD_017,1,2800
TICKET_000853,PROD_035,1,7500
TICKET_000854,PROD_033,1,1500
TICKET_000855,PROD_001,1,2500
TICKET_000855,PROD_015,1,2800
TICKET_000856,PROD_032,1,2500
TICKET_000857,PROD_001,2,2500
TICKET_000857,PROD_011,1,2500
TICKET_000857,PROD_031,1,4500
TICKET_000858,PROD_011,1,2500
TICKET_000859,PROD_027,1,2500
TICKET_000860,PROD_016,1,2500
TICKET_000861,PROD_024,1,3000
TICKET_000862,PROD_006,1,2500
TICKET_000862,PROD_028,1,2000
TICKET_000863,PROD_021,1,3500
TICKET_000863,PROD_009,1,5000
TICKET_000864,PROD_003,1,4500
TICKET_000865,PROD_021,1,3500
TICKET_000865,PROD_009,2,5000
TICKET_000866,PROD_001,1,2500
TICKET_000867,PROD_002,1,3500
TICKET_000868,PROD_027,1,2500
TICKET_000869,PROD_012,1,3000
TICKET_000870,PROD_034,1,6500
TICKET_000871,PROD_010,1,3500
TICKET_000871,PROD_018,1,2800
TICKET_000872,PROD_001,1,2500
TICKET_000872,PROD_015,1,2800
TICKET_000872,PROD_010,1,3500
TICKET_000872,PROD_018,1,2800
TICKET_000873,PROD_003,1,4500
TICKET_000874,PROD_006,1,2500
TICKET_000875,PROD_006,1,2500
TICKET_000875,PROD_009,1,5000
TICKET_000876,PROD_006,1,2500
TICKET_000876,PROD_028,2,2000
TICKET_000876,PROD_009,1,5000
TICKET_000877,PROD_006,1,2500
TICKET_000877,PROD_020,1,3200
TICKET_000878,PROD_009,1,5000
TICKET_000879,PROD_021,1,3500
TICKET_000879,PROD_009,1,5000
TICKET_000880,PROD_021,1,3500
TICKET_000880,PROD_009,1,5000
TICKET_000880,PROD_007,1,4500
TICKET_000880,PROD_022,1,3500
TICKET_000881,PROD_001,1,2500
TICKET_000882,PROD_029,1,3000
TICKET_000883,PROD_004,1,4800
TICKET_000884,PROD_010,1,3500
TICKET_000884,PROD_016,1,2500
TICKET_000884,PROD_003,1,4500
TICKET_000884,PROD_009,1,5000
TICKET_000885,PROD_012,1,3000
TICKET_000886,PROD_006,1,2500
TICKET_000886,PROD_028,1,2000
TICKET_000886,PROD_035,1,7500
TICKET_000887,PROD_010,1,3500
TICKET_000887,PROD_034,1,6500
TICKET_000888,PROD_001,1,2500
TICKET_000888,PROD_015,1,2800
TICKET_000888,PROD_018,1,2800
TICKET_000889,PROD_004,1,4800
TICKET_000890,PROD_026,2,3500
TICKET_000891,PROD_031,1,4500
TICKET_000891,PROD_003,1,4500
TICKET_000892,PROD_028,1,2000
TICKET_000893,PROD_010,1,3500
TICKET_000893,PROD_016,1,2500
TICKET_000893,PROD_027,1,2500
TICKET_000894,PROD_012,1,3000
TICKET_000895,PROD_006,1,2500
TICKET_000895,PROD_028,1,2000
TICKET_000895,PROD_007,1,4500
TICKET_000896,PROD_012,1,3000
TICKET_000897,PROD_009,1,5000
TICKET_000897,PROD_012,1,3000
TICKET_000898,PROD_018,1,2800
TICKET_000898,PROD_015,1,2800
TICKET_000899,PROD_024,1,3000
TICKET_000900,PROD_001,1,2500
TICKET_000900,PROD_015,1,2800
TICKET_000900,PROD_034,1,6500
TICKET_000901,PROD_021,1,3500
TICKET_000901,PROD_008,1,3200
TICKET_000902,PROD_021,2,3500
TICKET_000902,PROD_009,1,5000
TICKET_000903,PROD_021,1,3500
TICKET_000903,PROD_009,1,5000
TICKET_000903,PROD_029,1,3000
TICKET_000904,PROD_031,1,4500
TICKET_000905,PROD_003,1,4500
TICKET_000906,PROD_003,1,4500
TICKET_000907,PROD_006,1,2500
TICKET_000908,PROD_003,1,4500
TICKET_000908,PROD_023,1,3500
TICKET_000909,PROD_010,1,3500
TICKET_000909,PROD_016,1,2500
TICKET_000909,PROD_033,1,1500
TICKET_000910,PROD_001,1,2500
TICKET_000910,PROD_015,1,2800
TICKET_000910,PROD_002,1,3500
TICKET_000910,PROD_030,1,4500
TICKET_000911,PROD_001,1,2500
TICKET_000911,PROD_015,1,2800
TICKET_000911,PROD_010,1,3500
TICKET_000911,PROD_025,1,3500
TICKET_000912,PROD_012,1,3000
TICKET_000913,PROD_012,1,3000
TICKET_000913,PROD_024,1,3000
TICKET_000914,PROD_001,1,2500
TICKET_000914,PROD_015,1,2800
TICKET_000915,PROD_021,1,3500
TICKET_000915,PROD_009,1,5000
TICKET_000916,PROD_019,1,3200
TICKET_000916,PROD_012,1,3000
TICKET_000916,PROD_032,1,2500
TICKET_000916,PROD_027,1,2500
TICKET_000917,PROD_001,1,2500
TICKET_000918,PROD_006,1,2500
TICKET_000919,PROD_006,1,2500
TICKET_000919,PROD_032,1,2500
TICKET_000920,PROD_021,1,3500
TICKET_000920,PROD_009,1,5000
TICKET_000920,PROD_006,1,2500
TICKET_000921,PROD_001,1,2500
TICKET_000921,PROD_015,1,2800
TICKET_000921,PROD_002,1,3500
TICKET_000922,PROD_019,1,3200
TICKET_000923,PROD_010,1,3500
TICKET_000923,PROD_016,2,2500
TICKET_000924,PROD_019,1,3200
TICKET_000924,PROD_012,1,3000
TICKET_000925,PROD_019,1,3200
TICKET_000925,PROD_030,1,4500
TICKET_000926,PROD_028,1,2000
TICKET_000927,PROD_012,1,3000
TICKET_000927,PROD_024,1,3000
TICKET_000927,PROD_028,1,2000
TICKET_000928,PROD_003,1,4500
TICKET_000929,PROD_010,1,3500
TICKET_000930,PROD_012,1,3000
TICKET_000930,PROD_024,1,3000
TICKET_000930,PROD_010,1,3500
TICKET_000930,PROD_031,1,4500
TICKET_000931,PROD_021,1,3500
TICKET_000931,PROD_009,1,5000
TICKET_000932,PROD_012,1,3000
TICKET_000932,PROD_024,1,3000
TICKET_000933,PROD_012,1,3000
TICKET_000933,PROD_024,1,3000
TICKET_000934,PROD_023,1,3500
TICKET_000934,PROD_012,1,3000
TICKET_000935,PROD_001,1,2500
TICKET_000936,PROD_019,1,3200
TICKET_000936,PROD_012,1,3000
TICKET_000937,PROD_001,1,2500
TICKET_000938,PROD_021,1,3500
TICKET_000938,PROD_009,1,5000
TICKET_000938,PROD_017,1,2800
TICKET_000938,PROD_024,1,3000
TICKET_000939,PROD_003,1,4500
TICKET_000939,PROD_023,1,3500
TICKET_000940,PROD_028,1,2000
TICKET_000941,PROD_017,1,2800
TICKET_000941,PROD_013,1,3500
TICKET_000942,PROD_008,1,3200
TICKET_000943,PROD_006,1,2500
TICKET_000943,PROD_031,1,4500
TICKET_000944,PROD_006,1,2500
TICKET_000944,PROD_011,1,2500
TICKET_000945,PROD_012,1,3000
TICKET_000946,PROD_001,1,2500
TICKET_000946,PROD_015,1,2800
TICKET_000947,PROD_008,1,3200
TICKET_000948,PROD_019,1,3200
TICKET_000948,PROD_012,1,3000
TICKET_000949,PROD_023,1,3500
TICKET_000950,PROD_012,1,3000
TICKET_000951,PROD_002,1,3500
TICKET_000952,PROD_006,1,2500
TICKET_000952,PROD_028,1,2000
TICKET_000953,PROD_012,1,3000
TICKET_000953,PROD_025,1,3500
TICKET_000954,PROD_012,1,3000
TICKET_000954,PROD_022,1,3500
TICKET_000955,PROD_029,1,3000
TICKET_000956,PROD_006,1,2500
TICKET_000957,PROD_010,1,3500
TICKET_000958,PROD_018,1,2800
TICKET_000959,PROD_006,1,2500
TICKET_000959,PROD_028,1,2000
TICKET_000959,PROD_021,1,3500
TICKET_000960,PROD_020,1,3200
TICKET_000961,PROD_025,1,3500
TICKET_000962,PROD_006,1,2500
TICKET_000962,PROD_028,1,2000
TICKET_000962,PROD_010,1,3500
TICKET_000962,PROD_016,1,2500
TICKET_000963,PROD_001,1,2500
TICKET_000964,PROD_031,1,4500
TICKET_000964,PROD_003,1,4500
TICKET_000965,PROD_001,1,2500
TICKET_000965,PROD_015,1,2800
TICKET_000966,PROD_001,1,2500
TICKET_000966,PROD_015,1,2800
TICKET_000967,PROD_031,1,4500
TICKET_000967,PROD_003,1,4500
TICKET_000968,PROD_031,1,4500
TICKET_000969,PROD_006,1,2500
TICKET_000970,PROD_015,1,2800
TICKET_000971,PROD_001,1,2500
TICKET_000972,PROD_009,1,5000
TICKET_000973,PROD_021,1,3500
TICKET_000974,PROD_003,1,4500
TICKET_000975,PROD_009,1,5000
TICKET_000976,PROD_031,1,4500
TICKET_000977,PROD_021,1,3500
TICKET_000978,PROD_019,1,3200
TICKET_000979,PROD_020,1,3200
TICKET_000980,PROD_006,1,2500
TICKET_000981,PROD_021,1,3500
TICKET_000982,PROD_008,1,3200
TICKET_000983,PROD_010,1,3500
TICKET_000983,PROD_016,1,2500
TICKET_000984,PROD_001,1,2500
TICKET_000985,PROD_026,1,3500
TICKET_000986,PROD_031,1,4500
TICKET_000987,PROD_006,1,2500
TICKET_000988,PROD_001,1,2500
TICKET_000988,PROD_034,1,6500
TICKET_000988,PROD_009,1,5000
TICKET_000989,PROD_001,1,2500
TICKET_000990,PROD_006,1,2500
TICKET_000990,PROD_024,1,3000
TICKET_000990,PROD_014,1,3800
TICKET_000991,PROD_019,1,3200
TICKET_000991,PROD_012,1,3000
TICKET_000991,PROD_031,1,4500
TICKET_000992,PROD_023,1,3500
TICKET_000992,PROD_013,1,3500
TICKET_000993,PROD_012,1,3000
TICKET_000994,PROD_003,1,4500
TICKET_000994,PROD_023,1,3500
TICKET_000995,PROD_012,1,3000
TICKET_000995,PROD_024,1,3000
TICKET_000995,PROD_010,1,3500
TICKET_000995,PROD_003,1,4500
TICKET_000996,PROD_001,1,2500
TICKET_000996,PROD_015,1,2800
TICKET_000996,PROD_031,1,4500
TICKET_000996,PROD_034,1,6500
TICKET_000997,PROD_006,1,2500
TICKET_000997,PROD_033,1,1500
TICKET_000998,PROD_017,1,2800
TICKET_000999,PROD_017,1,2800
TICKET_001000,PROD_020,1,3200
TICKET_001001,PROD_024,1,3000
TICKET_001002,PROD_021,1,3500
TICKET_001002,PROD_009,1,5000
TICKET_001002,PROD_007,1,4500
TICKET_001003,PROD_010,1,3500
TICKET_001003,PROD_016,1,2500
TICKET_001004,PROD_017,1,2800
TICKET_001005,PROD_010,1,3500
TICKET_001005,PROD_016,1,2500
TICKET_001005,PROD_001,1,2500
TICKET_001006,PROD_028,1,2000
TICKET_001007,PROD_009,1,5000
TICKET_001008,PROD_031,1,4500
TICKET_001008,PROD_003,1,4500
TICKET_001008,PROD_004,1,4800
TICKET_001009,PROD_018,1,2800
TICKET_001010,PROD_014,1,3800
TICKET_001011,PROD_014,1,3800
TICKET_001012,PROD_017,1,2800
TICKET_001013,PROD_002,1,3500
TICKET_001013,PROD_017,1,2800
TICKET_001014,PROD_001,1,2500
TICKET_001014,PROD_015,1,2800
TICKET_001015,PROD_031,1,4500
TICKET_001015,PROD_003,1,4500
TICKET_001016,PROD_010,1,3500
TICKET_001016,PROD_016,1,2500
TICKET_001016,PROD_026,1,3500
TICKET_001016,PROD_008,1,3200
TICKET_001017,PROD_031,1,4500
TICKET_001018,PROD_003,1,4500
TICKET_001018,PROD_023,1,3500
TICKET_001019,PROD_019,1,3200
TICKET_001020,PROD_010,1,3500
TICKET_001020,PROD_016,1,2500
TICKET_001021,PROD_016,1,2500
TICKET_001022,PROD_029,1,3000
TICKET_001023,PROD_002,1,3500
TICKET_001023,PROD_017,1,2800
TICKET_001024,PROD_010,1,3500
TICKET_001024,PROD_016,1,2500
TICKET_001025,PROD_034,1,6500
TICKET_001025,PROD_031,1,4500
TICKET_001026,PROD_001,1,2500
TICKET_001026,PROD_015,1,2800
TICKET_001026,PROD_019,1,3200
TICKET_001027,PROD_021,1,3500
TICKET_001027,PROD_007,1,4500
TICKET_001028,PROD_012,1,3000
TICKET_001029,PROD_034,1,6500
TICKET_001029,PROD_028,1,2000
TICKET_001030,PROD_021,1,3500
TICKET_001031,PROD_019,1,3200
TICKET_001032,PROD_002,1,3500
TICKET_001033,PROD_003,1,4500
TICKET_001034,PROD_033,1,1500
TICKET_001035,PROD_033,1,1500
TICKET_001036,PROD_022,1,3500
TICKET_001037,PROD_004,1,4800
TICKET_001038,PROD_021,1,3500
TICKET_001038,PROD_009,1,5000
TICKET_001039,PROD_003,1,4500
TICKET_001040,PROD_019,1,3200
TICKET_001041,PROD_003,1,4500
TICKET_001041,PROD_023,1,3500
TICKET_001041,PROD_011,1,2500
TICKET_001041,PROD_024,1,3000
TICKET_001042,PROD_010,1,3500
TICKET_001043,PROD_015,1,2800
TICKET_001043,PROD_031,1,4500
TICKET_001044,PROD_003,1,4500
TICKET_001044,PROD_023,1,3500
TICKET_001045,PROD_031,1,4500
TICKET_001045,PROD_003,1,4500
TICKET_001045,PROD_024,1,3000
TICKET_001045,PROD_002,1,3500
TICKET_001046,PROD_006,1,2500
TICKET_001046,PROD_028,1,2000
TICKET_001047,PROD_022,1,3500
TICKET_001048,PROD_024,1,3000
TICKET_001049,PROD_010,1,3500
TICKET_001049,PROD_011,1,2500
TICKET_001050,PROD_013,1,3500
TICKET_001051,PROD_018,1,2800
TICKET_001051,PROD_034,1,6500
TICKET_001052,PROD_022,1,3500
TICKET_001053,PROD_001,1,2500
TICKET_001053,PROD_015,1,2800
TICKET_001053,PROD_020,1,3200
TICKET_001054,PROD_001,1,2500
TICKET_001054,PROD_015,1,2800
TICKET_001055,PROD_014,1,3800
TICKET_001056,PROD_004,1,4800
TICKET_001057,PROD_021,1,3500
TICKET_001057,PROD_009,1,5000
TICKET_001058,PROD_019,1,3200
TICKET_001059,PROD_011,1,2500
TICKET_001060,PROD_031,1,4500
TICKET_001060,PROD_003,1,4500
TICKET_001061,PROD_026,1,3500
TICKET_001062,PROD_002,1,3500
TICKET_001062,PROD_017,1,2800
TICKET_001063,PROD_020,1,3200
TICKET_001064,PROD_015,1,2800
TICKET_001065,PROD_023,1,3500
TICKET_001066,PROD_021,1,3500
TICKET_001067,PROD_001,1,2500
TICKET_001068,PROD_031,1,4500
TICKET_001068,PROD_003,1,4500
TICKET_001069,PROD_001,1,2500
TICKET_001069,PROD_015,1,2800
TICKET_001069,PROD_026,1,3500
TICKET_001070,PROD_001,1,2500
TICKET_001070,PROD_015,1,2800
TICKET_001071,PROD_018,1,2800
TICKET_001072,PROD_025,1,3500
TICKET_001073,PROD_020,1,3200
TICKET_001073,PROD_012,1,3000
TICKET_001074,PROD_012,1,3000
TICKET_001074,PROD_020,1,3200
TICKET_001075,PROD_019,1,3200
TICKET_001075,PROD_012,1,3000
TICKET_001076,PROD_006,1,2500
TICKET_001077,PROD_030,1,4500
TICKET_001078,PROD_019,1,3200
TICKET_001078,PROD_012,1,3000
TICKET_001079,PROD_031,1,4500
TICKET_001080,PROD_001,1,2500
TICKET_001080,PROD_027,1,2500
TICKET_001081,PROD_003,1,4500
TICKET_001081,PROD_023,1,3500
TICKET_001082,PROD_031,1,4500
TICKET_001083,PROD_001,1,2500
TICKET_001083,PROD_015,2,2800
TICKET_001083,PROD_017,1,2800
TICKET_001084,PROD_010,1,3500
TICKET_001084,PROD_016,1,2500
TICKET_001085,PROD_031,1,4500
TICKET_001085,PROD_003,2,4500
TICKET_001085,PROD_029,1,3000
TICKET_001086,PROD_001,1,2500
TICKET_001086,PROD_015,2,2800
TICKET_001087,PROD_021,1,3500
TICKET_001087,PROD_009,2,5000
TICKET_001087,PROD_031,1,4500
TICKET_001088,PROD_015,1,2800
TICKET_001089,PROD_021,1,3500
TICKET_001090,PROD_035,1,7500
TICKET_001090,PROD_028,1,2000
TICKET_001091,PROD_031,1,4500
TICKET_001091,PROD_034,1,6500
TICKET_001091,PROD_032,1,2500
TICKET_001092,PROD_031,1,4500
TICKET_001092,PROD_003,1,4500
TICKET_001093,PROD_023,1,3500
TICKET_001093,PROD_005,1,4000
TICKET_001094,PROD_026,1,3500
TICKET_001095,PROD_012,1,3000
TICKET_001095,PROD_024,2,3000
TICKET_001095,PROD_010,1,3500
TICKET_001096,PROD_035,1,7500
TICKET_001097,PROD_003,1,4500
TICKET_001097,PROD_023,1,3500
TICKET_001098,PROD_024,1,3000
TICKET_001099,PROD_002,1,3500
TICKET_001099,PROD_017,1,2800
TICKET_001099,PROD_028,1,2000
TICKET_001100,PROD_010,1,3500
TICKET_001100,PROD_016,2,2500
TICKET_001101,PROD_018,1,2800
TICKET_001102,PROD_010,1,3500
TICKET_001103,PROD_033,1,1500
TICKET_001104,PROD_021,1,3500
TICKET_001104,PROD_009,1,5000
TICKET_001105,PROD_002,1,3500
TICKET_001105,PROD_017,1,2800
TICKET_001106,PROD_002,1,3500
TICKET_001107,PROD_003,1,4500
TICKET_001107,PROD_023,1,3500
TICKET_001107,PROD_002,1,3500
TICKET_001108,PROD_034,1,6500
TICKET_001109,PROD_033,1,1500
TICKET_001110,PROD_002,1,3500
TICKET_001110,PROD_017,1,2800
TICKET_001110,PROD_019,1,3200
TICKET_001110,PROD_034,1,6500
TICKET_001111,PROD_012,1,3000
TICKET_001112,PROD_002,1,3500
TICKET_001113,PROD_022,1,3500
TICKET_001114,PROD_021,1,3500
TICKET_001114,PROD_009,1,5000
TICKET_001115,PROD_012,1,3000
TICKET_001116,PROD_022,1,3500
TICKET_001117,PROD_016,1,2500
TICKET_001118,PROD_001,1,2500
TICKET_001118,PROD_015,1,2800
TICKET_001119,PROD_032,1,2500
TICKET_001120,PROD_019,1,3200
TICKET_001120,PROD_012,1,3000
TICKET_001121,PROD_010,1,3500
TICKET_001121,PROD_016,1,2500
TICKET_001121,PROD_022,1,3500
TICKET_001121,PROD_024,1,3000
TICKET_001122,PROD_021,1,3500
TICKET_001123,PROD_019,1,3200
TICKET_001123,PROD_012,1,3000
TICKET_001123,PROD_018,1,2800
TICKET_001123,PROD_008,1,3200
TICKET_001124,PROD_019,1,3200
TICKET_001124,PROD_012,1,3000
TICKET_001125,PROD_021,1,3500
TICKET_001125,PROD_009,1,5000
TICKET_001125,PROD_003,1,4500
TICKET_001125,PROD_013,1,3500
TICKET_001126,PROD_003,1,4500
TICKET_001126,PROD_035,1,7500
TICKET_001126,PROD_034,1,6500
TICKET_001127,PROD_010,1,3500
TICKET_001127,PROD_016,1,2500
TICKET_001128,PROD_010,1,3500
TICKET_001128,PROD_016,1,2500
TICKET_001129,PROD_021,1,3500
TICKET_001129,PROD_009,1,5000
TICKET_001130,PROD_021,1,3500
TICKET_001130,PROD_009,1,5000
TICKET_001130,PROD_025,1,3500
TICKET_001131,PROD_003,1,4500
TICKET_001132,PROD_002,1,3500
TICKET_001132,PROD_017,1,2800
TICKET_001132,PROD_009,1,5000
TICKET_001132,PROD_035,1,7500
TICKET_001133,PROD_010,1,3500
TICKET_001133,PROD_016,1,2500
TICKET_001133,PROD_012,1,3000
TICKET_001134,PROD_012,1,3000
TICKET_001134,PROD_005,1,4000
TICKET_001135,PROD_006,1,2500
TICKET_001135,PROD_028,1,2000
TICKET_001135,PROD_029,1,3000
TICKET_001136,PROD_019,1,3200
TICKET_001136,PROD_002,1,3500
TICKET_001137,PROD_025,1,3500
TICKET_001137,PROD_008,1,3200
TICKET_001138,PROD_001,1,2500
TICKET_001138,PROD_015,1,2800
TICKET_001139,PROD_031,1,4500
TICKET_001140,PROD_031,1,4500
TICKET_001141,PROD_019,1,3200
TICKET_001141,PROD_012,1,3000
TICKET_001141,PROD_004,1,4800
TICKET_001141,PROD_034,1,6500
TICKET_001142,PROD_019,1,3200
TICKET_001142,PROD_012,1,3000
TICKET_001142,PROD_016,1,2500
TICKET_001143,PROD_001,2,2500
TICKET_001143,PROD_002,1,3500
TICKET_001143,PROD_026,1,3500
TICKET_001144,PROD_017,1,2800
TICKET_001144,PROD_028,1,2000
TICKET_001145,PROD_021,1,3500
TICKET_001145,PROD_009,1,5000
TICKET_001145,PROD_031,1,4500
TICKET_001145,PROD_012,1,3000
TICKET_001146,PROD_028,1,2000
TICKET_001147,PROD_019,1,3200
TICKET_001148,PROD_010,1,3500
TICKET_001148,PROD_016,1,2500
TICKET_001149,PROD_024,1,3000
TICKET_001150,PROD_001,1,2500
TICKET_001150,PROD_027,1,2500
TICKET_001150,PROD_006,1,2500
TICKET_001151,PROD_026,1,3500
TICKET_001152,PROD_019,1,3200
TICKET_001152,PROD_012,1,3000
TICKET_001153,PROD_001,1,2500
TICKET_001153,PROD_032,1,2500
TICKET_001153,PROD_011,1,2500
TICKET_001154,PROD_012,1,3000
TICKET_001154,PROD_024,1,3000
TICKET_001155,PROD_001,1,2500
TICKET_001155,PROD_015,1,2800
TICKET_001155,PROD_002,1,3500
TICKET_001156,PROD_002,1,3500
TICKET_001156,PROD_017,1,2800
TICKET_001157,PROD_001,1,2500
TICKET_001157,PROD_015,1,2800
TICKET_001157,PROD_004,1,4800
TICKET_001157,PROD_028,1,2000
TICKET_001158,PROD_006,1,2500
TICKET_001158,PROD_008,1,3200
TICKET_001159,PROD_014,1,3800
TICKET_001160,PROD_010,1,3500
TICKET_001160,PROD_016,1,2500
TICKET_001161,PROD_025,1,3500
TICKET_001162,PROD_013,1,3500
TICKET_001163,PROD_019,1,3200
TICKET_001163,PROD_012,1,3000
TICKET_001163,PROD_008,1,3200
TICKET_001164,PROD_020,1,3200
TICKET_001164,PROD_006,1,2500
TICKET_001165,PROD_006,1,2500
TICKET_001166,PROD_003,1,4500
TICKET_001166,PROD_023,1,3500
TICKET_001166,PROD_002,1,3500
TICKET_001166,PROD_005,1,4000
TICKET_001167,PROD_010,1,3500
TICKET_001167,PROD_016,1,2500
TICKET_001167,PROD_024,1,3000
TICKET_001168,PROD_019,1,3200
TICKET_001168,PROD_012,1,3000
TICKET_001168,PROD_034,1,6500
TICKET_001169,PROD_012,1,3000
TICKET_001169,PROD_024,1,3000
TICKET_001170,PROD_019,1,3200
TICKET_001170,PROD_012,2,3000
TICKET_001170,PROD_021,1,3500
TICKET_001171,PROD_012,1,3000
TICKET_001171,PROD_002,1,3500
TICKET_001172,PROD_006,1,2500
TICKET_001172,PROD_033,1,1500
TICKET_001173,PROD_019,1,3200
TICKET_001173,PROD_012,1,3000
TICKET_001174,PROD_010,1,3500
TICKET_001175,PROD_008,1,3200
TICKET_001175,PROD_016,1,2500
TICKET_001176,PROD_001,1,2500
TICKET_001176,PROD_013,1,3500
TICKET_001177,PROD_006,1,2500
TICKET_001177,PROD_028,1,2000
TICKET_001178,PROD_022,1,3500
TICKET_001179,PROD_001,1,2500
TICKET_001179,PROD_003,1,4500
TICKET_001179,PROD_008,1,3200
TICKET_001180,PROD_028,1,2000
TICKET_001181,PROD_026,1,3500
TICKET_001182,PROD_001,1,2500
TICKET_001182,PROD_015,1,2800
TICKET_001182,PROD_029,1,3000
TICKET_001182,PROD_020,1,3200
TICKET_001183,PROD_014,1,3800
TICKET_001183,PROD_010,1,3500
TICKET_001184,PROD_013,1,3500
TICKET_001185,PROD_003,1,4500
TICKET_001185,PROD_023,1,3500
TICKET_001186,PROD_019,1,3200
TICKET_001186,PROD_012,1,3000
TICKET_001186,PROD_020,1,3200
TICKET_001187,PROD_004,1,4800
TICKET_001187,PROD_018,1,2800
TICKET_001188,PROD_010,1,3500
TICKET_001188,PROD_016,1,2500
TICKET_001188,PROD_004,1,4800
TICKET_001189,PROD_028,1,2000
TICKET_001190,PROD_001,1,2500
TICKET_001191,PROD_012,1,3000
TICKET_001191,PROD_017,1,2800
TICKET_001192,PROD_024,1,3000
TICKET_001193,PROD_034,1,6500
TICKET_001194,PROD_012,1,3000
TICKET_001195,PROD_001,1,2500
TICKET_001195,PROD_015,1,2800
TICKET_001195,PROD_026,1,3500
TICKET_001196,PROD_031,1,4500
TICKET_001197,PROD_031,1,4500
TICKET_001197,PROD_003,1,4500
TICKET_001198,PROD_010,1,3500
TICKET_001198,PROD_016,1,2500
TICKET_001199,PROD_019,1,3200
TICKET_001200,PROD_003,1,4500
TICKET_001201,PROD_030,1,4500
TICKET_001202,PROD_004,1,4800
TICKET_001203,PROD_021,1,3500
TICKET_001203,PROD_009,1,5000
TICKET_001203,PROD_008,1,3200
TICKET_001203,PROD_028,1,2000
TICKET_001204,PROD_031,1,4500
TICKET_001204,PROD_003,1,4500
TICKET_001205,PROD_023,1,3500
TICKET_001206,PROD_003,1,4500
TICKET_001206,PROD_023,1,3500
TICKET_001207,PROD_031,1,4500
TICKET_001208,PROD_001,1,2500
TICKET_001209,PROD_010,2,3500
TICKET_001209,PROD_016,1,2500
TICKET_001210,PROD_021,1,3500
TICKET_001210,PROD_002,1,3500
TICKET_001211,PROD_013,1,3500
TICKET_001212,PROD_003,1,4500
TICKET_001212,PROD_023,1,3500
TICKET_001213,PROD_015,1,2800
TICKET_001214,PROD_006,1,2500
TICKET_001215,PROD_029,1,3000
TICKET_001216,PROD_008,1,3200
TICKET_001216,PROD_015,1,2800
TICKET_001217,PROD_003,3,4500
TICKET_001217,PROD_023,1,3500
TICKET_001218,PROD_034,2,6500
TICKET_001219,PROD_006,1,2500
TICKET_001219,PROD_028,1,2000
TICKET_001220,PROD_006,1,2500
TICKET_001221,PROD_023,1,3500
TICKET_001222,PROD_003,1,4500
TICKET_001222,PROD_023,1,3500
TICKET_001222,PROD_032,1,2500
TICKET_001223,PROD_001,1,2500
TICKET_001223,PROD_015,1,2800
TICKET_001224,PROD_001,1,2500
TICKET_001224,PROD_015,1,2800
TICKET_001224,PROD_031,1,4500
TICKET_001225,PROD_003,1,4500
TICKET_001225,PROD_023,1,3500
TICKET_001226,PROD_034,1,6500
TICKET_001227,PROD_001,2,2500
TICKET_001227,PROD_028,1,2000
TICKET_001227,PROD_034,1,6500
TICKET_001228,PROD_001,2,2500
TICKET_001228,PROD_012,1,3000
TICKET_001229,PROD_012,1,3000
TICKET_001230,PROD_001,2,2500
TICKET_001231,PROD_002,1,3500
TICKET_001231,PROD_017,1,2800
TICKET_001231,PROD_023,1,3500
TICKET_001232,PROD_023,1,3500
TICKET_001233,PROD_021,1,3500
TICKET_001233,PROD_009,1,5000
TICKET_001234,PROD_019,1,3200
TICKET_001234,PROD_012,1,3000
TICKET_001234,PROD_003,1,4500
TICKET_001234,PROD_034,1,6500
TICKET_001235,PROD_020,1,3200
TICKET_001236,PROD_019,1,3200
TICKET_001237,PROD_023,1,3500
TICKET_001238,PROD_012,1,3000
TICKET_001238,PROD_029,1,3000
TICKET_001239,PROD_012,1,3000
TICKET_001239,PROD_024,1,3000
TICKET_001239,PROD_016,1,2500
TICKET_001239,PROD_026,1,3500
TICKET_001240,PROD_031,1,4500
TICKET_001240,PROD_003,1,4500
TICKET_001241,PROD_010,1,3500
TICKET_001241,PROD_003,1,4500
TICKET_001242,PROD_008,2,3200
TICKET_001243,PROD_001,1,2500
TICKET_001244,PROD_019,1,3200
TICKET_001244,PROD_012,1,3000
TICKET_001244,PROD_030,1,4500
TICKET_001245,PROD_023,1,3500
TICKET_001246,PROD_005,1,4000
TICKET_001247,PROD_012,1,3000
TICKET_001247,PROD_031,1,4500
TICKET_001248,PROD_005,1,4000
TICKET_001249,PROD_014,1,3800
TICKET_001250,PROD_001,2,2500
TICKET_001251,PROD_009,1,5000
TICKET_001252,PROD_013,1,3500
TICKET_001253,PROD_002,1,3500
TICKET_001253,PROD_017,1,2800
TICKET_001253,PROD_009,1,5000
TICKET_001254,PROD_010,1,3500
TICKET_001255,PROD_006,1,2500
TICKET_001255,PROD_028,2,2000
TICKET_001255,PROD_007,1,4500
TICKET_001256,PROD_012,1,3000
TICKET_001256,PROD_024,1,3000
TICKET_001257,PROD_012,1,3000
TICKET_001258,PROD_031,1,4500
TICKET_001258,PROD_003,1,4500
TICKET_001259,PROD_019,1,3200
TICKET_001260,PROD_006,1,2500
TICKET_001260,PROD_028,1,2000
TICKET_001261,PROD_006,1,2500
TICKET_001261,PROD_034,1,6500
TICKET_001261,PROD_001,1,2500
TICKET_001262,PROD_002,1,3500
TICKET_001262,PROD_017,1,2800
TICKET_001262,PROD_013,1,3500
TICKET_001263,PROD_003,1,4500
TICKET_001263,PROD_023,1,3500
TICKET_001263,PROD_013,1,3500
TICKET_001263,PROD_009,1,5000
TICKET_001264,PROD_011,1,2500
TICKET_001265,PROD_013,1,3500
TICKET_001266,PROD_021,1,3500
TICKET_001266,PROD_009,1,5000
TICKET_001267,PROD_031,1,4500
TICKET_001267,PROD_003,1,4500
TICKET_001268,PROD_021,1,3500
TICKET_001268,PROD_017,1,2800
TICKET_001269,PROD_006,1,2500
TICKET_001270,PROD_027,1,2500
TICKET_001271,PROD_012,1,3000
TICKET_001271,PROD_002,1,3500
TICKET_001271,PROD_010,1,3500
TICKET_001272,PROD_031,1,4500
TICKET_001272,PROD_003,1,4500
TICKET_001272,PROD_013,1,3500
TICKET_001273,PROD_006,1,2500
TICKET_001274,PROD_031,1,4500
TICKET_001274,PROD_023,1,3500
TICKET_001275,PROD_033,1,1500
TICKET_001276,PROD_034,1,6500
TICKET_001276,PROD_003,1,4500
TICKET_001277,PROD_012,1,3000
TICKET_001277,PROD_024,1,3000
TICKET_001277,PROD_013,1,3500
TICKET_001277,PROD_009,1,5000
TICKET_001278,PROD_002,1,3500
TICKET_001278,PROD_017,1,2800
TICKET_001279,PROD_022,1,3500
TICKET_001280,PROD_006,1,2500
TICKET_001280,PROD_034,1,6500
TICKET_001281,PROD_006,2,2500
TICKET_001281,PROD_028,1,2000
TICKET_001282,PROD_017,1,2800
TICKET_001282,PROD_013,1,3500
TICKET_001283,PROD_021,1,3500
TICKET_001284,PROD_008,1,3200
TICKET_001285,PROD_024,1,3000
TICKET_001286,PROD_032,1,2500
TICKET_001287,PROD_031,1,4500
TICKET_001287,PROD_003,1,4500
TICKET_001287,PROD_024,1,3000
TICKET_001288,PROD_006,1,2500
TICKET_001289,PROD_021,1,3500
TICKET_001290,PROD_021,1,3500
TICKET_001290,PROD_009,1,5000
TICKET_001291,PROD_001,1,2500
TICKET_001291,PROD_015,1,2800
TICKET_001292,PROD_006,1,2500
TICKET_001292,PROD_028,1,2000
TICKET_001293,PROD_021,1,3500
TICKET_001294,PROD_021,1,3500
TICKET_001295,PROD_001,2,2500
TICKET_001295,PROD_035,1,7500
TICKET_001296,PROD_021,1,3500
TICKET_001296,PROD_009,1,5000
TICKET_001297,PROD_004,1,4800
TICKET_001298,PROD_012,2,3000
TICKET_001298,PROD_024,2,3000
TICKET_001299,PROD_012,1,3000
TICKET_001299,PROD_034,2,6500
TICKET_001300,PROD_001,1,2500
TICKET_001300,PROD_015,1,2800
TICKET_001300,PROD_029,1,3000
TICKET_001300,PROD_035,1,7500
TICKET_001301,PROD_005,1,4000
TICKET_001302,PROD_001,1,2500
TICKET_001302,PROD_023,1,3500
TICKET_001303,PROD_021,1,3500
TICKET_001304,PROD_003,1,4500
TICKET_001304,PROD_019,1,3200
TICKET_001304,PROD_034,1,6500
TICKET_001305,PROD_003,1,4500
TICKET_001305,PROD_023,1,3500
TICKET_001305,PROD_007,1,4500
TICKET_001306,PROD_002,1,3500
TICKET_001306,PROD_017,1,2800
TICKET_001306,PROD_034,1,6500
TICKET_001307,PROD_034,1,6500
TICKET_001308,PROD_001,1,2500
TICKET_001308,PROD_015,1,2800
TICKET_001308,PROD_028,1,2000
TICKET_001309,PROD_003,1,4500
TICKET_001309,PROD_023,1,3500
TICKET_001310,PROD_001,1,2500
TICKET_001310,PROD_023,1,3500
TICKET_001311,PROD_012,1,3000
TICKET_001311,PROD_030,1,4500
TICKET_001312,PROD_012,1,3000
TICKET_001313,PROD_001,1,2500
TICKET_001313,PROD_015,1,2800
TICKET_001314,PROD_010,1,3500
TICKET_001314,PROD_016,1,2500
TICKET_001315,PROD_006,1,2500
TICKET_001315,PROD_013,1,3500
TICKET_001316,PROD_021,1,3500
TICKET_001317,PROD_006,1,2500
TICKET_001317,PROD_008,1,3200
TICKET_001318,PROD_002,1,3500
TICKET_001318,PROD_017,1,2800
TICKET_001318,PROD_025,1,3500
TICKET_001319,PROD_010,1,3500
TICKET_001320,PROD_006,1,2500
TICKET_001321,PROD_010,2,3500
TICKET_001322,PROD_019,1,3200
TICKET_001323,PROD_023,1,3500
TICKET_001324,PROD_001,2,2500
TICKET_001324,PROD_018,1,2800
TICKET_001325,PROD_003,1,4500
TICKET_001326,PROD_024,1,3000
TICKET_001327,PROD_016,1,2500
TICKET_001328,PROD_001,1,2500
TICKET_001329,PROD_010,1,3500
TICKET_001329,PROD_016,1,2500
TICKET_001330,PROD_010,1,3500
TICKET_001330,PROD_016,1,2500
TICKET_001330,PROD_014,1,3800
TICKET_001330,PROD_020,1,3200
TICKET_001331,PROD_001,1,2500
TICKET_001331,PROD_015,1,2800
TICKET_001331,PROD_025,1,3500
TICKET_001332,PROD_012,1,3000
TICKET_001332,PROD_024,1,3000
TICKET_001333,PROD_003,1,4500
TICKET_001333,PROD_023,1,3500
TICKET_001334,PROD_010,1,3500
TICKET_001335,PROD_008,1,3200
TICKET_001335,PROD_007,1,4500
TICKET_001336,PROD_006,1,2500
TICKET_001337,PROD_010,1,3500
TICKET_001337,PROD_016,1,2500
TICKET_001338,PROD_014,1,3800
TICKET_001339,PROD_003,1,4500
TICKET_001340,PROD_006,1,2500
TICKET_001340,PROD_004,1,4800
TICKET_001340,PROD_035,1,7500
TICKET_001341,PROD_020,1,3200
TICKET_001342,PROD_003,1,4500
TICKET_001342,PROD_023,1,3500
TICKET_001342,PROD_013,1,3500
TICKET_001342,PROD_022,1,3500
TICKET_001343,PROD_028,1,2000
TICKET_001344,PROD_002,1,3500
TICKET_001344,PROD_017,1,2800
TICKET_001345,PROD_035,1,7500
TICKET_001346,PROD_006,1,2500
TICKET_001346,PROD_026,1,3500
TICKET_001347,PROD_031,1,4500
TICKET_001348,PROD_010,1,3500
TICKET_001348,PROD_016,1,2500
TICKET_001349,PROD_032,1,2500
TICKET_001349,PROD_021,1,3500
TICKET_001350,PROD_022,1,3500
TICKET_001351,PROD_021,1,3500
TICKET_001351,PROD_009,1,5000
TICKET_001351,PROD_028,1,2000
TICKET_001351,PROD_013,1,3500
TICKET_001352,PROD_028,1,2000
TICKET_001353,PROD_031,1,4500
TICKET_001353,PROD_017,1,2800
TICKET_001354,PROD_034,1,6500
TICKET_001355,PROD_013,1,3500
TICKET_001356,PROD_006,1,2500
TICKET_001357,PROD_014,1,3800
TICKET_001358,PROD_010,1,3500
TICKET_001358,PROD_016,1,2500
TICKET_001358,PROD_029,1,3000
TICKET_001358,PROD_007,1,4500
TICKET_001359,PROD_027,1,2500
TICKET_001359,PROD_029,1,3000
TICKET_001360,PROD_002,1,3500
TICKET_001360,PROD_017,1,2800
TICKET_001361,PROD_023,1,3500
TICKET_001361,PROD_021,1,3500
TICKET_001362,PROD_001,1,2500
TICKET_001362,PROD_015,1,2800
TICKET_001362,PROD_010,1,3500
TICKET_001362,PROD_019,1,3200
TICKET_001363,PROD_003,1,4500
TICKET_001363,PROD_033,1,1500
TICKET_001363,PROD_029,1,3000
TICKET_001364,PROD_003,1,4500
TICKET_001365,PROD_031,1,4500
TICKET_001366,PROD_012,1,3000
TICKET_001366,PROD_024,1,3000
TICKET_001367,PROD_024,1,3000
TICKET_001368,PROD_001,1,2500
TICKET_001368,PROD_012,1,3000
TICKET_001369,PROD_011,1,2500
TICKET_001370,PROD_019,1,3200
TICKET_001371,PROD_002,1,3500
TICKET_001371,PROD_017,1,2800
TICKET_001372,PROD_001,1,2500
TICKET_001373,PROD_034,1,6500
TICKET_001373,PROD_013,1,3500
TICKET_001374,PROD_010,1,3500
TICKET_001375,PROD_021,1,3500
TICKET_001376,PROD_031,1,4500
TICKET_001376,PROD_003,1,4500
TICKET_001377,PROD_001,1,2500
TICKET_001378,PROD_025,1,3500
TICKET_001379,PROD_008,1,3200
TICKET_001379,PROD_010,1,3500
TICKET_001380,PROD_003,1,4500
TICKET_001381,PROD_035,1,7500
TICKET_001382,PROD_016,1,2500
TICKET_001383,PROD_021,1,3500
TICKET_001383,PROD_009,1,5000
TICKET_001384,PROD_021,1,3500
TICKET_001384,PROD_033,1,1500
TICKET_001385,PROD_021,1,3500
TICKET_001385,PROD_009,1,5000
TICKET_001385,PROD_023,1,3500
TICKET_001386,PROD_031,1,4500
TICKET_001386,PROD_003,1,4500
TICKET_001387,PROD_032,1,2500
TICKET_001388,PROD_001,1,2500
TICKET_001388,PROD_015,1,2800
TICKET_001389,PROD_021,1,3500
TICKET_001389,PROD_009,1,5000
TICKET_001390,PROD_001,2,2500
TICKET_001390,PROD_009,1,5000
TICKET_001391,PROD_003,1,4500
TICKET_001391,PROD_023,1,3500
TICKET_001391,PROD_026,1,3500
TICKET_001391,PROD_002,1,3500
TICKET_001392,PROD_006,1,2500
TICKET_001392,PROD_008,1,3200
TICKET_001392,PROD_022,1,3500
TICKET_001393,PROD_025,1,3500
TICKET_001393,PROD_002,1,3500
TICKET_001394,PROD_002,1,3500
TICKET_001394,PROD_017,1,2800
TICKET_001394,PROD_018,1,2800
TICKET_001395,PROD_021,1,3500
TICKET_001395,PROD_009,1,5000
TICKET_001396,PROD_006,1,2500
TICKET_001396,PROD_022,1,3500
TICKET_001397,PROD_001,2,2500
TICKET_001397,PROD_015,1,2800
TICKET_001397,PROD_016,1,2500
TICKET_001398,PROD_002,1,3500
TICKET_001399,PROD_031,1,4500
TICKET_001399,PROD_003,1,4500
TICKET_001400,PROD_019,1,3200
TICKET_001400,PROD_012,1,3000
TICKET_001401,PROD_024,1,3000
TICKET_001401,PROD_009,1,5000
TICKET_001402,PROD_019,1,3200
TICKET_001402,PROD_023,1,3500
TICKET_001403,PROD_008,1,3200
TICKET_001404,PROD_002,1,3500
TICKET_001404,PROD_017,1,2800
TICKET_001405,PROD_003,1,4500
TICKET_001405,PROD_023,1,3500
TICKET_001405,PROD_008,1,3200
TICKET_001406,PROD_006,1,2500
TICKET_001407,PROD_006,1,2500
TICKET_001407,PROD_028,1,2000
TICKET_001407,PROD_008,1,3200
TICKET_001408,PROD_006,1,2500
TICKET_001408,PROD_028,1,2000
TICKET_001408,PROD_035,1,7500
TICKET_001409,PROD_006,1,2500
TICKET_001409,PROD_028,1,2000
TICKET_001409,PROD_018,1,2800
TICKET_001410,PROD_001,1,2500
TICKET_001410,PROD_015,1,2800
TICKET_001410,PROD_003,1,4500
TICKET_001410,PROD_035,1,7500
TICKET_001411,PROD_018,1,2800
TICKET_001412,PROD_028,1,2000
TICKET_001413,PROD_026,1,3500
TICKET_001413,PROD_005,1,4000
TICKET_001414,PROD_021,1,3500
TICKET_001414,PROD_012,1,3000
TICKET_001415,PROD_021,1,3500
TICKET_001415,PROD_009,1,5000
TICKET_001415,PROD_029,1,3000
TICKET_001416,PROD_010,2,3500
TICKET_001416,PROD_016,1,2500
TICKET_001416,PROD_035,1,7500
TICKET_001417,PROD_031,1,4500
TICKET_001417,PROD_003,1,4500
TICKET_001418,PROD_001,1,2500
TICKET_001418,PROD_015,1,2800
TICKET_001419,PROD_002,1,3500
TICKET_001419,PROD_021,1,3500
TICKET_001420,PROD_006,1,2500
TICKET_001421,PROD_016,1,2500
TICKET_001421,PROD_030,1,4500
TICKET_001422,PROD_003,1,4500
TICKET_001422,PROD_023,1,3500
TICKET_001423,PROD_002,2,3500
TICKET_001423,PROD_017,1,2800
TICKET_001424,PROD_002,1,3500
TICKET_001424,PROD_017,1,2800
TICKET_001424,PROD_012,1,3000
TICKET_001425,PROD_014,1,3800
TICKET_001426,PROD_026,1,3500
TICKET_001427,PROD_019,1,3200
TICKET_001427,PROD_033,1,1500
TICKET_001427,PROD_032,1,2500
TICKET_001428,PROD_012,1,3000
TICKET_001428,PROD_024,1,3000
TICKET_001429,PROD_013,1,3500
TICKET_001430,PROD_021,1,3500
TICKET_001430,PROD_009,1,5000
TICKET_001431,PROD_002,1,3500
TICKET_001431,PROD_025,1,3500
TICKET_001431,PROD_003,1,4500
TICKET_001432,PROD_010,1,3500
TICKET_001432,PROD_016,1,2500
TICKET_001433,PROD_004,1,4800
TICKET_001434,PROD_003,1,4500
TICKET_001434,PROD_023,1,3500
TICKET_001434,PROD_013,1,3500
TICKET_001435,PROD_008,1,3200
TICKET_001436,PROD_021,1,3500
TICKET_001436,PROD_030,1,4500
TICKET_001436,PROD_034,1,6500
TICKET_001437,PROD_021,1,3500
TICKET_001437,PROD_009,1,5000
TICKET_001437,PROD_018,1,2800
TICKET_001438,PROD_031,1,4500
TICKET_001438,PROD_003,1,4500
TICKET_001438,PROD_018,1,2800
TICKET_001439,PROD_021,1,3500
TICKET_001439,PROD_009,1,5000
TICKET_001440,PROD_009,1,5000
TICKET_001441,PROD_031,1,4500
TICKET_001441,PROD_011,1,2500
TICKET_001442,PROD_010,1,3500
TICKET_001443,PROD_021,1,3500
TICKET_001444,PROD_001,1,2500
TICKET_001445,PROD_006,1,2500
TICKET_001445,PROD_026,1,3500
TICKET_001446,PROD_019,1,3200
TICKET_001446,PROD_012,1,3000
TICKET_001446,PROD_021,1,3500
TICKET_001447,PROD_035,1,7500
TICKET_001448,PROD_003,1,4500
TICKET_001448,PROD_023,1,3500
TICKET_001449,PROD_006,1,2500
TICKET_001450,PROD_002,1,3500
TICKET_001450,PROD_017,1,2800
TICKET_001451,PROD_032,1,2500
TICKET_001452,PROD_006,1,2500
TICKET_001452,PROD_014,1,3800
TICKET_001452,PROD_034,1,6500
TICKET_001453,PROD_002,1,3500
TICKET_001453,PROD_035,1,7500
TICKET_001453,PROD_033,1,1500
TICKET_001454,PROD_031,1,4500
TICKET_001454,PROD_003,1,4500
TICKET_001454,PROD_019,1,3200
TICKET_001455,PROD_006,1,2500
TICKET_001456,PROD_019,1,3200
TICKET_001457,PROD_012,1,3000
TICKET_001457,PROD_024,1,3000
TICKET_001457,PROD_034,1,6500
TICKET_001458,PROD_001,1,2500
TICKET_001458,PROD_004,1,4800
TICKET_001459,PROD_002,1,3500
TICKET_001459,PROD_018,1,2800
TICKET_001459,PROD_001,1,2500
TICKET_001460,PROD_031,1,4500
TICKET_001461,PROD_016,1,2500
TICKET_001462,PROD_028,1,2000
TICKET_001463,PROD_012,1,3000
TICKET_001463,PROD_024,1,3000
TICKET_001464,PROD_012,1,3000
TICKET_001464,PROD_013,1,3500
TICKET_001465,PROD_012,1,3000
TICKET_001465,PROD_026,1,3500
TICKET_001466,PROD_009,1,5000
TICKET_001467,PROD_001,1,2500
TICKET_001467,PROD_015,1,2800
TICKET_001468,PROD_031,1,4500
TICKET_001468,PROD_003,1,4500
TICKET_001469,PROD_021,1,3500
TICKET_001469,PROD_009,1,5000
TICKET_001470,PROD_001,1,2500
TICKET_001471,PROD_012,1,3000
TICKET_001471,PROD_024,1,3000
TICKET_001472,PROD_024,1,3000
TICKET_001473,PROD_014,1,3800
TICKET_001474,PROD_012,1,3000
TICKET_001474,PROD_024,1,3000
TICKET_001474,PROD_032,1,2500
TICKET_001475,PROD_001,1,2500
TICKET_001475,PROD_015,1,2800
TICKET_001476,PROD_010,1,3500
TICKET_001476,PROD_016,1,2500
TICKET_001476,PROD_004,1,4800
TICKET_001477,PROD_031,1,4500
TICKET_001477,PROD_003,1,4500
TICKET_001477,PROD_001,1,2500
TICKET_001478,PROD_024,1,3000
TICKET_001479,PROD_019,1,3200
TICKET_001480,PROD_006,1,2500
TICKET_001481,PROD_012,1,3000
TICKET_001482,PROD_031,1,4500
TICKET_001483,PROD_009,1,5000
TICKET_001484,PROD_019,1,3200
TICKET_001484,PROD_008,1,3200
TICKET_001485,PROD_013,1,3500
TICKET_001486,PROD_010,1,3500
TICKET_001486,PROD_016,1,2500
TICKET_001486,PROD_021,1,3500
TICKET_001487,PROD_019,1,3200
TICKET_001487,PROD_033,1,1500
TICKET_001488,PROD_004,1,4800
TICKET_001489,PROD_006,1,2500
TICKET_001489,PROD_019,1,3200
TICKET_001489,PROD_008,1,3200
TICKET_001490,PROD_033,1,1500
TICKET_001491,PROD_012,1,3000
TICKET_001491,PROD_024,1,3000
TICKET_001491,PROD_003,1,4500
TICKET_001492,PROD_003,2,4500
TICKET_001492,PROD_023,1,3500
TICKET_001492,PROD_015,1,2800
TICKET_001493,PROD_034,1,6500
TICKET_001494,PROD_006,1,2500
TICKET_001494,PROD_028,1,2000
TICKET_001495,PROD_010,1,3500
TICKET_001496,PROD_014,1,3800
TICKET_001497,PROD_002,2,3500
TICKET_001497,PROD_017,1,2800
TICKET_001498,PROD_010,1,3500
TICKET_001498,PROD_016,1,2500
TICKET_001498,PROD_005,1,4000
TICKET_001499,PROD_024,1,3000
TICKET_001499,PROD_019,1,3200
TICKET_001500,PROD_001,2,2500
TICKET_001500,PROD_008,1,3200
TICKET_001501,PROD_002,1,3500
TICKET_001502,PROD_012,1,3000
TICKET_001503,PROD_001,1,2500
TICKET_001503,PROD_032,1,2500
TICKET_001504,PROD_021,1,3500
TICKET_001504,PROD_009,1,5000
TICKET_001505,PROD_003,1,4500
TICKET_001505,PROD_030,1,4500
TICKET_001505,PROD_012,1,3000
TICKET_001506,PROD_010,1,3500
TICKET_001507,PROD_010,1,3500
TICKET_001507,PROD_016,1,2500
TICKET_001507,PROD_034,1,6500
TICKET_001507,PROD_013,1,3500
TICKET_001508,PROD_017,1,2800
TICKET_001509,PROD_014,1,3800
TICKET_001510,PROD_031,1,4500
TICKET_001511,PROD_017,1,2800
TICKET_001511,PROD_031,1,4500
TICKET_001512,PROD_034,1,6500
TICKET_001513,PROD_032,1,2500
TICKET_001514,PROD_001,1,2500
TICKET_001514,PROD_024,1,3000
TICKET_001514,PROD_034,1,6500
TICKET_001515,PROD_002,1,3500
TICKET_001516,PROD_021,1,3500
TICKET_001517,PROD_021,1,3500
TICKET_001517,PROD_009,1,5000
TICKET_001518,PROD_006,1,2500
TICKET_001518,PROD_028,1,2000
TICKET_001519,PROD_010,1,3500
TICKET_001520,PROD_001,1,2500
TICKET_001520,PROD_015,1,2800
TICKET_001521,PROD_006,1,2500
TICKET_001521,PROD_028,1,2000
TICKET_001522,PROD_015,1,2800
TICKET_001522,PROD_029,1,3000
TICKET_001523,PROD_012,1,3000
TICKET_001523,PROD_013,1,3500
TICKET_001524,PROD_023,1,3500
TICKET_001525,PROD_010,1,3500
TICKET_001525,PROD_016,1,2500
TICKET_001525,PROD_021,1,3500
TICKET_001525,PROD_001,1,2500
TICKET_001526,PROD_001,2,2500
TICKET_001526,PROD_003,1,4500
TICKET_001527,PROD_016,1,2500
TICKET_001528,PROD_031,1,4500
TICKET_001528,PROD_027,1,2500
TICKET_001529,PROD_006,1,2500
TICKET_001530,PROD_003,1,4500
TICKET_001531,PROD_012,1,3000
TICKET_001531,PROD_035,1,7500
TICKET_001532,PROD_019,1,3200
TICKET_001532,PROD_012,1,3000
TICKET_001533,PROD_019,1,3200
TICKET_001534,PROD_004,1,4800
TICKET_001535,PROD_012,1,3000
TICKET_001535,PROD_024,1,3000
TICKET_001535,PROD_002,1,3500
TICKET_001536,PROD_012,1,3000
TICKET_001537,PROD_002,1,3500
TICKET_001538,PROD_012,1,3000
TICKET_001538,PROD_024,1,3000
TICKET_001538,PROD_021,1,3500
TICKET_001539,PROD_011,1,2500
TICKET_001540,PROD_019,1,3200
TICKET_001540,PROD_012,1,3000
TICKET_001540,PROD_033,1,1500
TICKET_001541,PROD_018,1,2800
TICKET_001542,PROD_001,1,2500
TICKET_001542,PROD_015,1,2800
TICKET_001543,PROD_001,1,2500
TICKET_001544,PROD_012,1,3000
TICKET_001544,PROD_024,1,3000
TICKET_001544,PROD_030,1,4500
TICKET_001545,PROD_021,1,3500
TICKET_001545,PROD_009,1,5000
TICKET_001546,PROD_021,1,3500
TICKET_001547,PROD_021,1,3500
TICKET_001547,PROD_001,1,2500
TICKET_001548,PROD_010,1,3500
TICKET_001548,PROD_012,1,3000
TICKET_001549,PROD_021,1,3500
TICKET_001549,PROD_027,1,2500
TICKET_001550,PROD_010,1,3500
TICKET_001550,PROD_016,1,2500
TICKET_001550,PROD_028,1,2000
TICKET_001550,PROD_009,1,5000
TICKET_001551,PROD_012,1,3000
TICKET_001552,PROD_003,1,4500
TICKET_001552,PROD_023,1,3500
TICKET_001553,PROD_002,1,3500
TICKET_001553,PROD_017,1,2800
TICKET_001554,PROD_017,1,2800
TICKET_001554,PROD_029,1,3000
TICKET_001555,PROD_028,1,2000
TICKET_001555,PROD_021,1,3500
TICKET_001556,PROD_034,1,6500
TICKET_001557,PROD_035,1,7500
TICKET_001558,PROD_003,1,4500
TICKET_001558,PROD_023,1,3500
TICKET_001559,PROD_031,1,4500
TICKET_001559,PROD_003,1,4500
TICKET_001559,PROD_029,1,3000
TICKET_001560,PROD_021,1,3500
TICKET_001561,PROD_001,2,2500
TICKET_001561,PROD_027,1,2500
TICKET_001561,PROD_021,1,3500
TICKET_001562,PROD_010,1,3500
TICKET_001562,PROD_016,1,2500
TICKET_001563,PROD_012,1,3000
TICKET_001564,PROD_031,1,4500
TICKET_001565,PROD_010,1,3500
TICKET_001566,PROD_003,1,4500
TICKET_001566,PROD_023,1,3500
TICKET_001567,PROD_012,1,3000
TICKET_001568,PROD_015,1,2800
TICKET_001569,PROD_002,1,3500
TICKET_001569,PROD_017,1,2800
TICKET_001569,PROD_003,1,4500
TICKET_001570,PROD_001,1,2500
TICKET_001570,PROD_010,1,3500
TICKET_001571,PROD_030,1,4500
TICKET_001572,PROD_002,1,3500
TICKET_001573,PROD_002,1,3500
TICKET_001574,PROD_031,1,4500
TICKET_001574,PROD_013,1,3500
TICKET_001574,PROD_001,1,2500
TICKET_001575,PROD_002,1,3500
TICKET_001575,PROD_017,1,2800
TICKET_001576,PROD_006,1,2500
TICKET_001576,PROD_028,1,2000
TICKET_001577,PROD_011,1,2500
TICKET_001578,PROD_012,1,3000
TICKET_001578,PROD_024,1,3000
TICKET_001578,PROD_026,1,3500
TICKET_001579,PROD_019,1,3200
TICKET_001579,PROD_012,1,3000
TICKET_001580,PROD_025,1,3500
TICKET_001581,PROD_010,1,3500
TICKET_001581,PROD_016,1,2500
TICKET_001582,PROD_002,1,3500
TICKET_001583,PROD_001,2,2500
TICKET_001583,PROD_031,1,4500
TICKET_001584,PROD_001,1,2500
TICKET_001585,PROD_015,1,2800
TICKET_001586,PROD_003,1,4500
TICKET_001586,PROD_023,1,3500
TICKET_001587,PROD_012,1,3000
TICKET_001587,PROD_024,1,3000
TICKET_001588,PROD_026,1,3500
TICKET_001589,PROD_031,1,4500
TICKET_001590,PROD_006,1,2500
TICKET_001590,PROD_028,1,2000
TICKET_001590,PROD_014,1,3800
TICKET_001590,PROD_029,1,3000
TICKET_001591,PROD_018,1,2800
TICKET_001591,PROD_026,1,3500
TICKET_001592,PROD_021,1,3500
TICKET_001593,PROD_013,1,3500
TICKET_001594,PROD_021,1,3500
TICKET_001594,PROD_009,1,5000
TICKET_001595,PROD_021,1,3500
TICKET_001596,PROD_023,1,3500
TICKET_001596,PROD_034,1,6500
TICKET_001597,PROD_025,1,3500
TICKET_001598,PROD_033,1,1500
TICKET_001599,PROD_012,1,3000
TICKET_001600,PROD_032,1,2500
TICKET_001601,PROD_004,1,4800
TICKET_001601,PROD_029,1,3000
TICKET_001602,PROD_001,2,2500
TICKET_001603,PROD_003,1,4500
TICKET_001604,PROD_019,1,3200
TICKET_001604,PROD_008,1,3200
TICKET_001604,PROD_002,1,3500
TICKET_001605,PROD_013,1,3500
TICKET_001606,PROD_021,1,3500
TICKET_001606,PROD_009,1,5000
TICKET_001606,PROD_019,1,3200
TICKET_001607,PROD_025,1,3500
TICKET_001608,PROD_012,1,3000
TICKET_001608,PROD_024,1,3000
TICKET_001608,PROD_028,1,2000
TICKET_001609,PROD_010,1,3500
TICKET_001609,PROD_003,1,4500
TICKET_001609,PROD_004,1,4800
TICKET_001610,PROD_002,1,3500
TICKET_001611,PROD_003,1,4500
TICKET_001611,PROD_023,1,3500
TICKET_001612,PROD_019,1,3200
TICKET_001612,PROD_012,1,3000
TICKET_001613,PROD_019,1,3200
TICKET_001613,PROD_012,1,3000
TICKET_001613,PROD_004,1,4800
TICKET_001614,PROD_002,1,3500
TICKET_001614,PROD_017,1,2800
TICKET_001614,PROD_030,1,4500
TICKET_001614,PROD_034,1,6500
TICKET_001615,PROD_022,1,3500
TICKET_001616,PROD_002,1,3500
TICKET_001616,PROD_017,1,2800
TICKET_001617,PROD_006,1,2500
TICKET_001618,PROD_010,1,3500
TICKET_001618,PROD_016,1,2500
TICKET_001619,PROD_005,1,4000
TICKET_001619,PROD_001,1,2500
TICKET_001620,PROD_012,1,3000
TICKET_001620,PROD_024,1,3000
TICKET_001621,PROD_021,1,3500
TICKET_001621,PROD_014,1,3800
TICKET_001622,PROD_021,1,3500
TICKET_001623,PROD_028,1,2000
TICKET_001623,PROD_010,1,3500
TICKET_001624,PROD_010,1,3500
TICKET_001624,PROD_016,1,2500
TICKET_001624,PROD_026,1,3500
TICKET_001625,PROD_031,1,4500
TICKET_001626,PROD_002,1,3500
TICKET_001626,PROD_017,1,2800
TICKET_001627,PROD_001,2,2500
TICKET_001627,PROD_008,1,3200
TICKET_001627,PROD_028,1,2000
TICKET_001628,PROD_023,1,3500
TICKET_001628,PROD_031,1,4500
TICKET_001629,PROD_035,1,7500
TICKET_001630,PROD_034,1,6500
TICKET_001630,PROD_012,1,3000
TICKET_001631,PROD_014,1,3800
TICKET_001632,PROD_001,1,2500
TICKET_001632,PROD_015,1,2800
TICKET_001633,PROD_016,1,2500
TICKET_001634,PROD_001,1,2500
TICKET_001634,PROD_015,1,2800
TICKET_001634,PROD_031,1,4500
TICKET_001635,PROD_006,1,2500
TICKET_001635,PROD_028,1,2000
TICKET_001636,PROD_006,1,2500
TICKET_001636,PROD_028,1,2000
TICKET_001637,PROD_001,2,2500
TICKET_001638,PROD_028,1,2000
TICKET_001639,PROD_008,1,3200
TICKET_001640,PROD_019,1,3200
TICKET_001641,PROD_012,1,3000
TICKET_001641,PROD_024,1,3000
TICKET_001642,PROD_003,1,4500
TICKET_001643,PROD_012,1,3000
TICKET_001643,PROD_024,1,3000
TICKET_001644,PROD_006,1,2500
TICKET_001644,PROD_028,1,2000
TICKET_001645,PROD_010,1,3500
TICKET_001645,PROD_012,1,3000
TICKET_001645,PROD_003,1,4500
TICKET_001646,PROD_004,1,4800
TICKET_001647,PROD_010,1,3500
TICKET_001648,PROD_003,1,4500
TICKET_001648,PROD_023,1,3500
TICKET_001648,PROD_016,1,2500
TICKET_001648,PROD_010,1,3500
TICKET_001649,PROD_021,1,3500
TICKET_001649,PROD_009,1,5000
TICKET_001649,PROD_010,1,3500
TICKET_001650,PROD_003,1,4500
TICKET_001650,PROD_023,1,3500
TICKET_001650,PROD_001,1,2500
TICKET_001650,PROD_032,1,2500
TICKET_001651,PROD_019,1,3200
TICKET_001652,PROD_013,1,3500
TICKET_001653,PROD_009,1,5000
TICKET_001654,PROD_031,1,4500
TICKET_001654,PROD_029,1,3000
TICKET_001655,PROD_033,1,1500
TICKET_001656,PROD_021,1,3500
TICKET_001656,PROD_009,1,5000
TICKET_001657,PROD_019,1,3200
TICKET_001657,PROD_012,1,3000
TICKET_001657,PROD_001,1,2500
TICKET_001658,PROD_018,1,2800
TICKET_001659,PROD_029,1,3000
TICKET_001660,PROD_021,1,3500
TICKET_001660,PROD_024,1,3000
TICKET_001661,PROD_001,2,2500
TICKET_001662,PROD_002,1,3500
TICKET_001662,PROD_017,1,2800
TICKET_001662,PROD_001,1,2500
TICKET_001663,PROD_003,1,4500
TICKET_001663,PROD_023,1,3500
TICKET_001663,PROD_002,2,3500
TICKET_001664,PROD_012,1,3000
TICKET_001665,PROD_024,1,3000
TICKET_001666,PROD_003,1,4500
TICKET_001666,PROD_023,1,3500
TICKET_001666,PROD_027,1,2500
TICKET_001666,PROD_010,1,3500
TICKET_001667,PROD_008,1,3200
TICKET_001667,PROD_012,1,3000
TICKET_001668,PROD_021,1,3500
TICKET_001669,PROD_019,1,3200
TICKET_001669,PROD_012,1,3000
TICKET_001670,PROD_001,1,2500
TICKET_001670,PROD_015,1,2800
TICKET_001671,PROD_010,1,3500
TICKET_001672,PROD_006,1,2500
TICKET_001672,PROD_028,1,2000
TICKET_001673,PROD_001,2,2500
TICKET_001673,PROD_021,1,3500
TICKET_001674,PROD_013,1,3500
TICKET_001675,PROD_027,1,2500
TICKET_001675,PROD_020,1,3200
TICKET_001676,PROD_026,1,3500
TICKET_001677,PROD_021,1,3500
TICKET_001678,PROD_005,1,4000
TICKET_001679,PROD_002,1,3500
TICKET_001679,PROD_017,1,2800
TICKET_001679,PROD_005,1,4000
TICKET_001679,PROD_010,1,3500
TICKET_001680,PROD_019,1,3200
TICKET_001680,PROD_012,1,3000
TICKET_001681,PROD_001,1,2500
TICKET_001681,PROD_035,1,7500
TICKET_001681,PROD_023,1,3500
TICKET_001682,PROD_012,1,3000
TICKET_001683,PROD_010,1,3500
TICKET_001683,PROD_016,1,2500
TICKET_001684,PROD_010,1,3500
TICKET_001684,PROD_016,1,2500
TICKET_001685,PROD_028,1,2000
TICKET_001686,PROD_003,2,4500
TICKET_001687,PROD_006,1,2500
TICKET_001688,PROD_021,1,3500
TICKET_001688,PROD_009,1,5000
TICKET_001688,PROD_029,1,3000
TICKET_001689,PROD_002,1,3500
TICKET_001689,PROD_017,1,2800
TICKET_001690,PROD_021,1,3500
TICKET_001690,PROD_009,1,5000
TICKET_001690,PROD_035,1,7500
TICKET_001690,PROD_002,1,3500
TICKET_001691,PROD_002,1,3500
TICKET_001692,PROD_012,1,3000
TICKET_001693,PROD_019,1,3200
TICKET_001694,PROD_031,1,4500
TICKET_001694,PROD_003,1,4500
TICKET_001695,PROD_002,1,3500
TICKET_001695,PROD_017,1,2800
TICKET_001696,PROD_013,1,3500
TICKET_001696,PROD_016,1,2500
TICKET_001697,PROD_035,1,7500
TICKET_001697,PROD_032,1,2500
TICKET_001698,PROD_003,1,4500
TICKET_001699,PROD_035,1,7500
TICKET_001699,PROD_012,1,3000
TICKET_001700,PROD_013,1,3500
TICKET_001701,PROD_033,1,1500
TICKET_001702,PROD_003,1,4500
TICKET_001702,PROD_023,1,3500
TICKET_001702,PROD_009,1,5000
TICKET_001702,PROD_012,1,3000
TICKET_001703,PROD_012,1,3000
TICKET_001703,PROD_024,1,3000
TICKET_001704,PROD_031,1,4500
TICKET_001704,PROD_003,1,4500
TICKET_001705,PROD_035,1,7500
TICKET_001705,PROD_020,1,3200
TICKET_001706,PROD_033,1,1500
TICKET_001707,PROD_031,1,4500
TICKET_001707,PROD_003,1,4500
TICKET_001708,PROD_012,1,3000
TICKET_001709,PROD_014,1,3800
TICKET_001710,PROD_015,1,2800
TICKET_001711,PROD_012,1,3000
TICKET_001712,PROD_010,1,3500
TICKET_001712,PROD_016,1,2500
TICKET_001712,PROD_026,1,3500
TICKET_001712,PROD_025,1,3500
TICKET_001713,PROD_021,1,3500
TICKET_001714,PROD_002,1,3500
TICKET_001714,PROD_017,1,2800
TICKET_001715,PROD_002,1,3500
TICKET_001716,PROD_001,1,2500
TICKET_001716,PROD_015,1,2800
TICKET_001717,PROD_003,1,4500
TICKET_001717,PROD_023,1,3500
TICKET_001718,PROD_019,1,3200
TICKET_001718,PROD_028,1,2000
TICKET_001719,PROD_002,1,3500
TICKET_001719,PROD_017,1,2800
TICKET_001720,PROD_015,1,2800
TICKET_001721,PROD_008,1,3200
TICKET_001721,PROD_002,1,3500
TICKET_001722,PROD_006,1,2500
TICKET_001723,PROD_001,1,2500
TICKET_001724,PROD_001,1,2500
TICKET_001724,PROD_007,1,4500
TICKET_001725,PROD_021,1,3500
TICKET_001725,PROD_009,1,5000
TICKET_001725,PROD_011,1,2500
TICKET_001725,PROD_035,1,7500
TICKET_001726,PROD_002,1,3500
TICKET_001727,PROD_010,1,3500
TICKET_001728,PROD_006,1,2500
TICKET_001728,PROD_028,1,2000
TICKET_001728,PROD_002,1,3500
TICKET_001729,PROD_009,1,5000
TICKET_001730,PROD_019,1,3200
TICKET_001731,PROD_019,1,3200
TICKET_001731,PROD_012,1,3000
TICKET_001731,PROD_022,1,3500
TICKET_001732,PROD_019,1,3200
TICKET_001733,PROD_030,1,4500
TICKET_001734,PROD_006,1,2500
TICKET_001735,PROD_031,1,4500
TICKET_001735,PROD_003,1,4500
TICKET_001736,PROD_005,1,4000
TICKET_001737,PROD_023,1,3500
TICKET_001737,PROD_013,1,3500
TICKET_001738,PROD_033,1,1500
TICKET_001739,PROD_017,1,2800
TICKET_001740,PROD_010,1,3500
TICKET_001740,PROD_016,1,2500
TICKET_001741,PROD_002,1,3500
TICKET_001741,PROD_017,1,2800
TICKET_001741,PROD_026,1,3500
TICKET_001741,PROD_023,1,3500
TICKET_001742,PROD_021,1,3500
TICKET_001742,PROD_009,1,5000
TICKET_001743,PROD_002,1,3500
TICKET_001743,PROD_017,1,2800
TICKET_001743,PROD_008,1,3200
TICKET_001744,PROD_012,1,3000
TICKET_001744,PROD_035,1,7500
TICKET_001745,PROD_031,1,4500
TICKET_001745,PROD_003,1,4500
TICKET_001746,PROD_010,1,3500
TICKET_001746,PROD_018,1,2800
TICKET_001746,PROD_009,1,5000
TICKET_001747,PROD_021,1,3500
TICKET_001747,PROD_009,1,5000
TICKET_001747,PROD_027,1,2500
TICKET_001747,PROD_011,1,2500
TICKET_001748,PROD_002,1,3500
TICKET_001748,PROD_017,1,2800
TICKET_001748,PROD_010,1,3500
TICKET_001749,PROD_013,1,3500
TICKET_001750,PROD_010,1,3500
TICKET_001750,PROD_016,1,2500
TICKET_001750,PROD_020,1,3200
TICKET_001750,PROD_025,1,3500
TICKET_001751,PROD_016,1,2500
TICKET_001752,PROD_017,1,2800
TICKET_001753,PROD_001,1,2500
TICKET_001753,PROD_004,1,4800
TICKET_001754,PROD_025,1,3500
TICKET_001755,PROD_029,1,3000
TICKET_001755,PROD_030,1,4500
TICKET_001756,PROD_001,2,2500
TICKET_001757,PROD_031,1,4500
TICKET_001757,PROD_003,1,4500
TICKET_001757,PROD_028,1,2000
TICKET_001758,PROD_001,2,2500
TICKET_001759,PROD_029,1,3000
TICKET_001760,PROD_001,1,2500
TICKET_001760,PROD_015,1,2800
TICKET_001760,PROD_014,1,3800
TICKET_001761,PROD_010,1,3500
TICKET_001761,PROD_012,1,3000
TICKET_001762,PROD_003,1,4500
TICKET_001762,PROD_023,1,3500
TICKET_001762,PROD_022,1,3500
TICKET_001763,PROD_019,1,3200
TICKET_001763,PROD_012,1,3000
TICKET_001763,PROD_002,1,3500
TICKET_001764,PROD_001,1,2500
TICKET_001764,PROD_015,1,2800
TICKET_001764,PROD_017,1,2800
TICKET_001765,PROD_001,1,2500
TICKET_001765,PROD_015,1,2800
TICKET_001765,PROD_002,1,3500
TICKET_001766,PROD_021,1,3500
TICKET_001766,PROD_003,1,4500
TICKET_001767,PROD_019,1,3200
TICKET_001768,PROD_002,1,3500
TICKET_001768,PROD_011,1,2500
TICKET_001768,PROD_005,1,4000
TICKET_001769,PROD_021,1,3500
TICKET_001769,PROD_009,1,5000
TICKET_001770,PROD_010,1,3500
TICKET_001771,PROD_035,1,7500
TICKET_001772,PROD_001,1,2500
TICKET_001772,PROD_012,1,3000
TICKET_001773,PROD_021,1,3500
TICKET_001773,PROD_028,1,2000
TICKET_001773,PROD_004,1,4800
TICKET_001774,PROD_001,1,2500
TICKET_001775,PROD_001,1,2500
TICKET_001775,PROD_010,1,3500
TICKET_001776,PROD_006,1,2500
TICKET_001776,PROD_028,1,2000
TICKET_001777,PROD_001,1,2500
TICKET_001777,PROD_015,1,2800
TICKET_001778,PROD_010,1,3500
TICKET_001779,PROD_021,2,3500
TICKET_001780,PROD_006,1,2500
TICKET_001781,PROD_021,1,3500
TICKET_001781,PROD_009,1,5000
TICKET_001781,PROD_022,1,3500
TICKET_001782,PROD_031,1,4500
TICKET_001783,PROD_012,1,3000
TICKET_001783,PROD_024,1,3000
TICKET_001783,PROD_026,1,3500
TICKET_001783,PROD_029,1,3000
TICKET_001784,PROD_031,1,4500
TICKET_001784,PROD_003,1,4500
TICKET_001785,PROD_001,1,2500
TICKET_001785,PROD_033,1,1500
TICKET_001785,PROD_012,1,3000
TICKET_001786,PROD_003,1,4500
TICKET_001786,PROD_023,1,3500
TICKET_001787,PROD_019,1,3200
TICKET_001787,PROD_002,1,3500
TICKET_001788,PROD_001,2,2500
TICKET_001788,PROD_012,1,3000
TICKET_001788,PROD_034,1,6500
TICKET_001789,PROD_010,1,3500
TICKET_001789,PROD_003,1,4500
TICKET_001790,PROD_012,1,3000
TICKET_001791,PROD_022,1,3500
TICKET_001792,PROD_019,1,3200
TICKET_001793,PROD_020,1,3200
TICKET_001794,PROD_023,1,3500
TICKET_001795,PROD_001,2,2500
TICKET_001796,PROD_003,1,4500
TICKET_001796,PROD_023,2,3500
TICKET_001796,PROD_014,1,3800
TICKET_001797,PROD_025,1,3500
TICKET_001798,PROD_002,1,3500
TICKET_001799,PROD_021,1,3500
TICKET_001800,PROD_031,1,4500
TICKET_001801,PROD_001,1,2500
TICKET_001801,PROD_015,1,2800
TICKET_001801,PROD_034,1,6500
TICKET_001802,PROD_007,1,4500
TICKET_001803,PROD_010,1,3500
TICKET_001803,PROD_016,1,2500
TICKET_001803,PROD_021,1,3500
TICKET_001804,PROD_004,1,4800
TICKET_001804,PROD_027,1,2500
TICKET_001805,PROD_003,1,4500
TICKET_001805,PROD_023,1,3500
TICKET_001806,PROD_006,1,2500
TICKET_001806,PROD_008,1,3200
TICKET_001807,PROD_002,1,3500
TICKET_001807,PROD_017,1,2800
TICKET_001807,PROD_035,1,7500
TICKET_001808,PROD_012,1,3000
TICKET_001809,PROD_012,1,3000
TICKET_001810,PROD_008,1,3200
TICKET_001811,PROD_019,1,3200
TICKET_001812,PROD_004,1,4800
TICKET_001813,PROD_003,1,4500
TICKET_001813,PROD_023,1,3500
TICKET_001813,PROD_009,1,5000
TICKET_001814,PROD_012,1,3000
TICKET_001814,PROD_024,1,3000
TICKET_001814,PROD_019,1,3200
TICKET_001814,PROD_034,1,6500
TICKET_001815,PROD_028,1,2000
TICKET_001816,PROD_019,1,3200
TICKET_001816,PROD_012,1,3000
TICKET_001817,PROD_003,1,4500
TICKET_001818,PROD_006,1,2500
TICKET_001819,PROD_010,1,3500
TICKET_001819,PROD_016,1,2500
TICKET_001820,PROD_031,1,4500
TICKET_001821,PROD_012,1,3000
TICKET_001821,PROD_024,1,3000
TICKET_001822,PROD_009,1,5000
TICKET_001823,PROD_031,1,4500
TICKET_001824,PROD_006,1,2500
TICKET_001824,PROD_028,1,2000
TICKET_001825,PROD_019,1,3200
TICKET_001825,PROD_001,1,2500
TICKET_001826,PROD_001,1,2500
TICKET_001826,PROD_015,1,2800
TICKET_001826,PROD_011,1,2500
TICKET_001827,PROD_001,2,2500
TICKET_001828,PROD_002,1,3500
TICKET_001828,PROD_017,1,2800
TICKET_001828,PROD_001,1,2500
TICKET_001828,PROD_026,1,3500
TICKET_001829,PROD_006,1,2500
TICKET_001829,PROD_028,1,2000
TICKET_001830,PROD_013,1,3500
TICKET_001831,PROD_013,1,3500
TICKET_001831,PROD_010,1,3500
TICKET_001832,PROD_031,1,4500
TICKET_001832,PROD_012,1,3000
TICKET_001833,PROD_021,1,3500
TICKET_001833,PROD_009,1,5000
TICKET_001833,PROD_034,1,6500
TICKET_001834,PROD_001,1,2500
TICKET_001834,PROD_015,1,2800
TICKET_001835,PROD_006,1,2500
TICKET_001835,PROD_028,1,2000
TICKET_001835,PROD_034,1,6500
TICKET_001836,PROD_016,1,2500
TICKET_001836,PROD_025,1,3500
TICKET_001837,PROD_012,1,3000
TICKET_001837,PROD_034,1,6500
TICKET_001838,PROD_031,1,4500
TICKET_001838,PROD_020,1,3200
TICKET_001838,PROD_010,1,3500
TICKET_001839,PROD_019,1,3200
TICKET_001839,PROD_012,1,3000
TICKET_001840,PROD_008,1,3200
TICKET_001841,PROD_031,1,4500
TICKET_001841,PROD_003,1,4500
TICKET_001841,PROD_029,1,3000
TICKET_001841,PROD_017,1,2800
TICKET_001842,PROD_015,1,2800
TICKET_001843,PROD_003,1,4500
TICKET_001843,PROD_023,1,3500
TICKET_001843,PROD_014,1,3800
TICKET_001844,PROD_026,1,3500
TICKET_001845,PROD_019,1,3200
TICKET_001846,PROD_002,1,3500
TICKET_001846,PROD_017,1,2800
TICKET_001847,PROD_001,1,2500
TICKET_001847,PROD_028,1,2000
TICKET_001848,PROD_019,1,3200
TICKET_001848,PROD_012,1,3000
TICKET_001848,PROD_017,1,2800
TICKET_001849,PROD_003,1,4500
TICKET_001850,PROD_021,1,3500
TICKET_001851,PROD_015,1,2800
TICKET_001851,PROD_013,1,3500
TICKET_001852,PROD_031,1,4500
TICKET_001853,PROD_033,1,1500
TICKET_001854,PROD_019,1,3200
TICKET_001855,PROD_010,1,3500
TICKET_001855,PROD_016,1,2500
TICKET_001856,PROD_003,1,4500
TICKET_001856,PROD_023,1,3500
TICKET_001857,PROD_001,1,2500
TICKET_001857,PROD_015,1,2800
TICKET_001858,PROD_019,1,3200
TICKET_001859,PROD_010,1,3500
TICKET_001860,PROD_021,1,3500
TICKET_001860,PROD_009,1,5000
TICKET_001861,PROD_002,1,3500
TICKET_001861,PROD_017,1,2800
TICKET_001861,PROD_024,1,3000
TICKET_001862,PROD_003,1,4500
TICKET_001863,PROD_035,1,7500
TICKET_001863,PROD_002,1,3500
TICKET_001864,PROD_031,1,4500
TICKET_001865,PROD_006,1,2500
TICKET_001865,PROD_028,1,2000
TICKET_001866,PROD_021,1,3500
TICKET_001867,PROD_001,1,2500
TICKET_001868,PROD_017,1,2800
TICKET_001869,PROD_019,1,3200
TICKET_001869,PROD_012,1,3000
TICKET_001869,PROD_003,1,4500
TICKET_001870,PROD_013,1,3500
TICKET_001871,PROD_016,1,2500
TICKET_001872,PROD_021,1,3500
TICKET_001873,PROD_014,1,3800
TICKET_001873,PROD_028,1,2000
TICKET_001874,PROD_001,1,2500
TICKET_001874,PROD_035,1,7500
TICKET_001874,PROD_002,1,3500
TICKET_001875,PROD_012,1,3000
TICKET_001876,PROD_010,1,3500
TICKET_001876,PROD_016,1,2500
TICKET_001876,PROD_032,1,2500
TICKET_001877,PROD_013,1,3500
TICKET_001877,PROD_009,1,5000
TICKET_001878,PROD_008,1,3200
TICKET_001879,PROD_007,1,4500
TICKET_001879,PROD_004,1,4800
TICKET_001880,PROD_012,1,3000
TICKET_001880,PROD_024,1,3000
TICKET_001881,PROD_023,1,3500
TICKET_001882,PROD_001,1,2500
TICKET_001882,PROD_015,1,2800
TICKET_001883,PROD_031,1,4500
TICKET_001884,PROD_021,1,3500
TICKET_001884,PROD_009,1,5000
TICKET_001884,PROD_017,1,2800
TICKET_001885,PROD_005,1,4000
TICKET_001885,PROD_002,1,3500
TICKET_001886,PROD_028,1,2000
TICKET_001887,PROD_018,1,2800
TICKET_001888,PROD_012,1,3000
TICKET_001889,PROD_006,1,2500
TICKET_001890,PROD_028,1,2000
TICKET_001891,PROD_001,1,2500
TICKET_001892,PROD_006,1,2500
TICKET_001892,PROD_028,1,2000
TICKET_001893,PROD_032,1,2500
TICKET_001894,PROD_035,1,7500
TICKET_001894,PROD_029,1,3000
TICKET_001895,PROD_026,1,3500
TICKET_001896,PROD_031,1,4500
TICKET_001897,PROD_012,1,3000
TICKET_001898,PROD_003,1,4500
TICKET_001898,PROD_023,1,3500
TICKET_001899,PROD_012,1,3000
TICKET_001899,PROD_024,1,3000
TICKET_001900,PROD_012,1,3000
TICKET_001900,PROD_024,1,3000
TICKET_001901,PROD_001,1,2500
TICKET_001901,PROD_015,1,2800
TICKET_001901,PROD_029,1,3000
TICKET_001902,PROD_001,1,2500
TICKET_001902,PROD_012,1,3000
TICKET_001903,PROD_001,1,2500
TICKET_001904,PROD_004,1,4800
TICKET_001904,PROD_022,1,3500
TICKET_001905,PROD_031,1,4500
TICKET_001906,PROD_019,1,3200
TICKET_001906,PROD_012,1,3000
TICKET_001906,PROD_009,1,5000
TICKET_001907,PROD_021,1,3500
TICKET_001908,PROD_019,1,3200
TICKET_001908,PROD_012,1,3000
TICKET_001909,PROD_001,1,2500
TICKET_001909,PROD_015,1,2800
TICKET_001909,PROD_025,1,3500
TICKET_001910,PROD_010,2,3500
TICKET_001910,PROD_016,1,2500
TICKET_001911,PROD_007,1,4500
TICKET_001912,PROD_035,1,7500
TICKET_001913,PROD_031,1,4500
TICKET_001914,PROD_021,1,3500
TICKET_001914,PROD_009,1,5000
TICKET_001914,PROD_024,1,3000
TICKET_001915,PROD_031,1,4500
TICKET_001916,PROD_021,1,3500
TICKET_001916,PROD_009,1,5000
TICKET_001917,PROD_033,1,1500
TICKET_001918,PROD_003,1,4500
TICKET_001918,PROD_023,1,3500
TICKET_001919,PROD_006,1,2500
TICKET_001919,PROD_028,1,2000
TICKET_001919,PROD_008,1,3200
TICKET_001919,PROD_031,1,4500
TICKET_001920,PROD_026,1,3500
TICKET_001920,PROD_034,1,6500
TICKET_001921,PROD_003,1,4500
TICKET_001921,PROD_023,1,3500
TICKET_001922,PROD_001,1,2500
TICKET_001923,PROD_006,1,2500
TICKET_001923,PROD_028,2,2000
TICKET_001923,PROD_009,1,5000
TICKET_001924,PROD_007,1,4500
TICKET_001925,PROD_001,1,2500
TICKET_001925,PROD_015,1,2800
TICKET_001925,PROD_026,1,3500
TICKET_001925,PROD_003,1,4500
TICKET_001926,PROD_006,1,2500
TICKET_001926,PROD_015,1,2800
TICKET_001927,PROD_010,1,3500
TICKET_001927,PROD_016,1,2500
TICKET_001927,PROD_033,1,1500
TICKET_001928,PROD_012,1,3000
TICKET_001928,PROD_024,1,3000
TICKET_001929,PROD_031,1,4500
TICKET_001929,PROD_003,1,4500
TICKET_001930,PROD_019,1,3200
TICKET_001931,PROD_003,1,4500
TICKET_001932,PROD_031,1,4500
TICKET_001933,PROD_009,1,5000
TICKET_001933,PROD_028,1,2000
TICKET_001934,PROD_034,1,6500
TICKET_001935,PROD_012,1,3000
TICKET_001935,PROD_024,1,3000
TICKET_001935,PROD_001,1,2500
TICKET_001936,PROD_006,1,2500
TICKET_001936,PROD_010,1,3500
TICKET_001937,PROD_012,1,3000
TICKET_001938,PROD_001,1,2500
TICKET_001939,PROD_021,1,3500
TICKET_001940,PROD_007,1,4500
TICKET_001941,PROD_001,1,2500
TICKET_001941,PROD_015,1,2800
TICKET_001941,PROD_006,1,2500
TICKET_001942,PROD_009,1,5000
TICKET_001943,PROD_001,1,2500
TICKET_001943,PROD_015,1,2800
TICKET_001943,PROD_008,1,3200
TICKET_001943,PROD_007,1,4500
TICKET_001944,PROD_031,1,4500
TICKET_001944,PROD_003,1,4500
TICKET_001945,PROD_025,1,3500
TICKET_001945,PROD_026,1,3500
TICKET_001946,PROD_012,1,3000
TICKET_001947,PROD_010,1,3500
TICKET_001947,PROD_016,1,2500
TICKET_001948,PROD_023,1,3500
TICKET_001949,PROD_021,1,3500
TICKET_001949,PROD_009,1,5000
TICKET_001950,PROD_021,1,3500
TICKET_001950,PROD_012,1,3000
TICKET_001951,PROD_010,1,3500
TICKET_001951,PROD_016,2,2500
TICKET_001951,PROD_034,1,6500
TICKET_001952,PROD_009,1,5000
TICKET_001953,PROD_013,1,3500
TICKET_001954,PROD_005,1,4000
TICKET_001955,PROD_032,1,2500
TICKET_001955,PROD_011,1,2500
TICKET_001956,PROD_012,1,3000
TICKET_001956,PROD_016,1,2500
TICKET_001957,PROD_026,1,3500
TICKET_001958,PROD_008,1,3200
TICKET_001959,PROD_029,1,3000
TICKET_001959,PROD_023,1,3500
TICKET_001960,PROD_001,1,2500
TICKET_001961,PROD_010,1,3500
TICKET_001961,PROD_016,1,2500
TICKET_001962,PROD_032,1,2500
TICKET_001963,PROD_021,1,3500
TICKET_001964,PROD_009,1,5000
TICKET_001964,PROD_018,1,2800
TICKET_001965,PROD_035,1,7500
TICKET_001966,PROD_012,1,3000
TICKET_001967,PROD_012,1,3000
TICKET_001967,PROD_024,1,3000
TICKET_001968,PROD_001,1,2500
TICKET_001968,PROD_015,1,2800
TICKET_001969,PROD_006,1,2500
TICKET_001969,PROD_028,1,2000
TICKET_001969,PROD_029,1,3000
TICKET_001970,PROD_031,1,4500
TICKET_001970,PROD_003,1,4500
TICKET_001971,PROD_003,1,4500
TICKET_001971,PROD_023,1,3500
TICKET_001972,PROD_001,2,2500
TICKET_001973,PROD_001,1,2500
TICKET_001973,PROD_015,1,2800
TICKET_001974,PROD_031,1,4500
TICKET_001974,PROD_032,1,2500
TICKET_001975,PROD_031,1,4500
TICKET_001975,PROD_003,1,4500
TICKET_001975,PROD_034,1,6500
TICKET_001976,PROD_007,1,4500
TICKET_001977,PROD_021,1,3500
TICKET_001977,PROD_009,1,5000
TICKET_001977,PROD_024,1,3000
TICKET_001978,PROD_021,1,3500
TICKET_001979,PROD_002,1,3500
TICKET_001979,PROD_026,1,3500
TICKET_001979,PROD_025,1,3500
TICKET_001980,PROD_002,1,3500
TICKET_001980,PROD_017,1,2800
TICKET_001980,PROD_029,1,3000
TICKET_001981,PROD_003,1,4500
TICKET_001981,PROD_023,1,3500
TICKET_001981,PROD_031,1,4500
TICKET_001981,PROD_035,1,7500
TICKET_001982,PROD_010,1,3500
TICKET_001982,PROD_016,1,2500
TICKET_001983,PROD_034,1,6500
TICKET_001984,PROD_019,1,3200
TICKET_001984,PROD_012,1,3000
TICKET_001984,PROD_021,1,3500
TICKET_001984,PROD_010,1,3500
TICKET_001985,PROD_022,1,3500
TICKET_001986,PROD_024,1,3000
TICKET_001987,PROD_001,1,2500
TICKET_001987,PROD_015,1,2800
TICKET_001988,PROD_006,1,2500
TICKET_001988,PROD_028,1,2000
TICKET_001988,PROD_013,1,3500
TICKET_001989,PROD_006,1,2500
TICKET_001989,PROD_028,1,2000
TICKET_001989,PROD_023,1,3500
TICKET_001989,PROD_020,1,3200
TICKET_001990,PROD_019,1,3200
TICKET_001990,PROD_012,1,3000
TICKET_001991,PROD_003,1,4500
TICKET_001992,PROD_025,1,3500
TICKET_001993,PROD_012,1,3000
TICKET_001993,PROD_024,1,3000
TICKET_001994,PROD_001,1,2500
TICKET_001994,PROD_015,1,2800
TICKET_001995,PROD_006,1,2500
TICKET_001996,PROD_029,1,3000
TICKET_001996,PROD_031,1,4500
TICKET_001997,PROD_003,1,4500
TICKET_001997,PROD_031,1,4500
TICKET_001998,PROD_032,1,2500
TICKET_001999,PROD_010,1,3500
TICKET_001999,PROD_026,1,3500
TICKET_001999,PROD_003,1,4500
TICKET_002000,PROD_003,1,4500
TICKET_002000,PROD_023,1,3500
TICKET_002000,PROD_013,1,3500
TICKET_002001,PROD_021,1,3500
TICKET_002002,PROD_002,1,3500
TICKET_002002,PROD_035,1,7500
TICKET_002003,PROD_002,1,3500
TICKET_002003,PROD_017,1,2800
TICKET_002004,PROD_021,1,3500
TICKET_002004,PROD_009,1,5000
TICKET_002005,PROD_002,1,3500
TICKET_002005,PROD_017,1,2800
TICKET_002006,PROD_006,1,2500
TICKET_002006,PROD_028,1,2000
TICKET_002006,PROD_012,2,3000
TICKET_002007,PROD_010,1,3500
TICKET_002007,PROD_016,1,2500
TICKET_002007,PROD_020,1,3200
TICKET_002008,PROD_009,1,5000
TICKET_002008,PROD_013,1,3500
TICKET_002009,PROD_012,1,3000
TICKET_002010,PROD_006,1,2500
TICKET_002010,PROD_028,1,2000
TICKET_002011,PROD_021,1,3500
TICKET_002011,PROD_009,1,5000
TICKET_002012,PROD_021,1,3500
TICKET_002013,PROD_002,1,3500
TICKET_002013,PROD_017,1,2800
TICKET_002013,PROD_032,1,2500
TICKET_002013,PROD_025,1,3500
TICKET_002014,PROD_031,1,4500
TICKET_002014,PROD_003,1,4500
TICKET_002015,PROD_001,2,2500
TICKET_002016,PROD_010,1,3500
TICKET_002016,PROD_016,1,2500
TICKET_002017,PROD_031,1,4500
TICKET_002018,PROD_001,1,2500
TICKET_002019,PROD_021,1,3500
TICKET_002020,PROD_006,1,2500
TICKET_002020,PROD_028,1,2000
TICKET_002020,PROD_017,1,2800
TICKET_002021,PROD_012,1,3000
TICKET_002021,PROD_024,1,3000
TICKET_002021,PROD_009,1,5000
TICKET_002021,PROD_017,1,2800
TICKET_002022,PROD_008,1,3200
TICKET_002022,PROD_032,1,2500
TICKET_002023,PROD_012,1,3000
TICKET_002023,PROD_004,1,4800
TICKET_002024,PROD_014,1,3800
TICKET_002025,PROD_019,1,3200
TICKET_002026,PROD_007,1,4500
TICKET_002027,PROD_006,1,2500
TICKET_002027,PROD_018,1,2800
TICKET_002027,PROD_019,1,3200
TICKET_002028,PROD_028,1,2000
TICKET_002029,PROD_003,1,4500
TICKET_002030,PROD_019,1,3200
TICKET_002030,PROD_012,1,3000
TICKET_002030,PROD_005,1,4000
TICKET_002031,PROD_029,1,3000
TICKET_002032,PROD_031,1,4500
TICKET_002032,PROD_003,1,4500
TICKET_002033,PROD_019,1,3200
TICKET_002034,PROD_031,1,4500
TICKET_002034,PROD_003,1,4500
TICKET_002035,PROD_012,1,3000
TICKET_002036,PROD_010,1,3500
TICKET_002036,PROD_016,1,2500
TICKET_002037,PROD_017,1,2800
TICKET_002037,PROD_018,1,2800
TICKET_002038,PROD_002,1,3500
TICKET_002038,PROD_023,1,3500
TICKET_002038,PROD_013,1,3500
TICKET_002039,PROD_019,1,3200
TICKET_002039,PROD_012,1,3000
TICKET_002040,PROD_019,1,3200
TICKET_002040,PROD_012,1,3000
TICKET_002041,PROD_004,1,4800
TICKET_002041,PROD_002,1,3500
TICKET_002042,PROD_031,1,4500
TICKET_002042,PROD_003,1,4500
TICKET_002043,PROD_028,1,2000
TICKET_002044,PROD_002,1,3500
TICKET_002044,PROD_017,1,2800
TICKET_002045,PROD_003,1,4500
TICKET_002045,PROD_023,1,3500
TICKET_002046,PROD_031,1,4500
TICKET_002046,PROD_009,1,5000
TICKET_002047,PROD_010,1,3500
TICKET_002047,PROD_016,1,2500
TICKET_002048,PROD_031,1,4500
TICKET_002048,PROD_003,1,4500
TICKET_002048,PROD_018,1,2800
TICKET_002048,PROD_025,1,3500
TICKET_002049,PROD_019,1,3200
TICKET_002049,PROD_012,1,3000
TICKET_002049,PROD_002,1,3500
TICKET_002050,PROD_017,1,2800
TICKET_002051,PROD_001,1,2500
TICKET_002052,PROD_004,1,4800
TICKET_002053,PROD_010,1,3500
TICKET_002053,PROD_016,1,2500
TICKET_002054,PROD_016,1,2500
TICKET_002055,PROD_021,1,3500
TICKET_002055,PROD_009,1,5000
TICKET_002056,PROD_002,1,3500
TICKET_002056,PROD_017,1,2800
TICKET_002056,PROD_010,1,3500
TICKET_002056,PROD_034,1,6500
TICKET_002057,PROD_026,1,3500
TICKET_002058,PROD_002,1,3500
TICKET_002058,PROD_017,1,2800
TICKET_002058,PROD_016,1,2500
TICKET_002058,PROD_004,1,4800
TICKET_002059,PROD_021,1,3500
TICKET_002059,PROD_009,1,5000
TICKET_002059,PROD_028,1,2000
TICKET_002059,PROD_031,1,4500
TICKET_002060,PROD_026,1,3500
TICKET_002060,PROD_032,1,2500
TICKET_002061,PROD_002,1,3500
TICKET_002061,PROD_017,1,2800
TICKET_002062,PROD_021,1,3500
TICKET_002062,PROD_013,1,3500
TICKET_002063,PROD_006,1,2500
TICKET_002063,PROD_028,1,2000
TICKET_002063,PROD_031,1,4500
TICKET_002064,PROD_029,1,3000
TICKET_002065,PROD_025,1,3500
TICKET_002066,PROD_006,1,2500
TICKET_002066,PROD_024,1,3000
TICKET_002067,PROD_001,1,2500
TICKET_002067,PROD_015,1,2800
TICKET_002067,PROD_006,1,2500
TICKET_002068,PROD_002,1,3500
TICKET_002068,PROD_017,1,2800
TICKET_002069,PROD_001,1,2500
TICKET_002069,PROD_015,1,2800
TICKET_002069,PROD_009,1,5000
TICKET_002069,PROD_002,1,3500
TICKET_002070,PROD_029,1,3000
TICKET_002071,PROD_030,1,4500
TICKET_002072,PROD_010,1,3500
TICKET_002072,PROD_016,1,2500
TICKET_002072,PROD_034,1,6500
TICKET_002073,PROD_002,1,3500
TICKET_002074,PROD_021,1,3500
TICKET_002075,PROD_003,1,4500
TICKET_002076,PROD_001,2,2500
TICKET_002077,PROD_003,1,4500
TICKET_002077,PROD_025,1,3500
TICKET_002078,PROD_019,1,3200
TICKET_002078,PROD_012,1,3000
TICKET_002079,PROD_019,1,3200
TICKET_002079,PROD_031,1,4500
TICKET_002080,PROD_010,1,3500
TICKET_002080,PROD_016,1,2500
TICKET_002081,PROD_031,2,4500
TICKET_002082,PROD_012,1,3000
TICKET_002083,PROD_021,1,3500
TICKET_002083,PROD_009,1,5000
TICKET_002084,PROD_021,1,3500
TICKET_002085,PROD_001,1,2500
TICKET_002085,PROD_015,1,2800
TICKET_002085,PROD_008,1,3200
TICKET_002085,PROD_026,1,3500
TICKET_002086,PROD_007,1,4500
TICKET_002087,PROD_003,1,4500
TICKET_002087,PROD_023,1,3500
TICKET_002087,PROD_026,1,3500
TICKET_002087,PROD_014,1,3800
TICKET_002088,PROD_003,1,4500
TICKET_002088,PROD_023,1,3500
TICKET_002089,PROD_001,1,2500
TICKET_002089,PROD_015,1,2800
TICKET_002090,PROD_018,1,2800
TICKET_002091,PROD_003,1,4500
TICKET_002091,PROD_023,1,3500
TICKET_002092,PROD_005,1,4000
TICKET_002093,PROD_001,1,2500
TICKET_002094,PROD_010,1,3500
TICKET_002095,PROD_008,1,3200
TICKET_002095,PROD_019,1,3200
TICKET_002096,PROD_002,1,3500
TICKET_002096,PROD_017,1,2800
TICKET_002096,PROD_028,1,2000
TICKET_002097,PROD_001,1,2500
TICKET_002097,PROD_015,1,2800
TICKET_002097,PROD_019,1,3200
TICKET_002098,PROD_035,2,7500
TICKET_002099,PROD_010,1,3500
TICKET_002099,PROD_016,1,2500
TICKET_002099,PROD_020,1,3200
TICKET_002100,PROD_012,1,3000
TICKET_002100,PROD_035,1,7500
TICKET_002101,PROD_001,2,2500
TICKET_002101,PROD_009,1,5000
TICKET_002101,PROD_029,1,3000
TICKET_002102,PROD_034,1,6500
TICKET_002103,PROD_002,1,3500
TICKET_002103,PROD_017,1,2800
TICKET_002103,PROD_020,1,3200
TICKET_002103,PROD_016,1,2500
TICKET_002104,PROD_019,1,3200
TICKET_002105,PROD_024,1,3000
TICKET_002106,PROD_012,1,3000
TICKET_002106,PROD_024,1,3000
TICKET_002106,PROD_013,1,3500
TICKET_002107,PROD_001,1,2500
TICKET_002108,PROD_029,1,3000
TICKET_002109,PROD_006,1,2500
TICKET_002109,PROD_005,1,4000
TICKET_002109,PROD_019,1,3200
TICKET_002110,PROD_001,1,2500
TICKET_002110,PROD_015,1,2800
TICKET_002111,PROD_014,1,3800
TICKET_002112,PROD_010,1,3500
TICKET_002112,PROD_016,1,2500
TICKET_002112,PROD_023,1,3500
TICKET_002113,PROD_002,1,3500
TICKET_002114,PROD_001,1,2500
TICKET_002115,PROD_012,1,3000
TICKET_002115,PROD_024,1,3000
TICKET_002115,PROD_001,1,2500
TICKET_002116,PROD_001,1,2500
TICKET_002116,PROD_019,1,3200
TICKET_002117,PROD_034,1,6500
TICKET_002118,PROD_003,1,4500
TICKET_002119,PROD_003,1,4500
TICKET_002120,PROD_008,1,3200
TICKET_002121,PROD_011,1,2500
TICKET_002122,PROD_012,1,3000
TICKET_002122,PROD_025,1,3500
TICKET_002123,PROD_008,1,3200
TICKET_002124,PROD_001,2,2500
TICKET_002125,PROD_002,1,3500
TICKET_002125,PROD_017,1,2800
TICKET_002126,PROD_001,1,2500
TICKET_002126,PROD_022,1,3500
TICKET_002127,PROD_001,1,2500
TICKET_002127,PROD_026,1,3500
TICKET_002128,PROD_014,1,3800
TICKET_002129,PROD_010,1,3500
TICKET_002129,PROD_016,1,2500
TICKET_002130,PROD_001,1,2500
TICKET_002130,PROD_015,1,2800
TICKET_002131,PROD_013,1,3500
TICKET_002132,PROD_023,1,3500
TICKET_002132,PROD_026,1,3500
TICKET_002133,PROD_007,1,4500
TICKET_002134,PROD_003,1,4500
TICKET_002134,PROD_023,1,3500
TICKET_002135,PROD_003,1,4500
TICKET_002135,PROD_023,1,3500
TICKET_002135,PROD_018,1,2800
TICKET_002136,PROD_019,1,3200
TICKET_002136,PROD_012,1,3000
TICKET_002136,PROD_008,1,3200
TICKET_002136,PROD_002,1,3500
TICKET_002137,PROD_013,1,3500
TICKET_002138,PROD_028,1,2000
TICKET_002139,PROD_006,1,2500
TICKET_002139,PROD_002,1,3500
TICKET_002140,PROD_018,1,2800
TICKET_002141,PROD_021,1,3500
TICKET_002141,PROD_009,1,5000
TICKET_002141,PROD_034,1,6500
TICKET_002142,PROD_002,1,3500
TICKET_002142,PROD_017,1,2800
TICKET_002142,PROD_024,1,3000
TICKET_002143,PROD_012,1,3000
TICKET_002143,PROD_024,1,3000
TICKET_002144,PROD_034,1,6500
TICKET_002144,PROD_019,1,3200
TICKET_002145,PROD_010,1,3500
TICKET_002145,PROD_016,1,2500
TICKET_002146,PROD_013,1,3500
TICKET_002147,PROD_003,1,4500
TICKET_002148,PROD_003,1,4500
TICKET_002148,PROD_023,1,3500
TICKET_002149,PROD_004,1,4800
TICKET_002150,PROD_010,1,3500
TICKET_002151,PROD_031,1,4500
TICKET_002152,PROD_021,1,3500
TICKET_002152,PROD_016,1,2500
TICKET_002153,PROD_035,1,7500
TICKET_002154,PROD_004,1,4800
TICKET_002155,PROD_019,1,3200
TICKET_002156,PROD_025,1,3500
TICKET_002157,PROD_001,1,2500
TICKET_002157,PROD_015,1,2800
TICKET_002157,PROD_009,1,5000
TICKET_002158,PROD_012,1,3000
TICKET_002158,PROD_017,1,2800
TICKET_002159,PROD_002,2,3500
TICKET_002160,PROD_006,1,2500
TICKET_002160,PROD_028,1,2000
TICKET_002160,PROD_034,1,6500
TICKET_002160,PROD_029,1,3000
TICKET_002161,PROD_016,1,2500
TICKET_002162,PROD_034,1,6500
TICKET_002163,PROD_010,2,3500
TICKET_002163,PROD_016,1,2500
TICKET_002164,PROD_010,1,3500
TICKET_002164,PROD_016,1,2500
TICKET_002165,PROD_008,1,3200
TICKET_002166,PROD_031,1,4500
TICKET_002167,PROD_008,1,3200
TICKET_002168,PROD_031,1,4500
TICKET_002168,PROD_003,1,4500
TICKET_002169,PROD_021,1,3500
TICKET_002169,PROD_009,1,5000
TICKET_002169,PROD_034,1,6500
TICKET_002170,PROD_022,1,3500
TICKET_002171,PROD_031,1,4500
TICKET_002171,PROD_003,1,4500
TICKET_002172,PROD_024,1,3000
TICKET_002172,PROD_009,1,5000
TICKET_002173,PROD_002,1,3500
TICKET_002173,PROD_017,1,2800
TICKET_002174,PROD_021,1,3500
TICKET_002174,PROD_009,1,5000
TICKET_002175,PROD_002,1,3500
TICKET_002175,PROD_017,1,2800
TICKET_002176,PROD_032,1,2500
TICKET_002177,PROD_001,1,2500
TICKET_002177,PROD_010,1,3500
TICKET_002178,PROD_025,1,3500
TICKET_002178,PROD_009,1,5000
TICKET_002179,PROD_003,1,4500
TICKET_002179,PROD_023,1,3500
TICKET_002179,PROD_035,1,7500
TICKET_002180,PROD_016,1,2500
TICKET_002181,PROD_001,1,2500
TICKET_002181,PROD_015,1,2800
TICKET_002182,PROD_024,1,3000
TICKET_002183,PROD_019,1,3200
TICKET_002183,PROD_012,1,3000
TICKET_002183,PROD_020,1,3200
TICKET_002183,PROD_033,1,1500
TICKET_002184,PROD_019,1,3200
TICKET_002184,PROD_012,2,3000
TICKET_002185,PROD_013,1,3500
TICKET_002186,PROD_002,1,3500
TICKET_002186,PROD_017,1,2800
TICKET_002187,PROD_014,1,3800
TICKET_002188,PROD_002,1,3500
TICKET_002189,PROD_016,1,2500
TICKET_002190,PROD_002,1,3500
TICKET_002190,PROD_017,1,2800
TICKET_002190,PROD_011,1,2500
TICKET_002191,PROD_003,1,4500
TICKET_002191,PROD_023,1,3500
TICKET_002191,PROD_034,1,6500
TICKET_002192,PROD_019,1,3200
TICKET_002192,PROD_012,1,3000
TICKET_002193,PROD_012,1,3000
TICKET_002193,PROD_024,1,3000
TICKET_002194,PROD_028,1,2000
TICKET_002195,PROD_002,1,3500
TICKET_002195,PROD_017,1,2800
TICKET_002195,PROD_013,1,3500
TICKET_002195,PROD_009,1,5000
TICKET_002196,PROD_029,1,3000
TICKET_002197,PROD_006,1,2500
TICKET_002197,PROD_028,1,2000
TICKET_002198,PROD_001,1,2500
TICKET_002199,PROD_035,1,7500
TICKET_002200,PROD_021,1,3500
TICKET_002201,PROD_001,1,2500
TICKET_002201,PROD_015,1,2800
TICKET_002201,PROD_003,1,4500
TICKET_002201,PROD_008,1,3200
TICKET_002202,PROD_009,1,5000
TICKET_002203,PROD_021,1,3500
TICKET_002204,PROD_019,1,3200
TICKET_002205,PROD_001,1,2500
TICKET_002205,PROD_015,1,2800
TICKET_002205,PROD_010,1,3500
TICKET_002206,PROD_006,1,2500
TICKET_002206,PROD_028,1,2000
TICKET_002206,PROD_020,1,3200
TICKET_002206,PROD_034,1,6500
TICKET_002207,PROD_035,1,7500
TICKET_002208,PROD_019,1,3200
TICKET_002208,PROD_012,1,3000
TICKET_002209,PROD_012,1,3000
TICKET_002209,PROD_024,1,3000
TICKET_002210,PROD_035,1,7500
TICKET_002210,PROD_017,1,2800
TICKET_002211,PROD_026,1,3500
TICKET_002212,PROD_001,1,2500
TICKET_002212,PROD_028,1,2000
TICKET_002212,PROD_029,1,3000
TICKET_002213,PROD_003,1,4500
TICKET_002213,PROD_023,1,3500
TICKET_002213,PROD_005,1,4000
TICKET_002214,PROD_020,1,3200
TICKET_002215,PROD_003,1,4500
TICKET_002215,PROD_028,1,2000
TICKET_002215,PROD_012,1,3000
TICKET_002216,PROD_008,1,3200
TICKET_002217,PROD_006,1,2500
TICKET_002218,PROD_010,1,3500
TICKET_002218,PROD_016,1,2500
TICKET_002218,PROD_032,1,2500
TICKET_002219,PROD_019,1,3200
TICKET_002219,PROD_012,1,3000
TICKET_002219,PROD_009,1,5000
TICKET_002220,PROD_003,1,4500
TICKET_002220,PROD_034,1,6500
TICKET_002221,PROD_010,1,3500
TICKET_002221,PROD_016,1,2500
TICKET_002222,PROD_001,1,2500
TICKET_002223,PROD_031,1,4500
TICKET_002223,PROD_002,1,3500
TICKET_002224,PROD_025,1,3500
TICKET_002225,PROD_031,1,4500
TICKET_002225,PROD_019,1,3200
TICKET_002226,PROD_013,1,3500
TICKET_002227,PROD_001,2,2500
TICKET_002228,PROD_026,1,3500
TICKET_002229,PROD_020,2,3200
TICKET_002230,PROD_001,1,2500
TICKET_002230,PROD_024,1,3000
TICKET_002231,PROD_027,1,2500
TICKET_002232,PROD_035,1,7500
TICKET_002232,PROD_010,1,3500
TICKET_002233,PROD_021,1,3500
TICKET_002233,PROD_009,1,5000
TICKET_002234,PROD_012,1,3000
TICKET_002234,PROD_020,1,3200
TICKET_002235,PROD_019,1,3200
TICKET_002236,PROD_008,1,3200
TICKET_002237,PROD_021,1,3500
TICKET_002238,PROD_012,1,3000
TICKET_002239,PROD_006,1,2500
TICKET_002240,PROD_007,1,4500
TICKET_002241,PROD_003,1,4500
TICKET_002242,PROD_033,1,1500
TICKET_002243,PROD_010,1,3500
TICKET_002243,PROD_016,1,2500
TICKET_002244,PROD_009,1,5000
TICKET_002245,PROD_013,1,3500
TICKET_002246,PROD_006,1,2500
TICKET_002247,PROD_006,1,2500
TICKET_002248,PROD_026,1,3500
TICKET_002248,PROD_025,1,3500
TICKET_002249,PROD_026,1,3500
TICKET_002250,PROD_033,1,1500
TICKET_002251,PROD_003,1,4500
TICKET_002251,PROD_023,1,3500
TICKET_002252,PROD_023,1,3500
TICKET_002253,PROD_019,1,3200
TICKET_002253,PROD_012,1,3000
TICKET_002254,PROD_004,1,4800
TICKET_002255,PROD_002,1,3500
TICKET_002255,PROD_001,1,2500
TICKET_002256,PROD_012,2,3000
TICKET_002257,PROD_027,1,2500
TICKET_002258,PROD_010,1,3500
TICKET_002259,PROD_035,1,7500
TICKET_002260,PROD_001,1,2500
TICKET_002260,PROD_015,1,2800
TICKET_002261,PROD_035,1,7500
TICKET_002262,PROD_001,1,2500
TICKET_002262,PROD_015,1,2800
TICKET_002262,PROD_008,1,3200
TICKET_002262,PROD_014,1,3800
TICKET_002263,PROD_002,1,3500
TICKET_002263,PROD_017,1,2800
TICKET_002263,PROD_021,1,3500
TICKET_002264,PROD_002,1,3500
TICKET_002264,PROD_017,1,2800
TICKET_002265,PROD_010,1,3500
TICKET_002265,PROD_016,1,2500
TICKET_002266,PROD_003,1,4500
TICKET_002266,PROD_013,1,3500
TICKET_002267,PROD_018,1,2800
TICKET_002267,PROD_013,1,3500
TICKET_002268,PROD_001,1,2500
TICKET_002268,PROD_015,1,2800
TICKET_002269,PROD_012,1,3000
TICKET_002269,PROD_025,1,3500
TICKET_002270,PROD_028,1,2000
TICKET_002271,PROD_021,1,3500
TICKET_002271,PROD_009,1,5000
TICKET_002271,PROD_018,1,2800
TICKET_002272,PROD_009,1,5000
TICKET_002273,PROD_001,2,2500
TICKET_002274,PROD_003,2,4500
TICKET_002274,PROD_023,1,3500
TICKET_002274,PROD_006,1,2500
TICKET_002275,PROD_029,1,3000
TICKET_002276,PROD_002,1,3500
TICKET_002276,PROD_017,1,2800
TICKET_002277,PROD_025,1,3500
TICKET_002278,PROD_021,1,3500
TICKET_002278,PROD_009,1,5000
TICKET_002279,PROD_003,1,4500
TICKET_002279,PROD_023,2,3500
TICKET_002279,PROD_015,1,2800
TICKET_002280,PROD_031,1,4500
TICKET_002281,PROD_021,1,3500
TICKET_002281,PROD_009,1,5000
TICKET_002281,PROD_003,1,4500
TICKET_002282,PROD_021,1,3500
TICKET_002282,PROD_001,1,2500
TICKET_002283,PROD_001,2,2500
TICKET_002284,PROD_019,1,3200
TICKET_002284,PROD_012,1,3000
TICKET_002284,PROD_004,1,4800
TICKET_002285,PROD_008,1,3200
TICKET_002286,PROD_012,1,3000
TICKET_002286,PROD_024,1,3000
TICKET_002286,PROD_034,1,6500
TICKET_002286,PROD_018,1,2800
TICKET_002287,PROD_012,1,3000
TICKET_002288,PROD_021,1,3500
TICKET_002289,PROD_006,1,2500
TICKET_002289,PROD_023,1,3500
TICKET_002290,PROD_010,1,3500
TICKET_002290,PROD_016,1,2500
TICKET_002291,PROD_008,1,3200
TICKET_002291,PROD_019,1,3200
TICKET_002292,PROD_001,1,2500
TICKET_002292,PROD_015,1,2800
TICKET_002293,PROD_012,1,3000
TICKET_002294,PROD_025,1,3500
TICKET_002295,PROD_003,1,4500
TICKET_002295,PROD_023,1,3500
TICKET_002296,PROD_004,1,4800
TICKET_002297,PROD_031,1,4500
TICKET_002298,PROD_031,1,4500
TICKET_002298,PROD_018,1,2800
TICKET_002298,PROD_020,1,3200
TICKET_002299,PROD_022,1,3500
TICKET_002299,PROD_027,1,2500
TICKET_002300,PROD_017,1,2800
TICKET_002301,PROD_021,1,3500
TICKET_002301,PROD_006,1,2500
TICKET_002302,PROD_002,1,3500
TICKET_002302,PROD_017,1,2800
TICKET_002303,PROD_021,1,3500
TICKET_002303,PROD_009,1,5000
TICKET_002304,PROD_002,1,3500
TICKET_002304,PROD_017,1,2800
TICKET_002304,PROD_026,1,3500
TICKET_002305,PROD_003,1,4500
TICKET_002305,PROD_034,1,6500
TICKET_002305,PROD_009,1,5000
TICKET_002306,PROD_023,1,3500
TICKET_002307,PROD_034,1,6500
TICKET_002308,PROD_021,1,3500
TICKET_002308,PROD_018,1,2800
TICKET_002308,PROD_019,1,3200
TICKET_002309,PROD_002,1,3500
TICKET_002310,PROD_029,1,3000
TICKET_002310,PROD_009,1,5000
TICKET_002311,PROD_016,1,2500
TICKET_002312,PROD_017,1,2800
TICKET_002313,PROD_003,1,4500
TICKET_002313,PROD_023,1,3500
TICKET_002313,PROD_012,1,3000
TICKET_002314,PROD_013,1,3500
TICKET_002315,PROD_010,1,3500
TICKET_002315,PROD_016,1,2500
TICKET_002316,PROD_006,1,2500
TICKET_002316,PROD_018,1,2800
TICKET_002316,PROD_025,1,3500
TICKET_002317,PROD_001,2,2500
TICKET_002318,PROD_006,1,2500
TICKET_002319,PROD_013,1,3500
TICKET_002319,PROD_021,1,3500
TICKET_002320,PROD_010,1,3500
TICKET_002321,PROD_019,1,3200
TICKET_002321,PROD_012,1,3000
TICKET_002322,PROD_021,1,3500
TICKET_002323,PROD_005,1,4000
TICKET_002324,PROD_031,1,4500
TICKET_002324,PROD_003,1,4500
TICKET_002325,PROD_035,1,7500
TICKET_002326,PROD_006,1,2500
TICKET_002326,PROD_028,1,2000
TICKET_002327,PROD_001,2,2500
TICKET_002327,PROD_031,1,4500
TICKET_002328,PROD_035,1,7500
TICKET_002328,PROD_028,1,2000
TICKET_002329,PROD_035,1,7500
TICKET_002329,PROD_012,1,3000
TICKET_002330,PROD_002,1,3500
TICKET_002331,PROD_031,1,4500
TICKET_002331,PROD_003,1,4500
TICKET_002332,PROD_019,1,3200
TICKET_002332,PROD_002,1,3500
TICKET_002333,PROD_001,1,2500
TICKET_002334,PROD_008,1,3200
TICKET_002335,PROD_010,1,3500
TICKET_002335,PROD_016,1,2500
TICKET_002336,PROD_003,1,4500
TICKET_002336,PROD_026,1,3500
TICKET_002337,PROD_001,1,2500
TICKET_002337,PROD_015,1,2800
TICKET_002337,PROD_034,1,6500
TICKET_002337,PROD_003,1,4500
TICKET_002338,PROD_018,1,2800
TICKET_002339,PROD_026,1,3500
TICKET_002340,PROD_021,1,3500
TICKET_002341,PROD_027,1,2500
TICKET_002342,PROD_012,1,3000
TICKET_002342,PROD_024,1,3000
TICKET_002343,PROD_001,2,2500
TICKET_002343,PROD_009,1,5000
TICKET_002344,PROD_012,1,3000
TICKET_002344,PROD_008,1,3200
TICKET_002345,PROD_001,2,2500
TICKET_002345,PROD_018,1,2800
TICKET_002346,PROD_022,1,3500
TICKET_002347,PROD_004,1,4800
TICKET_002348,PROD_006,1,2500
TICKET_002349,PROD_007,1,4500
TICKET_002350,PROD_018,1,2800
TICKET_002351,PROD_001,2,2500
TICKET_002351,PROD_008,1,3200
TICKET_002352,PROD_004,1,4800
TICKET_002353,PROD_002,1,3500
TICKET_002353,PROD_017,1,2800
TICKET_002354,PROD_031,1,4500
TICKET_002354,PROD_003,1,4500
TICKET_002355,PROD_021,1,3500
TICKET_002356,PROD_002,1,3500
TICKET_002356,PROD_017,1,2800
TICKET_002356,PROD_019,1,3200
TICKET_002356,PROD_010,1,3500
TICKET_002357,PROD_002,1,3500
TICKET_002357,PROD_009,1,5000
TICKET_002358,PROD_019,1,3200
TICKET_002359,PROD_003,1,4500
TICKET_002359,PROD_023,1,3500
TICKET_002360,PROD_010,1,3500
TICKET_002360,PROD_016,1,2500
TICKET_002361,PROD_009,1,5000
TICKET_002362,PROD_031,1,4500
TICKET_002362,PROD_003,1,4500
TICKET_002363,PROD_011,1,2500
TICKET_002364,PROD_001,2,2500
TICKET_002364,PROD_035,1,7500
TICKET_002364,PROD_020,1,3200
TICKET_002365,PROD_003,1,4500
TICKET_002365,PROD_015,1,2800
TICKET_002366,PROD_021,1,3500
TICKET_002366,PROD_009,1,5000
TICKET_002366,PROD_020,1,3200
TICKET_002366,PROD_010,1,3500
TICKET_002367,PROD_001,2,2500
TICKET_002368,PROD_021,1,3500
TICKET_002368,PROD_009,1,5000
TICKET_002368,PROD_014,1,3800
TICKET_002369,PROD_003,1,4500
TICKET_002369,PROD_023,1,3500
TICKET_002370,PROD_021,1,3500
TICKET_002370,PROD_009,1,5000
TICKET_002370,PROD_010,1,3500
TICKET_002370,PROD_008,1,3200
TICKET_002371,PROD_001,2,2500
TICKET_002372,PROD_003,1,4500
TICKET_002372,PROD_023,1,3500
TICKET_002372,PROD_014,1,3800
TICKET_002373,PROD_027,1,2500
TICKET_002373,PROD_004,1,4800
TICKET_002374,PROD_003,1,4500
TICKET_002374,PROD_023,1,3500
TICKET_002374,PROD_022,1,3500
TICKET_002374,PROD_012,1,3000
TICKET_002375,PROD_019,1,3200
TICKET_002375,PROD_012,1,3000
TICKET_002375,PROD_029,1,3000
TICKET_002376,PROD_028,1,2000
TICKET_002377,PROD_003,1,4500
TICKET_002377,PROD_019,1,3200
TICKET_002378,PROD_001,1,2500
TICKET_002378,PROD_035,1,7500
TICKET_002378,PROD_006,1,2500
TICKET_002379,PROD_019,1,3200
TICKET_002379,PROD_012,1,3000
TICKET_002379,PROD_029,1,3000
TICKET_002379,PROD_027,1,2500
TICKET_002380,PROD_001,1,2500
TICKET_002380,PROD_002,1,3500
TICKET_002381,PROD_012,1,3000
TICKET_002382,PROD_012,1,3000
TICKET_002383,PROD_002,1,3500
TICKET_002383,PROD_017,1,2800
TICKET_002383,PROD_019,1,3200
TICKET_002384,PROD_002,1,3500
TICKET_002384,PROD_017,1,2800
TICKET_002384,PROD_032,1,2500
TICKET_002385,PROD_001,1,2500
TICKET_002385,PROD_015,1,2800
TICKET_002385,PROD_021,1,3500
TICKET_002386,PROD_001,1,2500
TICKET_002386,PROD_015,1,2800
TICKET_002386,PROD_034,1,6500
TICKET_002387,PROD_007,1,4500
TICKET_002388,PROD_003,1,4500
TICKET_002388,PROD_023,1,3500
TICKET_002388,PROD_019,1,3200
TICKET_002388,PROD_009,1,5000
TICKET_002389,PROD_001,2,2500
TICKET_002389,PROD_008,1,3200
TICKET_002389,PROD_035,1,7500
TICKET_002390,PROD_029,1,3000
TICKET_002391,PROD_006,1,2500
TICKET_002392,PROD_010,1,3500
TICKET_002392,PROD_016,1,2500
TICKET_002393,PROD_012,1,3000
TICKET_002393,PROD_024,1,3000
TICKET_002393,PROD_007,1,4500
TICKET_002393,PROD_029,1,3000
TICKET_002394,PROD_019,1,3200
TICKET_002394,PROD_012,1,3000
TICKET_002395,PROD_012,1,3000
TICKET_002396,PROD_001,1,2500
TICKET_002397,PROD_003,1,4500
TICKET_002397,PROD_023,1,3500
TICKET_002397,PROD_012,1,3000
TICKET_002398,PROD_022,1,3500
TICKET_002399,PROD_021,1,3500
TICKET_002399,PROD_009,1,5000
TICKET_002399,PROD_015,1,2800
TICKET_002399,PROD_025,1,3500
TICKET_002400,PROD_008,1,3200
TICKET_002401,PROD_010,1,3500
TICKET_002401,PROD_016,1,2500
TICKET_002402,PROD_010,1,3500
TICKET_002402,PROD_016,1,2500
TICKET_002403,PROD_010,1,3500
TICKET_002403,PROD_021,1,3500
TICKET_002403,PROD_002,1,3500
TICKET_002404,PROD_035,1,7500
TICKET_002405,PROD_001,2,2500
TICKET_002406,PROD_001,2,2500
TICKET_002406,PROD_003,1,4500
TICKET_002407,PROD_010,1,3500
TICKET_002407,PROD_016,1,2500
TICKET_002407,PROD_002,1,3500
TICKET_002408,PROD_021,1,3500
TICKET_002409,PROD_010,1,3500
TICKET_002409,PROD_016,1,2500
TICKET_002409,PROD_012,1,3000
TICKET_002410,PROD_003,1,4500
TICKET_002411,PROD_023,1,3500
TICKET_002412,PROD_030,1,4500
TICKET_002413,PROD_001,1,2500
TICKET_002413,PROD_025,1,3500
TICKET_002414,PROD_002,1,3500
TICKET_002414,PROD_017,1,2800
TICKET_002414,PROD_026,1,3500
TICKET_002414,PROD_019,1,3200
TICKET_002415,PROD_003,1,4500
TICKET_002415,PROD_023,1,3500
TICKET_002415,PROD_007,1,4500
TICKET_002416,PROD_008,1,3200
TICKET_002417,PROD_001,1,2500
TICKET_002418,PROD_002,1,3500
TICKET_002419,PROD_021,1,3500
TICKET_002419,PROD_009,1,5000
TICKET_002420,PROD_019,1,3200
TICKET_002421,PROD_024,1,3000
TICKET_002422,PROD_001,1,2500
TICKET_002422,PROD_015,1,2800
TICKET_002423,PROD_020,1,3200
TICKET_002423,PROD_008,1,3200
TICKET_002424,PROD_001,2,2500
TICKET_002424,PROD_009,1,5000
TICKET_002425,PROD_001,1,2500
TICKET_002425,PROD_015,1,2800
TICKET_002426,PROD_008,1,3200
TICKET_002427,PROD_012,1,3000
TICKET_002428,PROD_010,1,3500
TICKET_002429,PROD_009,1,5000
TICKET_002429,PROD_034,1,6500
TICKET_002430,PROD_026,1,3500
TICKET_002430,PROD_015,1,2800
TICKET_002431,PROD_018,1,2800
TICKET_002432,PROD_019,1,3200
TICKET_002432,PROD_003,1,4500
TICKET_002432,PROD_026,1,3500
TICKET_002433,PROD_021,1,3500
TICKET_002434,PROD_010,1,3500
TICKET_002434,PROD_016,1,2500
TICKET_002434,PROD_035,1,7500
TICKET_002434,PROD_024,1,3000
TICKET_002435,PROD_029,1,3000
TICKET_002436,PROD_010,1,3500
TICKET_002436,PROD_016,1,2500
TICKET_002437,PROD_018,1,2800
TICKET_002438,PROD_031,1,4500
TICKET_002439,PROD_012,1,3000
TICKET_002439,PROD_024,1,3000
TICKET_002439,PROD_016,1,2500
TICKET_002440,PROD_019,1,3200
TICKET_002440,PROD_012,1,3000
TICKET_002440,PROD_026,1,3500
TICKET_002440,PROD_001,1,2500
TICKET_002441,PROD_010,1,3500
TICKET_002442,PROD_003,1,4500
TICKET_002443,PROD_021,1,3500
TICKET_002443,PROD_009,1,5000
TICKET_002443,PROD_022,1,3500
TICKET_002444,PROD_001,1,2500
TICKET_002444,PROD_020,1,3200
TICKET_002445,PROD_021,1,3500
TICKET_002445,PROD_009,1,5000
TICKET_002446,PROD_031,1,4500
TICKET_002446,PROD_003,1,4500
TICKET_002446,PROD_035,1,7500
TICKET_002447,PROD_001,1,2500
TICKET_002447,PROD_015,1,2800
TICKET_002448,PROD_028,1,2000
TICKET_002449,PROD_030,1,4500
TICKET_002450,PROD_001,1,2500
TICKET_002450,PROD_012,1,3000
TICKET_002451,PROD_010,1,3500
TICKET_002451,PROD_016,1,2500
TICKET_002452,PROD_001,1,2500
TICKET_002452,PROD_015,1,2800
TICKET_002452,PROD_016,1,2500
TICKET_002452,PROD_013,1,3500
TICKET_002453,PROD_019,1,3200
TICKET_002454,PROD_003,1,4500
TICKET_002455,PROD_001,1,2500
TICKET_002455,PROD_015,1,2800
TICKET_002456,PROD_002,1,3500
TICKET_002457,PROD_001,1,2500
TICKET_002457,PROD_015,1,2800
TICKET_002458,PROD_001,2,2500
TICKET_002459,PROD_006,1,2500
TICKET_002459,PROD_028,1,2000
TICKET_002459,PROD_026,1,3500
TICKET_002460,PROD_011,1,2500
TICKET_002461,PROD_035,1,7500
TICKET_002462,PROD_031,1,4500
TICKET_002462,PROD_003,1,4500
TICKET_002462,PROD_013,1,3500
TICKET_002463,PROD_019,1,3200
TICKET_002464,PROD_001,1,2500
TICKET_002464,PROD_010,1,3500
TICKET_002464,PROD_026,1,3500
TICKET_002465,PROD_031,1,4500
TICKET_002465,PROD_034,1,6500
TICKET_002466,PROD_012,1,3000
TICKET_002467,PROD_034,1,6500
TICKET_002468,PROD_031,1,4500
TICKET_002468,PROD_003,1,4500
TICKET_002469,PROD_019,1,3200
TICKET_002470,PROD_011,1,2500
TICKET_002471,PROD_024,1,3000
TICKET_002472,PROD_001,1,2500
TICKET_002472,PROD_018,1,2800
TICKET_002473,PROD_016,1,2500
TICKET_002474,PROD_019,1,3200
TICKET_002474,PROD_012,1,3000
TICKET_002474,PROD_033,1,1500
TICKET_002475,PROD_002,1,3500
TICKET_002475,PROD_017,1,2800
TICKET_002475,PROD_024,1,3000
TICKET_002475,PROD_020,1,3200
TICKET_002476,PROD_012,1,3000
TICKET_002476,PROD_024,1,3000
TICKET_002477,PROD_001,1,2500
TICKET_002478,PROD_035,1,7500
TICKET_002479,PROD_003,1,4500
TICKET_002479,PROD_023,1,3500
TICKET_002480,PROD_019,1,3200
TICKET_002481,PROD_025,1,3500
TICKET_002482,PROD_018,1,2800
TICKET_002483,PROD_019,1,3200
TICKET_002483,PROD_006,1,2500
TICKET_002484,PROD_002,1,3500
TICKET_002484,PROD_017,1,2800
TICKET_002485,PROD_031,1,4500
TICKET_002485,PROD_003,1,4500
TICKET_002485,PROD_035,1,7500
TICKET_002486,PROD_025,1,3500
TICKET_002487,PROD_020,1,3200
TICKET_002488,PROD_012,2,3000
TICKET_002488,PROD_024,1,3000
TICKET_002489,PROD_002,1,3500
TICKET_002489,PROD_017,1,2800
TICKET_002490,PROD_003,1,4500
TICKET_002491,PROD_001,1,2500
TICKET_002491,PROD_015,1,2800
TICKET_002492,PROD_002,1,3500
TICKET_002492,PROD_034,1,6500
TICKET_002492,PROD_031,1,4500
TICKET_002493,PROD_019,1,3200
TICKET_002494,PROD_015,1,2800
TICKET_002494,PROD_013,1,3500
TICKET_002495,PROD_004,1,4800
TICKET_002496,PROD_019,1,3200
TICKET_002496,PROD_012,1,3000
TICKET_002497,PROD_003,1,4500
TICKET_002497,PROD_023,1,3500
TICKET_002498,PROD_003,1,4500
TICKET_002498,PROD_023,1,3500
TICKET_002498,PROD_009,1,5000
TICKET_002499,PROD_021,1,3500
TICKET_002500,PROD_016,1,2500
TICKET_002500,PROD_026,1,3500
TICKET_002501,PROD_019,1,3200
TICKET_002501,PROD_012,1,3000
TICKET_002502,PROD_031,1,4500
TICKET_002502,PROD_003,1,4500
TICKET_002502,PROD_018,1,2800
TICKET_002502,PROD_022,1,3500
TICKET_002503,PROD_031,1,4500
TICKET_002504,PROD_026,1,3500
TICKET_002505,PROD_025,1,3500
TICKET_002506,PROD_010,1,3500
TICKET_002506,PROD_016,1,2500
TICKET_002506,PROD_034,1,6500
TICKET_002507,PROD_026,1,3500
TICKET_002508,PROD_001,1,2500
TICKET_002508,PROD_018,1,2800
TICKET_002509,PROD_012,1,3000
TICKET_002509,PROD_024,1,3000
TICKET_002510,PROD_021,1,3500
TICKET_002510,PROD_009,1,5000
TICKET_002510,PROD_022,1,3500
TICKET_002510,PROD_035,1,7500
TICKET_002511,PROD_010,2,3500
TICKET_002511,PROD_016,1,2500
TICKET_002512,PROD_006,1,2500
TICKET_002513,PROD_006,1,2500
TICKET_002513,PROD_028,1,2000
TICKET_002514,PROD_019,1,3200
TICKET_002514,PROD_012,1,3000
TICKET_002514,PROD_035,1,7500
TICKET_002515,PROD_001,1,2500
TICKET_002516,PROD_021,1,3500
TICKET_002516,PROD_027,1,2500
TICKET_002516,PROD_012,1,3000
TICKET_002517,PROD_030,1,4500
TICKET_002518,PROD_019,1,3200
TICKET_002518,PROD_012,1,3000
TICKET_002518,PROD_014,1,3800
TICKET_002518,PROD_006,1,2500
TICKET_002519,PROD_012,1,3000
TICKET_002520,PROD_005,1,4000
TICKET_002521,PROD_002,1,3500
TICKET_002522,PROD_004,1,4800
TICKET_002522,PROD_034,1,6500
TICKET_002523,PROD_002,1,3500
TICKET_002524,PROD_010,1,3500
TICKET_002524,PROD_016,1,2500
TICKET_002525,PROD_001,2,2500
TICKET_002526,PROD_025,1,3500
TICKET_002527,PROD_009,1,5000
TICKET_002528,PROD_002,1,3500
TICKET_002528,PROD_017,1,2800
TICKET_002528,PROD_018,1,2800
TICKET_002529,PROD_008,1,3200
TICKET_002530,PROD_018,1,2800
TICKET_002531,PROD_027,1,2500
TICKET_002532,PROD_006,1,2500
TICKET_002533,PROD_001,1,2500
TICKET_002533,PROD_015,1,2800
TICKET_002533,PROD_012,1,3000
TICKET_002534,PROD_006,1,2500
TICKET_002535,PROD_006,1,2500
TICKET_002535,PROD_028,1,2000
TICKET_002535,PROD_008,1,3200
TICKET_002535,PROD_026,1,3500
TICKET_002536,PROD_013,1,3500
TICKET_002537,PROD_025,1,3500
TICKET_002538,PROD_002,1,3500
TICKET_002538,PROD_017,1,2800
TICKET_002538,PROD_013,1,3500
TICKET_002539,PROD_010,2,3500
TICKET_002539,PROD_016,1,2500
TICKET_002540,PROD_006,1,2500
TICKET_002540,PROD_034,1,6500
TICKET_002540,PROD_008,1,3200
TICKET_002541,PROD_022,1,3500
TICKET_002542,PROD_012,2,3000
TICKET_002542,PROD_024,1,3000
TICKET_002543,PROD_001,2,2500
TICKET_002544,PROD_003,1,4500
TICKET_002544,PROD_023,1,3500
TICKET_002544,PROD_004,1,4800
TICKET_002545,PROD_021,1,3500
TICKET_002545,PROD_009,1,5000
TICKET_002545,PROD_002,1,3500
TICKET_002546,PROD_028,1,2000
TICKET_002547,PROD_019,1,3200
TICKET_002547,PROD_012,1,3000
TICKET_002548,PROD_023,1,3500
TICKET_002549,PROD_002,1,3500
TICKET_002549,PROD_017,1,2800
TICKET_002550,PROD_003,1,4500
TICKET_002550,PROD_023,1,3500
TICKET_002551,PROD_001,2,2500
TICKET_002551,PROD_002,1,3500
TICKET_002552,PROD_001,2,2500
TICKET_002552,PROD_013,1,3500
TICKET_002553,PROD_006,1,2500
TICKET_002553,PROD_028,1,2000
TICKET_002553,PROD_016,1,2500
TICKET_002554,PROD_008,1,3200
TICKET_002555,PROD_027,1,2500
TICKET_002556,PROD_012,1,3000
TICKET_002557,PROD_012,1,3000
TICKET_002558,PROD_018,1,2800
TICKET_002558,PROD_022,1,3500
TICKET_002559,PROD_019,1,3200
TICKET_002559,PROD_012,1,3000
TICKET_002559,PROD_031,1,4500
TICKET_002559,PROD_018,1,2800
TICKET_002560,PROD_006,1,2500
TICKET_002560,PROD_028,1,2000
TICKET_002560,PROD_023,1,3500
TICKET_002561,PROD_027,1,2500
TICKET_002562,PROD_021,1,3500
TICKET_002563,PROD_006,1,2500
TICKET_002563,PROD_010,1,3500
TICKET_002563,PROD_023,1,3500
TICKET_002564,PROD_007,1,4500
TICKET_002565,PROD_012,1,3000
TICKET_002566,PROD_019,1,3200
TICKET_002566,PROD_012,1,3000
TICKET_002566,PROD_026,1,3500
TICKET_002567,PROD_010,2,3500
TICKET_002567,PROD_016,1,2500
TICKET_002568,PROD_001,2,2500
TICKET_002569,PROD_010,1,3500
TICKET_002569,PROD_005,1,4000
TICKET_002570,PROD_010,1,3500
TICKET_002571,PROD_002,1,3500
TICKET_002572,PROD_003,1,4500
TICKET_002573,PROD_028,1,2000
TICKET_002574,PROD_001,2,2500
TICKET_002574,PROD_013,1,3500
TICKET_002574,PROD_019,1,3200
TICKET_002575,PROD_010,2,3500
TICKET_002575,PROD_016,1,2500
TICKET_002575,PROD_032,1,2500
TICKET_002576,PROD_001,1,2500
TICKET_002576,PROD_029,1,3000
TICKET_002577,PROD_010,1,3500
TICKET_002577,PROD_016,1,2500
TICKET_002577,PROD_004,1,4800
TICKET_002578,PROD_018,1,2800
TICKET_002579,PROD_003,1,4500
TICKET_002579,PROD_023,1,3500
TICKET_002580,PROD_001,2,2500
TICKET_002580,PROD_002,1,3500
TICKET_002580,PROD_030,1,4500
TICKET_002581,PROD_010,1,3500
TICKET_002581,PROD_016,1,2500
TICKET_002582,PROD_029,1,3000
TICKET_002582,PROD_001,1,2500
TICKET_002583,PROD_027,1,2500
TICKET_002584,PROD_016,1,2500
TICKET_002585,PROD_019,1,3200
TICKET_002586,PROD_001,1,2500
TICKET_002587,PROD_001,2,2500
TICKET_002587,PROD_024,1,3000
TICKET_002588,PROD_023,1,3500
TICKET_002589,PROD_019,1,3200
TICKET_002589,PROD_003,1,4500
TICKET_002589,PROD_030,1,4500
TICKET_002590,PROD_011,1,2500
TICKET_002591,PROD_008,1,3200
TICKET_002592,PROD_035,1,7500
TICKET_002593,PROD_035,1,7500
TICKET_002593,PROD_018,1,2800
TICKET_002594,PROD_001,1,2500
TICKET_002594,PROD_009,1,5000
TICKET_002594,PROD_002,1,3500
TICKET_002595,PROD_022,1,3500
TICKET_002596,PROD_002,1,3500
TICKET_002596,PROD_022,1,3500
TICKET_002597,PROD_006,1,2500
TICKET_002597,PROD_010,1,3500
TICKET_002598,PROD_010,1,3500
TICKET_002599,PROD_024,1,3000
TICKET_002600,PROD_002,1,3500
TICKET_002600,PROD_004,1,4800
TICKET_002601,PROD_010,1,3500
TICKET_002602,PROD_031,1,4500
TICKET_002603,PROD_021,1,3500
TICKET_002603,PROD_009,1,5000
TICKET_002604,PROD_016,1,2500
TICKET_002605,PROD_003,1,4500
TICKET_002605,PROD_023,1,3500
TICKET_002605,PROD_006,1,2500
TICKET_002606,PROD_021,1,3500
TICKET_002606,PROD_009,1,5000
TICKET_002606,PROD_010,1,3500
TICKET_002607,PROD_017,1,2800
TICKET_002608,PROD_015,1,2800
TICKET_002609,PROD_017,1,2800
TICKET_002610,PROD_027,1,2500
TICKET_002611,PROD_001,1,2500
TICKET_002611,PROD_015,1,2800
TICKET_002612,PROD_003,1,4500
TICKET_002612,PROD_023,1,3500
TICKET_002612,PROD_026,1,3500
TICKET_002613,PROD_028,1,2000
TICKET_002614,PROD_018,1,2800
TICKET_002615,PROD_024,1,3000
TICKET_002616,PROD_011,1,2500
TICKET_002617,PROD_019,1,3200
TICKET_002617,PROD_012,1,3000
TICKET_002617,PROD_028,1,2000
TICKET_002617,PROD_003,1,4500
TICKET_002618,PROD_018,1,2800
TICKET_002619,PROD_002,1,3500
TICKET_002619,PROD_017,1,2800
TICKET_002619,PROD_004,1,4800
TICKET_002619,PROD_014,1,3800
TICKET_002620,PROD_019,1,3200
TICKET_002620,PROD_012,1,3000
TICKET_002620,PROD_002,1,3500
TICKET_002620,PROD_008,1,3200
TICKET_002621,PROD_012,1,3000
TICKET_002622,PROD_027,1,2500
TICKET_002623,PROD_002,1,3500
TICKET_002624,PROD_019,1,3200
TICKET_002625,PROD_004,1,4800
TICKET_002626,PROD_031,1,4500
TICKET_002626,PROD_003,1,4500
TICKET_002627,PROD_016,1,2500
TICKET_002628,PROD_003,1,4500
TICKET_002629,PROD_021,1,3500
TICKET_002629,PROD_015,1,2800
TICKET_002629,PROD_002,1,3500
TICKET_002630,PROD_016,1,2500
TICKET_002631,PROD_012,1,3000
TICKET_002631,PROD_024,1,3000
TICKET_002631,PROD_015,1,2800
TICKET_002631,PROD_026,1,3500
TICKET_002632,PROD_023,1,3500
TICKET_002632,PROD_003,1,4500
TICKET_002633,PROD_010,1,3500
TICKET_002634,PROD_003,1,4500
TICKET_002635,PROD_002,1,3500
TICKET_002635,PROD_017,1,2800
TICKET_002636,PROD_001,2,2500
TICKET_002636,PROD_013,1,3500
TICKET_002637,PROD_021,1,3500
TICKET_002637,PROD_009,1,5000
TICKET_002638,PROD_033,1,1500
TICKET_002639,PROD_031,1,4500
TICKET_002639,PROD_013,1,3500
TICKET_002639,PROD_034,1,6500
TICKET_002640,PROD_026,1,3500
TICKET_002640,PROD_025,1,3500
TICKET_002641,PROD_002,1,3500
TICKET_002641,PROD_026,1,3500
TICKET_002642,PROD_018,1,2800
TICKET_002643,PROD_001,2,2500
TICKET_002644,PROD_008,1,3200
TICKET_002644,PROD_016,1,2500
TICKET_002645,PROD_008,1,3200
TICKET_002646,PROD_028,1,2000
TICKET_002646,PROD_029,1,3000
TICKET_002647,PROD_001,1,2500
TICKET_002647,PROD_009,1,5000
TICKET_002648,PROD_003,1,4500
TICKET_002648,PROD_023,1,3500
TICKET_002649,PROD_001,1,2500
TICKET_002650,PROD_031,1,4500
TICKET_002651,PROD_013,1,3500
TICKET_002652,PROD_008,1,3200
TICKET_002653,PROD_003,1,4500
TICKET_002653,PROD_023,1,3500
TICKET_002653,PROD_034,1,6500
TICKET_002653,PROD_002,1,3500
TICKET_002654,PROD_010,1,3500
TICKET_002654,PROD_016,1,2500
TICKET_002654,PROD_002,1,3500
TICKET_002655,PROD_019,1,3200
TICKET_002655,PROD_012,1,3000
TICKET_002655,PROD_026,1,3500
TICKET_002656,PROD_006,1,2500
TICKET_002656,PROD_028,1,2000
TICKET_002657,PROD_001,1,2500
TICKET_002657,PROD_002,1,3500
TICKET_002657,PROD_027,1,2500
TICKET_002658,PROD_031,1,4500
TICKET_002658,PROD_003,1,4500
TICKET_002659,PROD_002,1,3500
TICKET_002659,PROD_023,1,3500
TICKET_002660,PROD_028,1,2000
TICKET_002660,PROD_008,1,3200
TICKET_002661,PROD_017,1,2800
TICKET_002662,PROD_035,1,7500
TICKET_002663,PROD_034,1,6500
TICKET_002663,PROD_005,1,4000
TICKET_002664,PROD_031,1,4500
TICKET_002664,PROD_003,1,4500
TICKET_002664,PROD_006,1,2500
TICKET_002664,PROD_002,1,3500
TICKET_002665,PROD_003,1,4500
TICKET_002665,PROD_023,1,3500
TICKET_002666,PROD_031,1,4500
TICKET_002666,PROD_003,1,4500
TICKET_002666,PROD_026,1,3500
TICKET_002667,PROD_012,1,3000
TICKET_002668,PROD_013,1,3500
TICKET_002668,PROD_005,1,4000
TICKET_002669,PROD_002,1,3500
TICKET_002670,PROD_011,1,2500
TICKET_002670,PROD_003,1,4500
TICKET_002671,PROD_031,1,4500
TICKET_002671,PROD_003,1,4500
TICKET_002671,PROD_002,1,3500
TICKET_002671,PROD_028,1,2000
TICKET_002672,PROD_010,1,3500
TICKET_002672,PROD_016,1,2500
TICKET_002672,PROD_028,1,2000
TICKET_002673,PROD_018,1,2800
TICKET_002674,PROD_003,1,4500
TICKET_002674,PROD_023,1,3500
TICKET_002674,PROD_034,1,6500
TICKET_002674,PROD_033,1,1500
TICKET_002675,PROD_012,1,3000
TICKET_002676,PROD_001,1,2500
TICKET_002676,PROD_015,1,2800
TICKET_002677,PROD_029,1,3000
TICKET_002678,PROD_021,1,3500
TICKET_002679,PROD_014,1,3800
TICKET_002680,PROD_006,1,2500
TICKET_002680,PROD_028,1,2000
TICKET_002681,PROD_001,1,2500
TICKET_002681,PROD_015,1,2800
TICKET_002681,PROD_032,1,2500
TICKET_002682,PROD_002,1,3500
TICKET_002682,PROD_017,1,2800
TICKET_002682,PROD_018,1,2800
TICKET_002682,PROD_007,1,4500
TICKET_002683,PROD_012,1,3000
TICKET_002684,PROD_031,1,4500
TICKET_002684,PROD_022,1,3500
TICKET_002685,PROD_009,1,5000
TICKET_002686,PROD_006,1,2500
TICKET_002686,PROD_026,1,3500
TICKET_002686,PROD_035,1,7500
TICKET_002687,PROD_004,1,4800
TICKET_002687,PROD_007,1,4500
TICKET_002688,PROD_029,1,3000
TICKET_002688,PROD_011,1,2500
TICKET_002689,PROD_003,1,4500
TICKET_002690,PROD_012,1,3000
TICKET_002691,PROD_009,1,5000
TICKET_002692,PROD_007,1,4500
TICKET_002693,PROD_015,1,2800
TICKET_002694,PROD_001,1,2500
TICKET_002694,PROD_015,1,2800
TICKET_002694,PROD_002,2,3500
TICKET_002695,PROD_006,1,2500
TICKET_002696,PROD_031,1,4500
TICKET_002696,PROD_003,1,4500
TICKET_002697,PROD_001,1,2500
TICKET_002698,PROD_002,1,3500
TICKET_002698,PROD_017,1,2800
TICKET_002699,PROD_010,1,3500
TICKET_002700,PROD_002,1,3500
TICKET_002701,PROD_006,1,2500
TICKET_002701,PROD_028,1,2000
TICKET_002701,PROD_017,1,2800
TICKET_002702,PROD_034,1,6500
TICKET_002702,PROD_020,1,3200
TICKET_002703,PROD_019,1,3200
TICKET_002704,PROD_001,1,2500
TICKET_002705,PROD_015,1,2800
TICKET_002706,PROD_017,1,2800
TICKET_002707,PROD_002,1,3500
TICKET_002707,PROD_017,1,2800
TICKET_002707,PROD_010,1,3500
TICKET_002708,PROD_024,1,3000
TICKET_002709,PROD_019,1,3200
TICKET_002709,PROD_012,1,3000
TICKET_002710,PROD_031,1,4500
TICKET_002710,PROD_003,1,4500
TICKET_002711,PROD_002,1,3500
TICKET_002711,PROD_017,1,2800
TICKET_002712,PROD_001,1,2500
TICKET_002712,PROD_031,1,4500
TICKET_002712,PROD_017,1,2800
TICKET_002713,PROD_021,1,3500
TICKET_002713,PROD_009,1,5000
TICKET_002714,PROD_021,2,3500
TICKET_002715,PROD_002,1,3500
TICKET_002715,PROD_009,1,5000
TICKET_002715,PROD_022,1,3500
TICKET_002716,PROD_010,1,3500
TICKET_002717,PROD_006,1,2500
TICKET_002717,PROD_009,1,5000
TICKET_002718,PROD_014,1,3800
TICKET_002718,PROD_013,1,3500
TICKET_002719,PROD_003,1,4500
TICKET_002719,PROD_023,1,3500
TICKET_002719,PROD_027,1,2500
TICKET_002719,PROD_014,1,3800
TICKET_002720,PROD_003,1,4500
TICKET_002720,PROD_023,1,3500
TICKET_002721,PROD_031,1,4500
TICKET_002722,PROD_019,1,3200
TICKET_002722,PROD_012,1,3000
TICKET_002722,PROD_026,1,3500
TICKET_002723,PROD_019,1,3200
TICKET_002724,PROD_035,1,7500
TICKET_002725,PROD_002,1,3500
TICKET_002725,PROD_017,1,2800
TICKET_002725,PROD_011,1,2500
TICKET_002726,PROD_003,1,4500
TICKET_002726,PROD_023,1,3500
TICKET_002727,PROD_029,1,3000
TICKET_002728,PROD_021,1,3500
TICKET_002728,PROD_016,1,2500
TICKET_002729,PROD_002,1,3500
TICKET_002729,PROD_017,1,2800
TICKET_002729,PROD_033,1,1500
TICKET_002730,PROD_003,1,4500
TICKET_002730,PROD_023,1,3500
TICKET_002730,PROD_027,1,2500
TICKET_002730,PROD_008,1,3200
TICKET_002731,PROD_006,1,2500
TICKET_002732,PROD_003,1,4500
TICKET_002732,PROD_023,1,3500
TICKET_002733,PROD_031,1,4500
TICKET_002734,PROD_030,1,4500
TICKET_002735,PROD_029,1,3000
TICKET_002736,PROD_001,1,2500
TICKET_002736,PROD_015,1,2800
TICKET_002737,PROD_010,1,3500
TICKET_002737,PROD_016,1,2500
TICKET_002737,PROD_021,1,3500
TICKET_002738,PROD_006,1,2500
TICKET_002738,PROD_028,1,2000
TICKET_002738,PROD_035,1,7500
TICKET_002738,PROD_026,1,3500
TICKET_002739,PROD_026,1,3500
TICKET_002740,PROD_029,1,3000
TICKET_002741,PROD_031,1,4500
TICKET_002741,PROD_003,1,4500
TICKET_002742,PROD_006,1,2500
TICKET_002743,PROD_014,1,3800
TICKET_002744,PROD_006,1,2500
TICKET_002744,PROD_028,1,2000
TICKET_002745,PROD_010,1,3500
TICKET_002745,PROD_016,1,2500
TICKET_002745,PROD_029,1,3000
TICKET_002746,PROD_028,1,2000
TICKET_002746,PROD_019,1,3200
TICKET_002747,PROD_002,1,3500
TICKET_002747,PROD_017,1,2800
TICKET_002747,PROD_034,1,6500
TICKET_002747,PROD_012,1,3000
TICKET_002748,PROD_031,1,4500
TICKET_002748,PROD_003,1,4500
TICKET_002748,PROD_013,1,3500
TICKET_002748,PROD_029,1,3000
TICKET_002749,PROD_012,1,3000
TICKET_002749,PROD_025,1,3500
TICKET_002749,PROD_003,1,4500
TICKET_002750,PROD_003,1,4500
TICKET_002751,PROD_019,1,3200
TICKET_002751,PROD_012,1,3000
TICKET_002751,PROD_035,1,7500
TICKET_002752,PROD_006,1,2500
TICKET_002753,PROD_012,1,3000
TICKET_002753,PROD_024,1,3000
TICKET_002753,PROD_009,1,5000
TICKET_002754,PROD_006,1,2500
TICKET_002755,PROD_002,1,3500
TICKET_002755,PROD_017,1,2800
TICKET_002755,PROD_016,1,2500
TICKET_002755,PROD_031,1,4500
TICKET_002756,PROD_024,1,3000
TICKET_002757,PROD_002,1,3500
TICKET_002757,PROD_010,1,3500
TICKET_002758,PROD_021,1,3500
TICKET_002758,PROD_009,1,5000
TICKET_002758,PROD_023,1,3500
TICKET_002759,PROD_010,1,3500
TICKET_002759,PROD_016,1,2500
TICKET_002760,PROD_021,1,3500
TICKET_002760,PROD_009,1,5000
TICKET_002761,PROD_013,1,3500
TICKET_002762,PROD_021,1,3500
TICKET_002763,PROD_002,1,3500
TICKET_002764,PROD_011,1,2500
TICKET_002765,PROD_029,1,3000
TICKET_002765,PROD_024,1,3000
TICKET_002766,PROD_003,1,4500
TICKET_002766,PROD_023,1,3500
TICKET_002767,PROD_003,1,4500
TICKET_002768,PROD_006,1,2500
TICKET_002768,PROD_009,1,5000
TICKET_002769,PROD_001,2,2500
TICKET_002769,PROD_034,1,6500
TICKET_002770,PROD_010,1,3500
TICKET_002770,PROD_016,1,2500
TICKET_002770,PROD_034,1,6500
TICKET_002771,PROD_020,1,3200
TICKET_002772,PROD_027,1,2500
TICKET_002773,PROD_031,1,4500
TICKET_002773,PROD_003,1,4500
TICKET_002774,PROD_005,1,4000
TICKET_002775,PROD_001,1,2500
TICKET_002775,PROD_030,1,4500
TICKET_002775,PROD_007,1,4500
TICKET_002776,PROD_001,1,2500
TICKET_002776,PROD_035,1,7500
TICKET_002776,PROD_031,1,4500
TICKET_002777,PROD_009,1,5000
TICKET_002778,PROD_021,1,3500
TICKET_002778,PROD_009,1,5000
TICKET_002779,PROD_021,1,3500
TICKET_002780,PROD_012,1,3000
TICKET_002781,PROD_003,1,4500
TICKET_002781,PROD_023,1,3500
TICKET_002782,PROD_031,1,4500
TICKET_002782,PROD_003,1,4500
TICKET_002782,PROD_026,1,3500
TICKET_002782,PROD_019,1,3200
TICKET_002783,PROD_003,1,4500
TICKET_002783,PROD_023,1,3500
TICKET_002783,PROD_034,1,6500
TICKET_002783,PROD_019,1,3200
TICKET_002784,PROD_019,1,3200
TICKET_002785,PROD_001,1,2500
TICKET_002785,PROD_010,1,3500
TICKET_002786,PROD_003,1,4500
TICKET_002787,PROD_001,1,2500
TICKET_002787,PROD_015,1,2800
TICKET_002787,PROD_035,1,7500
TICKET_002788,PROD_026,1,3500
TICKET_002789,PROD_010,1,3500
TICKET_002790,PROD_010,1,3500
TICKET_002790,PROD_016,1,2500
TICKET_002791,PROD_002,1,3500
TICKET_002791,PROD_017,1,2800
TICKET_002792,PROD_034,1,6500
TICKET_002793,PROD_001,1,2500
TICKET_002793,PROD_021,1,3500
TICKET_002793,PROD_035,1,7500
TICKET_002794,PROD_031,1,4500
TICKET_002795,PROD_006,1,2500
TICKET_002795,PROD_028,1,2000
TICKET_002796,PROD_002,1,3500
TICKET_002796,PROD_017,1,2800
TICKET_002796,PROD_034,1,6500
TICKET_002797,PROD_022,1,3500
TICKET_002797,PROD_017,1,2800
TICKET_002798,PROD_028,1,2000
TICKET_002799,PROD_011,1,2500
TICKET_002800,PROD_021,1,3500
TICKET_002800,PROD_009,1,5000
TICKET_002801,PROD_034,1,6500
TICKET_002802,PROD_006,1,2500
TICKET_002802,PROD_028,1,2000
TICKET_002802,PROD_034,1,6500
TICKET_002802,PROD_004,1,4800
TICKET_002803,PROD_001,1,2500
TICKET_002803,PROD_015,1,2800
TICKET_002804,PROD_031,1,4500
TICKET_002804,PROD_003,1,4500
TICKET_002804,PROD_004,1,4800
TICKET_002804,PROD_021,1,3500
TICKET_002805,PROD_003,1,4500
TICKET_002806,PROD_021,1,3500
TICKET_002806,PROD_009,1,5000
TICKET_002807,PROD_001,1,2500
TICKET_002808,PROD_002,1,3500
TICKET_002808,PROD_017,1,2800
TICKET_002809,PROD_022,1,3500
TICKET_002810,PROD_003,1,4500
TICKET_002810,PROD_008,1,3200
TICKET_002811,PROD_001,1,2500
TICKET_002811,PROD_008,1,3200
TICKET_002812,PROD_022,1,3500
TICKET_002813,PROD_010,1,3500
TICKET_002813,PROD_016,1,2500
TICKET_002813,PROD_034,1,6500
TICKET_002814,PROD_012,1,3000
TICKET_002815,PROD_003,1,4500
TICKET_002815,PROD_023,1,3500
TICKET_002815,PROD_013,1,3500
TICKET_002815,PROD_016,1,2500
TICKET_002816,PROD_003,1,4500
TICKET_002816,PROD_023,1,3500
TICKET_002816,PROD_012,1,3000
TICKET_002817,PROD_001,1,2500
TICKET_002817,PROD_015,1,2800
TICKET_002818,PROD_025,1,3500
TICKET_002819,PROD_021,1,3500
TICKET_002819,PROD_009,1,5000
TICKET_002820,PROD_026,1,3500
TICKET_002821,PROD_004,1,4800
TICKET_002822,PROD_010,1,3500
TICKET_002823,PROD_002,1,3500
TICKET_002823,PROD_017,1,2800
TICKET_002824,PROD_002,1,3500
TICKET_002824,PROD_028,1,2000
TICKET_002825,PROD_006,1,2500
TICKET_002825,PROD_035,1,7500
TICKET_002826,PROD_007,1,4500
TICKET_002827,PROD_024,1,3000
TICKET_002827,PROD_021,1,3500
TICKET_002828,PROD_006,1,2500
TICKET_002828,PROD_004,1,4800
TICKET_002828,PROD_035,1,7500
TICKET_002829,PROD_019,1,3200
TICKET_002829,PROD_012,1,3000
TICKET_002829,PROD_006,1,2500
TICKET_002830,PROD_032,1,2500
TICKET_002831,PROD_012,1,3000
TICKET_002832,PROD_003,1,4500
TICKET_002833,PROD_012,1,3000
TICKET_002833,PROD_024,1,3000
TICKET_002834,PROD_001,1,2500
TICKET_002835,PROD_003,1,4500
TICKET_002836,PROD_018,1,2800
TICKET_002837,PROD_021,1,3500
TICKET_002837,PROD_009,1,5000
TICKET_002837,PROD_012,1,3000
TICKET_002837,PROD_013,1,3500
TICKET_002838,PROD_012,1,3000
TICKET_002839,PROD_031,1,4500
TICKET_002839,PROD_011,1,2500
TICKET_002840,PROD_031,1,4500
TICKET_002840,PROD_003,1,4500
TICKET_002841,PROD_010,1,3500
TICKET_002841,PROD_020,1,3200
TICKET_002842,PROD_012,1,3000
TICKET_002842,PROD_013,1,3500
TICKET_002843,PROD_029,1,3000
TICKET_002843,PROD_025,1,3500
TICKET_002844,PROD_006,1,2500
TICKET_002844,PROD_028,1,2000
TICKET_002844,PROD_003,1,4500
TICKET_002844,PROD_012,1,3000
TICKET_002845,PROD_015,1,2800
TICKET_002846,PROD_013,1,3500
TICKET_002847,PROD_003,1,4500
TICKET_002847,PROD_023,1,3500
TICKET_002848,PROD_010,1,3500
TICKET_002848,PROD_016,1,2500
TICKET_002848,PROD_021,1,3500
TICKET_002848,PROD_018,1,2800
TICKET_002849,PROD_001,1,2500
TICKET_002850,PROD_006,1,2500
TICKET_002851,PROD_019,1,3200
TICKET_002851,PROD_006,1,2500
TICKET_002852,PROD_025,1,3500
TICKET_002852,PROD_013,1,3500
TICKET_002853,PROD_001,1,2500
TICKET_002854,PROD_035,1,7500
TICKET_002855,PROD_021,1,3500
TICKET_002855,PROD_009,1,5000
TICKET_002855,PROD_010,2,3500
TICKET_002856,PROD_010,1,3500
TICKET_002856,PROD_023,1,3500
TICKET_002857,PROD_012,1,3000
TICKET_002857,PROD_024,1,3000
TICKET_002857,PROD_018,1,2800
TICKET_002857,PROD_017,1,2800
TICKET_002858,PROD_001,2,2500
TICKET_002859,PROD_020,1,3200
TICKET_002859,PROD_025,1,3500
TICKET_002860,PROD_006,1,2500
TICKET_002861,PROD_002,1,3500
TICKET_002861,PROD_017,1,2800
TICKET_002862,PROD_021,1,3500
TICKET_002862,PROD_019,1,3200
TICKET_002862,PROD_017,1,2800
TICKET_002863,PROD_012,2,3000
TICKET_002863,PROD_016,1,2500
TICKET_002864,PROD_003,1,4500
TICKET_002864,PROD_004,1,4800
TICKET_002865,PROD_002,1,3500
TICKET_002865,PROD_017,1,2800
TICKET_002865,PROD_006,1,2500
TICKET_002866,PROD_031,1,4500
TICKET_002866,PROD_013,1,3500
TICKET_002867,PROD_002,1,3500
TICKET_002867,PROD_017,1,2800
TICKET_002868,PROD_002,1,3500
TICKET_002868,PROD_017,1,2800
TICKET_002868,PROD_027,1,2500
TICKET_002868,PROD_003,1,4500
TICKET_002869,PROD_002,1,3500
TICKET_002869,PROD_022,1,3500
TICKET_002870,PROD_019,1,3200
TICKET_002871,PROD_012,1,3000
TICKET_002871,PROD_024,1,3000
TICKET_002872,PROD_006,1,2500
TICKET_002873,PROD_003,1,4500
TICKET_002873,PROD_023,1,3500
TICKET_002874,PROD_031,1,4500
TICKET_002875,PROD_031,1,4500
TICKET_002875,PROD_025,1,3500
TICKET_002876,PROD_006,1,2500
TICKET_002876,PROD_020,1,3200
TICKET_002877,PROD_012,1,3000
TICKET_002878,PROD_021,1,3500
TICKET_002879,PROD_022,1,3500
TICKET_002880,PROD_001,1,2500
TICKET_002880,PROD_015,1,2800
TICKET_002880,PROD_003,1,4500
TICKET_002880,PROD_008,1,3200
TICKET_002881,PROD_006,1,2500
TICKET_002881,PROD_024,1,3000
TICKET_002882,PROD_007,1,4500
TICKET_002883,PROD_002,1,3500
TICKET_002883,PROD_017,1,2800
TICKET_002883,PROD_025,1,3500
TICKET_002883,PROD_008,1,3200
TICKET_002884,PROD_001,1,2500
TICKET_002884,PROD_015,1,2800
TICKET_002885,PROD_030,1,4500
TICKET_002886,PROD_001,1,2500
TICKET_002886,PROD_027,1,2500
TICKET_002886,PROD_029,1,3000
TICKET_002887,PROD_005,1,4000
TICKET_002888,PROD_023,1,3500
TICKET_002889,PROD_001,1,2500
TICKET_002889,PROD_015,1,2800
TICKET_002890,PROD_021,1,3500
TICKET_002890,PROD_016,1,2500
TICKET_002890,PROD_028,1,2000
TICKET_002891,PROD_012,1,3000
TICKET_002892,PROD_028,1,2000
TICKET_002893,PROD_021,1,3500
TICKET_002893,PROD_009,1,5000
TICKET_002894,PROD_019,1,3200
TICKET_002894,PROD_012,1,3000
TICKET_002894,PROD_011,1,2500
TICKET_002894,PROD_016,1,2500
TICKET_002895,PROD_019,1,3200
TICKET_002895,PROD_012,1,3000
TICKET_002895,PROD_034,1,6500
TICKET_002896,PROD_002,1,3500
TICKET_002897,PROD_021,1,3500
TICKET_002897,PROD_026,1,3500
TICKET_002897,PROD_035,1,7500
TICKET_002898,PROD_006,1,2500
TICKET_002899,PROD_003,1,4500
TICKET_002899,PROD_023,1,3500
TICKET_002900,PROD_019,1,3200
TICKET_002901,PROD_022,1,3500
TICKET_002902,PROD_031,1,4500
TICKET_002903,PROD_031,1,4500
TICKET_002903,PROD_003,1,4500
TICKET_002903,PROD_026,1,3500
TICKET_002903,PROD_001,1,2500
TICKET_002904,PROD_006,1,2500
TICKET_002905,PROD_003,1,4500
TICKET_002906,PROD_010,1,3500
TICKET_002907,PROD_001,1,2500
TICKET_002908,PROD_010,1,3500
TICKET_002908,PROD_016,1,2500
TICKET_002908,PROD_021,1,3500
TICKET_002909,PROD_012,1,3000
TICKET_002909,PROD_015,1,2800
TICKET_002909,PROD_020,1,3200
TICKET_002910,PROD_026,1,3500
TICKET_002911,PROD_001,1,2500
TICKET_002911,PROD_015,1,2800
TICKET_002911,PROD_030,1,4500
TICKET_002912,PROD_001,1,2500
TICKET_002913,PROD_003,1,4500
TICKET_002913,PROD_023,1,3500
TICKET_002914,PROD_001,1,2500
TICKET_002914,PROD_015,2,2800
TICKET_002915,PROD_025,1,3500
TICKET_002916,PROD_001,1,2500
TICKET_002917,PROD_019,1,3200
TICKET_002917,PROD_012,1,3000
TICKET_002918,PROD_004,1,4800
TICKET_002919,PROD_031,1,4500
TICKET_002919,PROD_003,1,4500
TICKET_002919,PROD_026,2,3500
TICKET_002920,PROD_010,2,3500
TICKET_002920,PROD_028,1,2000
TICKET_002921,PROD_006,1,2500
TICKET_002921,PROD_003,1,4500
TICKET_002922,PROD_010,1,3500
TICKET_002922,PROD_016,1,2500
TICKET_002922,PROD_026,1,3500
TICKET_002923,PROD_002,1,3500
TICKET_002924,PROD_010,1,3500
TICKET_002925,PROD_019,1,3200
TICKET_002925,PROD_012,1,3000
TICKET_002926,PROD_016,1,2500
TICKET_002926,PROD_019,1,3200
TICKET_002927,PROD_031,1,4500
TICKET_002927,PROD_003,1,4500
TICKET_002927,PROD_034,1,6500
TICKET_002927,PROD_012,1,3000
TICKET_002928,PROD_002,1,3500
TICKET_002928,PROD_017,1,2800
TICKET_002929,PROD_003,1,4500
TICKET_002929,PROD_004,1,4800
TICKET_002930,PROD_001,2,2500
TICKET_002930,PROD_021,1,3500
TICKET_002931,PROD_019,1,3200
TICKET_002931,PROD_012,1,3000
TICKET_002932,PROD_003,1,4500
TICKET_002932,PROD_023,1,3500
TICKET_002933,PROD_010,1,3500
TICKET_002933,PROD_016,1,2500
TICKET_002934,PROD_010,1,3500
TICKET_002934,PROD_016,1,2500
TICKET_002935,PROD_031,1,4500
TICKET_002936,PROD_019,1,3200
TICKET_002936,PROD_032,1,2500
TICKET_002937,PROD_028,1,2000
TICKET_002938,PROD_019,1,3200
TICKET_002938,PROD_012,1,3000
TICKET_002939,PROD_023,1,3500
TICKET_002939,PROD_007,1,4500
TICKET_002940,PROD_001,1,2500
TICKET_002941,PROD_002,1,3500
TICKET_002941,PROD_017,1,2800
TICKET_002942,PROD_007,1,4500
TICKET_002943,PROD_005,1,4000
TICKET_002944,PROD_012,1,3000
TICKET_002945,PROD_035,1,7500
TICKET_002946,PROD_019,1,3200
TICKET_002947,PROD_002,1,3500
TICKET_002948,PROD_003,1,4500
TICKET_002948,PROD_023,1,3500
TICKET_002949,PROD_030,1,4500
TICKET_002949,PROD_005,1,4000
TICKET_002950,PROD_031,1,4500
TICKET_002950,PROD_003,1,4500
TICKET_002950,PROD_025,1,3500
TICKET_002950,PROD_035,1,7500
TICKET_002951,PROD_010,1,3500
TICKET_002951,PROD_016,1,2500
TICKET_002951,PROD_029,1,3000
TICKET_002952,PROD_021,1,3500
TICKET_002953,PROD_006,1,2500
TICKET_002953,PROD_028,1,2000
TICKET_002953,PROD_021,1,3500
TICKET_002953,PROD_031,1,4500
TICKET_002954,PROD_002,1,3500
TICKET_002954,PROD_017,1,2800
TICKET_002955,PROD_035,1,7500
TICKET_002956,PROD_003,1,4500
TICKET_002956,PROD_023,1,3500
TICKET_002957,PROD_027,1,2500
TICKET_002958,PROD_019,1,3200
TICKET_002958,PROD_012,1,3000
TICKET_002959,PROD_006,1,2500
TICKET_002959,PROD_012,2,3000
TICKET_002960,PROD_002,1,3500
TICKET_002960,PROD_017,1,2800
TICKET_002961,PROD_009,1,5000
TICKET_002961,PROD_020,1,3200
TICKET_002962,PROD_026,1,3500
TICKET_002962,PROD_025,1,3500
TICKET_002963,PROD_031,1,4500
TICKET_002963,PROD_003,1,4500
TICKET_002963,PROD_001,1,2500
TICKET_002963,PROD_030,1,4500
TICKET_002964,PROD_015,1,2800
TICKET_002965,PROD_032,1,2500
TICKET_002966,PROD_012,1,3000
TICKET_002966,PROD_024,1,3000
TICKET_002966,PROD_022,1,3500
TICKET_002967,PROD_031,1,4500
TICKET_002967,PROD_003,1,4500
TICKET_002967,PROD_019,1,3200
TICKET_002967,PROD_002,1,3500
TICKET_002968,PROD_002,1,3500
TICKET_002968,PROD_012,1,3000
TICKET_002968,PROD_018,1,2800
TICKET_002969,PROD_003,1,4500
TICKET_002969,PROD_009,1,5000
TICKET_002969,PROD_033,1,1500
TICKET_002970,PROD_032,1,2500
TICKET_002971,PROD_001,2,2500
TICKET_002971,PROD_015,1,2800
TICKET_002971,PROD_006,1,2500
TICKET_002972,PROD_019,1,3200
TICKET_002972,PROD_012,1,3000
TICKET_002973,PROD_006,1,2500
TICKET_002973,PROD_016,1,2500
TICKET_002973,PROD_031,1,4500
TICKET_002974,PROD_006,1,2500
TICKET_002974,PROD_028,1,2000
TICKET_002974,PROD_021,1,3500
TICKET_002974,PROD_024,1,3000
TICKET_002975,PROD_003,1,4500
TICKET_002975,PROD_023,1,3500
TICKET_002975,PROD_012,1,3000
TICKET_002976,PROD_023,1,3500
TICKET_002977,PROD_011,1,2500
TICKET_002978,PROD_006,1,2500
TICKET_002978,PROD_010,1,3500
TICKET_002979,PROD_021,1,3500
TICKET_002979,PROD_014,1,3800
TICKET_002980,PROD_012,1,3000
TICKET_002980,PROD_024,1,3000
TICKET_002980,PROD_007,1,4500
TICKET_002981,PROD_031,2,4500
TICKET_002981,PROD_003,1,4500
TICKET_002981,PROD_002,1,3500
TICKET_002982,PROD_002,1,3500
TICKET_002982,PROD_017,1,2800
TICKET_002983,PROD_001,1,2500
TICKET_002983,PROD_015,1,2800
TICKET_002984,PROD_034,1,6500
TICKET_002984,PROD_007,1,4500
TICKET_002985,PROD_002,1,3500
TICKET_002985,PROD_017,1,2800
TICKET_002986,PROD_001,1,2500
TICKET_002987,PROD_006,1,2500
TICKET_002988,PROD_002,1,3500
TICKET_002988,PROD_017,1,2800
TICKET_002988,PROD_001,1,2500
TICKET_002989,PROD_028,1,2000
TICKET_002990,PROD_006,1,2500
TICKET_002990,PROD_028,1,2000
TICKET_002990,PROD_008,1,3200
TICKET_002991,PROD_031,1,4500
TICKET_002991,PROD_003,1,4500
TICKET_002991,PROD_021,1,3500
TICKET_002992,PROD_014,1,3800
TICKET_002993,PROD_016,1,2500
TICKET_002994,PROD_031,1,4500
TICKET_002994,PROD_003,1,4500
TICKET_002995,PROD_006,1,2500
TICKET_002996,PROD_010,1,3500
TICKET_002996,PROD_016,1,2500
TICKET_002996,PROD_006,1,2500
TICKET_002997,PROD_019,1,3200
TICKET_002997,PROD_012,1,3000
TICKET_002997,PROD_028,1,2000
TICKET_002997,PROD_002,1,3500
TICKET_002998,PROD_026,1,3500
TICKET_002999,PROD_013,1,3500
TICKET_003000,PROD_001,1,2500
TICKET_003001,PROD_001,1,2500
TICKET_003001,PROD_015,1,2800
TICKET_003001,PROD_010,1,3500
TICKET_003001,PROD_029,1,3000
TICKET_003002,PROD_002,1,3500
TICKET_003002,PROD_017,1,2800
TICKET_003002,PROD_021,1,3500
TICKET_003003,PROD_006,1,2500
TICKET_003003,PROD_028,1,2000
TICKET_003004,PROD_002,1,3500
TICKET_003004,PROD_017,1,2800
TICKET_003004,PROD_024,1,3000
TICKET_003005,PROD_002,1,3500
TICKET_003005,PROD_017,1,2800
TICKET_003005,PROD_031,1,4500
TICKET_003006,PROD_001,1,2500
TICKET_003006,PROD_015,1,2800
TICKET_003007,PROD_010,1,3500
TICKET_003007,PROD_016,1,2500
TICKET_003008,PROD_021,1,3500
TICKET_003008,PROD_009,1,5000
TICKET_003008,PROD_026,1,3500
TICKET_003009,PROD_019,1,3200
TICKET_003009,PROD_012,1,3000
TICKET_003010,PROD_013,1,3500
TICKET_003010,PROD_023,1,3500
TICKET_003011,PROD_004,1,4800
TICKET_003011,PROD_034,1,6500
TICKET_003012,PROD_019,1,3200
TICKET_003012,PROD_012,1,3000
TICKET_003012,PROD_028,1,2000
TICKET_003013,PROD_011,1,2500
TICKET_003014,PROD_031,1,4500
TICKET_003014,PROD_003,1,4500
TICKET_003014,PROD_014,1,3800
TICKET_003014,PROD_007,1,4500
TICKET_003015,PROD_024,1,3000
TICKET_003015,PROD_026,1,3500
TICKET_003016,PROD_016,1,2500
TICKET_003017,PROD_016,1,2500
TICKET_003018,PROD_010,1,3500
TICKET_003018,PROD_016,1,2500
TICKET_003018,PROD_015,1,2800
TICKET_003019,PROD_034,1,6500
TICKET_003019,PROD_003,1,4500
TICKET_003020,PROD_025,1,3500
TICKET_003021,PROD_015,1,2800
TICKET_003022,PROD_003,1,4500
TICKET_003023,PROD_021,1,3500
TICKET_003023,PROD_009,1,5000
TICKET_003023,PROD_020,1,3200
TICKET_003024,PROD_001,1,2500
TICKET_003024,PROD_015,1,2800
TICKET_003024,PROD_006,1,2500
TICKET_003025,PROD_007,1,4500
TICKET_003026,PROD_009,1,5000
TICKET_003027,PROD_008,1,3200
TICKET_003027,PROD_009,1,5000
TICKET_003028,PROD_001,1,2500
TICKET_003028,PROD_015,1,2800
TICKET_003028,PROD_034,1,6500
TICKET_003028,PROD_013,1,3500
TICKET_003029,PROD_001,2,2500
TICKET_003030,PROD_021,1,3500
TICKET_003030,PROD_009,1,5000
TICKET_003030,PROD_003,1,4500
TICKET_003030,PROD_028,1,2000
TICKET_003031,PROD_029,1,3000
TICKET_003032,PROD_023,1,3500
TICKET_003033,PROD_026,1,3500
TICKET_003034,PROD_001,1,2500
TICKET_003035,PROD_018,1,2800
TICKET_003036,PROD_010,1,3500
TICKET_003036,PROD_016,1,2500
TICKET_003037,PROD_003,1,4500
TICKET_003037,PROD_023,1,3500
TICKET_003038,PROD_012,1,3000
TICKET_003038,PROD_024,1,3000
TICKET_003039,PROD_031,1,4500
TICKET_003039,PROD_010,1,3500
TICKET_003040,PROD_006,1,2500
TICKET_003040,PROD_028,1,2000
TICKET_003040,PROD_034,1,6500
TICKET_003041,PROD_035,1,7500
TICKET_003042,PROD_006,1,2500
TICKET_003042,PROD_028,1,2000
TICKET_003043,PROD_021,3,3500
TICKET_003043,PROD_009,1,5000
TICKET_003044,PROD_001,2,2500
TICKET_003044,PROD_033,1,1500
TICKET_003044,PROD_022,1,3500
TICKET_003045,PROD_035,1,7500
TICKET_003045,PROD_033,1,1500
TICKET_003046,PROD_001,1,2500
TICKET_003047,PROD_002,1,3500
TICKET_003047,PROD_017,1,2800
TICKET_003048,PROD_003,1,4500
TICKET_003048,PROD_023,1,3500
TICKET_003049,PROD_003,1,4500
TICKET_003049,PROD_023,1,3500
TICKET_003050,PROD_003,1,4500
TICKET_003050,PROD_023,1,3500
TICKET_003050,PROD_026,1,3500
TICKET_003051,PROD_019,1,3200
TICKET_003051,PROD_012,1,3000
TICKET_003052,PROD_019,1,3200
TICKET_003052,PROD_012,1,3000
TICKET_003053,PROD_018,1,2800
TICKET_003054,PROD_012,1,3000
TICKET_003055,PROD_025,1,3500
TICKET_003056,PROD_012,1,3000
TICKET_003057,PROD_012,1,3000
TICKET_003057,PROD_024,1,3000
TICKET_003058,PROD_019,1,3200
TICKET_003058,PROD_012,1,3000
TICKET_003058,PROD_028,1,2000
TICKET_003059,PROD_016,1,2500
TICKET_003060,PROD_001,1,2500
TICKET_003060,PROD_015,1,2800
TICKET_003060,PROD_026,1,3500
TICKET_003061,PROD_020,1,3200
TICKET_003062,PROD_014,1,3800
TICKET_003063,PROD_006,1,2500
TICKET_003064,PROD_006,1,2500
TICKET_003065,PROD_001,1,2500
TICKET_003066,PROD_019,1,3200
TICKET_003066,PROD_012,1,3000
TICKET_003067,PROD_030,1,4500
TICKET_003068,PROD_012,1,3000
TICKET_003069,PROD_006,1,2500
TICKET_003069,PROD_028,1,2000
TICKET_003070,PROD_010,1,3500
TICKET_003070,PROD_016,1,2500
TICKET_003070,PROD_020,1,3200
TICKET_003070,PROD_029,1,3000
TICKET_003071,PROD_002,1,3500
TICKET_003071,PROD_017,1,2800
TICKET_003072,PROD_005,1,4000
TICKET_003073,PROD_002,1,3500
TICKET_003073,PROD_017,1,2800
TICKET_003074,PROD_019,1,3200
TICKET_003074,PROD_012,1,3000
TICKET_003074,PROD_022,1,3500
TICKET_003074,PROD_001,1,2500
TICKET_003075,PROD_001,1,2500
TICKET_003075,PROD_015,1,2800
TICKET_003075,PROD_021,1,3500
TICKET_003076,PROD_001,1,2500
TICKET_003076,PROD_012,1,3000
TICKET_003077,PROD_033,1,1500
TICKET_003077,PROD_005,1,4000
TICKET_003078,PROD_022,1,3500
TICKET_003079,PROD_003,1,4500
TICKET_003079,PROD_034,1,6500
TICKET_003080,PROD_003,1,4500
TICKET_003080,PROD_023,1,3500
TICKET_003080,PROD_019,1,3200
TICKET_003081,PROD_001,1,2500
TICKET_003082,PROD_029,1,3000
TICKET_003082,PROD_002,1,3500
TICKET_003083,PROD_006,1,2500
TICKET_003083,PROD_034,1,6500
TICKET_003083,PROD_013,1,3500
TICKET_003084,PROD_001,1,2500
TICKET_003084,PROD_015,1,2800
TICKET_003085,PROD_001,1,2500
TICKET_003085,PROD_015,1,2800
TICKET_003085,PROD_022,1,3500
TICKET_003085,PROD_005,1,4000
TICKET_003086,PROD_019,1,3200
TICKET_003086,PROD_012,1,3000
TICKET_003086,PROD_003,1,4500
TICKET_003087,PROD_021,1,3500
TICKET_003087,PROD_010,1,3500
TICKET_003087,PROD_003,1,4500
TICKET_003088,PROD_025,1,3500
TICKET_003089,PROD_012,1,3000
TICKET_003089,PROD_024,1,3000
TICKET_003090,PROD_001,1,2500
TICKET_003091,PROD_006,1,2500
TICKET_003092,PROD_012,1,3000
TICKET_003093,PROD_035,1,7500
TICKET_003094,PROD_012,1,3000
TICKET_003094,PROD_024,1,3000
TICKET_003095,PROD_017,1,2800
TICKET_003095,PROD_024,1,3000
TICKET_003096,PROD_019,1,3200
TICKET_003097,PROD_025,1,3500
TICKET_003097,PROD_010,1,3500
TICKET_003098,PROD_006,1,2500
TICKET_003098,PROD_012,1,3000
TICKET_003098,PROD_014,1,3800
TICKET_003099,PROD_025,1,3500
TICKET_003100,PROD_026,1,3500
TICKET_003101,PROD_008,1,3200
TICKET_003102,PROD_001,1,2500
TICKET_003103,PROD_001,1,2500
TICKET_003103,PROD_015,1,2800
TICKET_003104,PROD_012,1,3000
TICKET_003105,PROD_007,1,4500
TICKET_003106,PROD_010,1,3500
TICKET_003107,PROD_025,1,3500
TICKET_003108,PROD_002,1,3500
TICKET_003108,PROD_017,1,2800
TICKET_003109,PROD_017,1,2800
TICKET_003109,PROD_022,1,3500
TICKET_003110,PROD_019,1,3200
TICKET_003110,PROD_012,1,3000
TICKET_003111,PROD_008,1,3200
TICKET_003112,PROD_031,1,4500
TICKET_003112,PROD_003,1,4500
TICKET_003113,PROD_010,1,3500
TICKET_003113,PROD_016,1,2500
TICKET_003114,PROD_019,1,3200
TICKET_003114,PROD_012,1,3000
TICKET_003114,PROD_003,1,4500
TICKET_003114,PROD_010,1,3500
TICKET_003115,PROD_006,1,2500
TICKET_003115,PROD_028,1,2000
TICKET_003116,PROD_028,1,2000
TICKET_003117,PROD_010,1,3500
TICKET_003117,PROD_016,1,2500
TICKET_003118,PROD_031,1,4500
TICKET_003118,PROD_012,1,3000
TICKET_003118,PROD_013,1,3500
TICKET_003119,PROD_003,1,4500
TICKET_003120,PROD_019,1,3200
TICKET_003121,PROD_021,1,3500
TICKET_003121,PROD_003,1,4500
TICKET_003122,PROD_019,1,3200
TICKET_003122,PROD_012,1,3000
TICKET_003122,PROD_003,1,4500
TICKET_003123,PROD_021,1,3500
TICKET_003123,PROD_009,1,5000
TICKET_003124,PROD_010,1,3500
TICKET_003124,PROD_016,1,2500
TICKET_003125,PROD_010,1,3500
TICKET_003126,PROD_003,1,4500
TICKET_003126,PROD_023,1,3500
TICKET_003126,PROD_035,1,7500
TICKET_003127,PROD_001,2,2500
TICKET_003128,PROD_028,1,2000
TICKET_003128,PROD_013,1,3500
TICKET_003129,PROD_021,1,3500
TICKET_003129,PROD_009,1,5000
TICKET_003129,PROD_020,1,3200
TICKET_003130,PROD_002,1,3500
TICKET_003130,PROD_017,1,2800
TICKET_003131,PROD_003,1,4500
TICKET_003131,PROD_023,1,3500
TICKET_003132,PROD_021,1,3500
TICKET_003132,PROD_009,1,5000
TICKET_003132,PROD_002,1,3500
TICKET_003133,PROD_035,1,7500
TICKET_003133,PROD_028,1,2000
TICKET_003134,PROD_006,1,2500
TICKET_003134,PROD_028,1,2000
TICKET_003135,PROD_035,1,7500
TICKET_003136,PROD_001,2,2500
TICKET_003136,PROD_013,1,3500
TICKET_003136,PROD_026,1,3500
TICKET_003137,PROD_019,1,3200
TICKET_003137,PROD_003,1,4500
TICKET_003137,PROD_001,1,2500
TICKET_003138,PROD_016,1,2500
TICKET_003138,PROD_009,1,5000
TICKET_003139,PROD_012,1,3000
TICKET_003139,PROD_024,1,3000
TICKET_003139,PROD_035,1,7500
TICKET_003140,PROD_012,1,3000
TICKET_003141,PROD_002,1,3500
TICKET_003141,PROD_025,1,3500
TICKET_003142,PROD_019,1,3200
TICKET_003142,PROD_012,1,3000
TICKET_003143,PROD_001,2,2500
TICKET_003143,PROD_015,1,2800
TICKET_003144,PROD_031,1,4500
TICKET_003145,PROD_016,1,2500
TICKET_003146,PROD_006,1,2500
TICKET_003146,PROD_028,1,2000
TICKET_003146,PROD_003,1,4500
TICKET_003147,PROD_010,1,3500
TICKET_003148,PROD_021,1,3500
TICKET_003148,PROD_009,1,5000
TICKET_003148,PROD_012,1,3000
TICKET_003149,PROD_001,1,2500
TICKET_003150,PROD_002,1,3500
TICKET_003150,PROD_012,1,3000
TICKET_003151,PROD_008,1,3200
TICKET_003152,PROD_001,1,2500
TICKET_003152,PROD_025,1,3500
TICKET_003153,PROD_003,1,4500
TICKET_003154,PROD_012,1,3000
TICKET_003154,PROD_035,1,7500
TICKET_003155,PROD_021,1,3500
TICKET_003155,PROD_020,1,3200
TICKET_003155,PROD_006,1,2500
TICKET_003156,PROD_002,1,3500
TICKET_003156,PROD_017,1,2800
TICKET_003156,PROD_031,1,4500
TICKET_003157,PROD_034,1,6500
TICKET_003157,PROD_014,1,3800
TICKET_003158,PROD_002,1,3500
TICKET_003158,PROD_017,1,2800
TICKET_003158,PROD_018,1,2800
TICKET_003159,PROD_021,1,3500
TICKET_003160,PROD_031,1,4500
TICKET_003160,PROD_003,1,4500
TICKET_003161,PROD_008,1,3200
TICKET_003162,PROD_006,1,2500
TICKET_003162,PROD_028,1,2000
TICKET_003163,PROD_010,2,3500
TICKET_003164,PROD_021,1,3500
TICKET_003164,PROD_009,1,5000
TICKET_003164,PROD_008,1,3200
TICKET_003164,PROD_025,1,3500
TICKET_003165,PROD_021,1,3500
TICKET_003165,PROD_009,1,5000
TICKET_003166,PROD_015,1,2800
TICKET_003167,PROD_006,1,2500
TICKET_003167,PROD_028,1,2000
TICKET_003167,PROD_001,1,2500
TICKET_003168,PROD_021,1,3500
TICKET_003168,PROD_009,1,5000
TICKET_003169,PROD_002,1,3500
TICKET_003169,PROD_017,1,2800
TICKET_003169,PROD_024,1,3000
TICKET_003169,PROD_004,1,4800
TICKET_003170,PROD_002,1,3500
TICKET_003171,PROD_021,1,3500
TICKET_003172,PROD_001,1,2500
TICKET_003173,PROD_003,1,4500
TICKET_003174,PROD_001,1,2500
TICKET_003175,PROD_010,1,3500
TICKET_003175,PROD_002,1,3500
TICKET_003175,PROD_007,1,4500
TICKET_003176,PROD_033,1,1500
TICKET_003176,PROD_016,1,2500
TICKET_003177,PROD_003,1,4500
TICKET_003177,PROD_023,1,3500
TICKET_003177,PROD_004,1,4800
TICKET_003177,PROD_035,1,7500
TICKET_003178,PROD_019,1,3200
TICKET_003178,PROD_012,1,3000
TICKET_003178,PROD_031,1,4500
TICKET_003179,PROD_022,1,3500
TICKET_003180,PROD_006,1,2500
TICKET_003180,PROD_028,1,2000
TICKET_003180,PROD_034,1,6500
TICKET_003181,PROD_006,1,2500
TICKET_003182,PROD_031,1,4500
TICKET_003182,PROD_009,1,5000
TICKET_003183,PROD_029,1,3000
TICKET_003184,PROD_009,1,5000
TICKET_003185,PROD_034,1,6500
TICKET_003186,PROD_001,2,2500
TICKET_003187,PROD_001,1,2500
TICKET_003187,PROD_034,1,6500
TICKET_003188,PROD_021,1,3500
TICKET_003188,PROD_008,1,3200
TICKET_003189,PROD_012,1,3000
TICKET_003189,PROD_017,1,2800
TICKET_003190,PROD_028,1,2000
TICKET_003191,PROD_006,1,2500
TICKET_003192,PROD_034,1,6500
TICKET_003193,PROD_019,1,3200
TICKET_003193,PROD_012,1,3000
TICKET_003194,PROD_019,1,3200
TICKET_003194,PROD_012,1,3000
TICKET_003194,PROD_034,1,6500
TICKET_003195,PROD_003,1,4500
TICKET_003196,PROD_010,1,3500
TICKET_003196,PROD_016,1,2500
TICKET_003197,PROD_031,1,4500
TICKET_003198,PROD_019,1,3200
TICKET_003198,PROD_012,1,3000
TICKET_003199,PROD_015,1,2800
TICKET_003200,PROD_027,1,2500
TICKET_003201,PROD_012,1,3000
TICKET_003202,PROD_034,1,6500
TICKET_003203,PROD_016,1,2500
TICKET_003204,PROD_019,1,3200
TICKET_003204,PROD_012,1,3000
TICKET_003204,PROD_035,1,7500
TICKET_003205,PROD_024,1,3000
TICKET_003206,PROD_001,1,2500
TICKET_003206,PROD_015,1,2800
TICKET_003206,PROD_008,1,3200
TICKET_003206,PROD_004,1,4800
TICKET_003207,PROD_003,1,4500
TICKET_003208,PROD_021,1,3500
TICKET_003209,PROD_017,1,2800
TICKET_003209,PROD_023,1,3500
TICKET_003210,PROD_002,1,3500
TICKET_003210,PROD_017,1,2800
TICKET_003211,PROD_032,1,2500
TICKET_003211,PROD_024,1,3000
TICKET_003212,PROD_031,1,4500
TICKET_003212,PROD_003,1,4500
TICKET_003213,PROD_002,1,3500
TICKET_003213,PROD_017,1,2800
TICKET_003213,PROD_010,1,3500
TICKET_003214,PROD_023,1,3500
TICKET_003215,PROD_013,1,3500
TICKET_003215,PROD_029,1,3000
TICKET_003216,PROD_006,1,2500
TICKET_003217,PROD_021,1,3500
TICKET_003217,PROD_009,1,5000
TICKET_003218,PROD_021,1,3500
TICKET_003218,PROD_009,1,5000
TICKET_003218,PROD_020,1,3200
TICKET_003219,PROD_006,1,2500
TICKET_003219,PROD_028,1,2000
TICKET_003220,PROD_019,1,3200
TICKET_003221,PROD_003,1,4500
TICKET_003222,PROD_033,1,1500
TICKET_003223,PROD_010,1,3500
TICKET_003223,PROD_013,1,3500
TICKET_003223,PROD_028,1,2000
TICKET_003224,PROD_012,1,3000
TICKET_003224,PROD_024,1,3000
TICKET_003225,PROD_002,1,3500
TICKET_003225,PROD_017,1,2800
TICKET_003225,PROD_011,1,2500
TICKET_003226,PROD_032,1,2500
TICKET_003227,PROD_035,1,7500
TICKET_003228,PROD_002,1,3500
TICKET_003228,PROD_019,1,3200
TICKET_003229,PROD_011,1,2500
TICKET_003230,PROD_030,1,4500
TICKET_003230,PROD_035,1,7500
TICKET_003231,PROD_006,1,2500
TICKET_003232,PROD_031,1,4500
TICKET_003232,PROD_003,1,4500
TICKET_003232,PROD_004,1,4800
TICKET_003233,PROD_031,1,4500
TICKET_003234,PROD_019,1,3200
TICKET_003234,PROD_013,1,3500
TICKET_003235,PROD_017,1,2800
TICKET_003236,PROD_017,1,2800
TICKET_003237,PROD_001,1,2500
TICKET_003237,PROD_015,1,2800
TICKET_003237,PROD_008,1,3200
TICKET_003237,PROD_026,1,3500
TICKET_003238,PROD_028,1,2000
TICKET_003239,PROD_011,1,2500
TICKET_003240,PROD_013,1,3500
TICKET_003241,PROD_004,1,4800
TICKET_003242,PROD_012,1,3000
TICKET_003243,PROD_021,1,3500
TICKET_003244,PROD_021,1,3500
TICKET_003244,PROD_009,1,5000
TICKET_003244,PROD_015,1,2800
TICKET_003244,PROD_034,1,6500
TICKET_003245,PROD_010,2,3500
TICKET_003245,PROD_016,1,2500
TICKET_003245,PROD_012,1,3000
TICKET_003246,PROD_006,1,2500
TICKET_003246,PROD_028,1,2000
TICKET_003247,PROD_029,1,3000
TICKET_003247,PROD_020,1,3200
TICKET_003248,PROD_031,1,4500
TICKET_003248,PROD_003,1,4500
TICKET_003249,PROD_008,1,3200
TICKET_003250,PROD_003,1,4500
TICKET_003250,PROD_023,1,3500
TICKET_003251,PROD_012,1,3000
TICKET_003251,PROD_024,1,3000
TICKET_003252,PROD_012,1,3000
TICKET_003252,PROD_024,1,3000
TICKET_003252,PROD_010,1,3500
TICKET_003253,PROD_019,1,3200
TICKET_003253,PROD_012,1,3000
TICKET_003253,PROD_014,1,3800
TICKET_003254,PROD_001,1,2500
TICKET_003255,PROD_012,1,3000
TICKET_003256,PROD_016,1,2500
TICKET_003256,PROD_023,1,3500
TICKET_003257,PROD_019,1,3200
TICKET_003258,PROD_001,1,2500
TICKET_003258,PROD_021,1,3500
TICKET_003258,PROD_028,1,2000
TICKET_003259,PROD_003,1,4500
TICKET_003260,PROD_006,1,2500
TICKET_003260,PROD_028,1,2000
TICKET_003261,PROD_025,1,3500
TICKET_003262,PROD_021,1,3500
TICKET_003262,PROD_009,1,5000
TICKET_003262,PROD_018,1,2800
TICKET_003263,PROD_019,1,3200
TICKET_003263,PROD_012,1,3000
TICKET_003264,PROD_012,1,3000
TICKET_003264,PROD_024,1,3000
TICKET_003265,PROD_002,1,3500
TICKET_003265,PROD_017,2,2800
TICKET_003265,PROD_025,1,3500
TICKET_003266,PROD_002,1,3500
TICKET_003267,PROD_010,1,3500
TICKET_003267,PROD_016,1,2500
TICKET_003268,PROD_008,1,3200
TICKET_003269,PROD_010,1,3500
TICKET_003269,PROD_016,1,2500
TICKET_003270,PROD_010,1,3500
TICKET_003271,PROD_006,1,2500
TICKET_003272,PROD_031,1,4500
TICKET_003272,PROD_003,1,4500
TICKET_003272,PROD_012,1,3000
TICKET_003272,PROD_019,1,3200
TICKET_003273,PROD_001,2,2500
TICKET_003274,PROD_010,1,3500
TICKET_003274,PROD_016,1,2500
TICKET_003275,PROD_001,1,2500
TICKET_003276,PROD_031,1,4500
TICKET_003276,PROD_003,1,4500
TICKET_003276,PROD_008,1,3200
TICKET_003277,PROD_019,1,3200
TICKET_003277,PROD_012,1,3000
TICKET_003277,PROD_026,1,3500
TICKET_003277,PROD_008,1,3200
TICKET_003278,PROD_015,1,2800
TICKET_003279,PROD_029,1,3000
TICKET_003280,PROD_003,1,4500
TICKET_003280,PROD_014,1,3800
TICKET_003281,PROD_012,1,3000
TICKET_003281,PROD_024,1,3000
TICKET_003282,PROD_019,1,3200
TICKET_003283,PROD_031,1,4500
TICKET_003283,PROD_003,1,4500
TICKET_003283,PROD_021,1,3500
TICKET_003284,PROD_026,1,3500
TICKET_003285,PROD_010,1,3500
TICKET_003285,PROD_016,1,2500
TICKET_003286,PROD_035,1,7500
TICKET_003287,PROD_006,1,2500
TICKET_003287,PROD_028,1,2000
TICKET_003288,PROD_011,1,2500
TICKET_003289,PROD_003,1,4500
TICKET_003290,PROD_015,1,2800
TICKET_003291,PROD_035,1,7500
TICKET_003292,PROD_006,1,2500
TICKET_003293,PROD_010,1,3500
TICKET_003293,PROD_033,1,1500
TICKET_003294,PROD_004,1,4800
TICKET_003294,PROD_002,1,3500
TICKET_003295,PROD_001,1,2500
TICKET_003295,PROD_015,1,2800
TICKET_003295,PROD_032,1,2500
TICKET_003295,PROD_004,1,4800
TICKET_003296,PROD_001,1,2500
TICKET_003296,PROD_015,1,2800
TICKET_003297,PROD_003,1,4500
TICKET_003297,PROD_023,1,3500
TICKET_003297,PROD_026,1,3500
TICKET_003298,PROD_001,2,2500
TICKET_003298,PROD_026,1,3500
TICKET_003299,PROD_012,1,3000
TICKET_003299,PROD_002,1,3500
TICKET_003300,PROD_001,1,2500
TICKET_003300,PROD_015,1,2800
TICKET_003300,PROD_014,1,3800
TICKET_003300,PROD_012,1,3000
TICKET_003301,PROD_021,1,3500
TICKET_003301,PROD_015,1,2800
TICKET_003302,PROD_031,1,4500
TICKET_003302,PROD_020,1,3200
TICKET_003303,PROD_019,1,3200
TICKET_003303,PROD_012,1,3000
TICKET_003304,PROD_002,1,3500
TICKET_003304,PROD_017,1,2800
TICKET_003305,PROD_010,1,3500
TICKET_003305,PROD_016,1,2500
TICKET_003305,PROD_027,1,2500
TICKET_003305,PROD_032,1,2500
TICKET_003306,PROD_034,1,6500
TICKET_003307,PROD_002,1,3500
TICKET_003307,PROD_017,1,2800
TICKET_003307,PROD_011,1,2500
TICKET_003308,PROD_021,1,3500
TICKET_003308,PROD_009,1,5000
TICKET_003309,PROD_006,1,2500
TICKET_003309,PROD_028,1,2000
TICKET_003309,PROD_013,1,3500
TICKET_003310,PROD_031,1,4500
TICKET_003311,PROD_003,1,4500
TICKET_003312,PROD_035,1,7500
TICKET_003313,PROD_009,1,5000
TICKET_003314,PROD_031,1,4500
TICKET_003314,PROD_024,1,3000
TICKET_003315,PROD_001,1,2500
TICKET_003316,PROD_021,1,3500
TICKET_003317,PROD_002,1,3500
TICKET_003317,PROD_033,1,1500
TICKET_003318,PROD_019,1,3200
TICKET_003318,PROD_012,1,3000
TICKET_003319,PROD_007,1,4500
TICKET_003320,PROD_001,2,2500
TICKET_003320,PROD_029,1,3000
TICKET_003321,PROD_002,1,3500
TICKET_003321,PROD_017,1,2800
TICKET_003322,PROD_010,1,3500
TICKET_003323,PROD_019,1,3200
TICKET_003323,PROD_012,1,3000
TICKET_003324,PROD_003,1,4500
TICKET_003325,PROD_003,1,4500
TICKET_003325,PROD_021,1,3500
TICKET_003326,PROD_019,1,3200
TICKET_003327,PROD_021,1,3500
TICKET_003328,PROD_006,1,2500
TICKET_003329,PROD_021,1,3500
TICKET_003329,PROD_018,1,2800
TICKET_003330,PROD_021,1,3500
TICKET_003330,PROD_031,1,4500
TICKET_003331,PROD_024,1,3000
TICKET_003332,PROD_008,1,3200
TICKET_003333,PROD_003,1,4500
TICKET_003334,PROD_031,1,4500
TICKET_003335,PROD_035,1,7500
TICKET_003336,PROD_021,1,3500
TICKET_003337,PROD_022,1,3500
TICKET_003338,PROD_002,1,3500
TICKET_003338,PROD_017,1,2800
TICKET_003338,PROD_025,1,3500
TICKET_003339,PROD_002,1,3500
TICKET_003339,PROD_017,1,2800
TICKET_003340,PROD_006,1,2500
TICKET_003340,PROD_009,1,5000
TICKET_003341,PROD_012,1,3000
TICKET_003341,PROD_024,1,3000
TICKET_003341,PROD_021,1,3500
TICKET_003342,PROD_012,1,3000
TICKET_003343,PROD_001,1,2500
TICKET_003343,PROD_015,1,2800
TICKET_003344,PROD_031,1,4500
TICKET_003345,PROD_031,1,4500
TICKET_003345,PROD_003,1,4500
TICKET_003346,PROD_012,1,3000
TICKET_003346,PROD_024,1,3000
TICKET_003347,PROD_003,1,4500
TICKET_003347,PROD_023,1,3500
TICKET_003347,PROD_010,1,3500
TICKET_003348,PROD_019,1,3200
TICKET_003348,PROD_032,1,2500
TICKET_003349,PROD_001,1,2500
TICKET_003349,PROD_015,1,2800
TICKET_003349,PROD_010,1,3500
TICKET_003349,PROD_012,1,3000
TICKET_003350,PROD_001,1,2500
TICKET_003350,PROD_015,1,2800
TICKET_003350,PROD_034,1,6500
TICKET_003350,PROD_019,1,3200
TICKET_003351,PROD_026,1,3500
TICKET_003351,PROD_002,1,3500
TICKET_003352,PROD_010,1,3500
TICKET_003353,PROD_029,1,3000
TICKET_003354,PROD_015,1,2800
TICKET_003355,PROD_031,2,4500
TICKET_003355,PROD_003,1,4500
TICKET_003356,PROD_001,1,2500
TICKET_003357,PROD_025,1,3500
TICKET_003358,PROD_006,1,2500
TICKET_003358,PROD_021,1,3500
TICKET_003359,PROD_006,1,2500
TICKET_003360,PROD_035,1,7500
TICKET_003360,PROD_034,1,6500
TICKET_003361,PROD_010,1,3500
TICKET_003361,PROD_016,1,2500
TICKET_003362,PROD_031,1,4500
TICKET_003362,PROD_034,1,6500
TICKET_003362,PROD_035,1,7500
TICKET_003363,PROD_029,1,3000
TICKET_003364,PROD_031,1,4500
TICKET_003364,PROD_003,1,4500
TICKET_003364,PROD_029,1,3000
TICKET_003364,PROD_026,1,3500
TICKET_003365,PROD_003,1,4500
TICKET_003365,PROD_023,1,3500
TICKET_003366,PROD_001,1,2500
TICKET_003366,PROD_033,1,1500
TICKET_003367,PROD_002,1,3500
TICKET_003367,PROD_003,1,4500
TICKET_003367,PROD_012,1,3000
TICKET_003368,PROD_009,1,5000
TICKET_003369,PROD_002,1,3500
TICKET_003369,PROD_017,1,2800
TICKET_003370,PROD_012,1,3000
TICKET_003370,PROD_024,1,3000
TICKET_003370,PROD_021,1,3500
TICKET_003371,PROD_031,1,4500
TICKET_003372,PROD_017,1,2800
TICKET_003373,PROD_021,1,3500
TICKET_003374,PROD_006,1,2500
TICKET_003374,PROD_028,1,2000
TICKET_003374,PROD_029,1,3000
TICKET_003375,PROD_031,1,4500
TICKET_003376,PROD_021,1,3500
TICKET_003376,PROD_012,1,3000
TICKET_003377,PROD_001,1,2500
TICKET_003377,PROD_015,1,2800
TICKET_003378,PROD_006,1,2500
TICKET_003379,PROD_002,1,3500
TICKET_003379,PROD_017,1,2800
TICKET_003379,PROD_016,1,2500
TICKET_003379,PROD_024,1,3000
TICKET_003380,PROD_001,1,2500
TICKET_003380,PROD_015,1,2800
TICKET_003380,PROD_012,1,3000
TICKET_003381,PROD_003,1,4500
TICKET_003381,PROD_023,1,3500
TICKET_003381,PROD_035,1,7500
TICKET_003381,PROD_013,1,3500
TICKET_003382,PROD_011,1,2500
TICKET_003383,PROD_012,1,3000
TICKET_003383,PROD_024,1,3000
TICKET_003383,PROD_034,1,6500
TICKET_003384,PROD_008,1,3200
TICKET_003384,PROD_002,1,3500
TICKET_003385,PROD_029,1,3000
TICKET_003386,PROD_012,1,3000
TICKET_003386,PROD_024,1,3000
TICKET_003387,PROD_031,1,4500
TICKET_003387,PROD_003,1,4500
TICKET_003388,PROD_019,1,3200
TICKET_003388,PROD_012,1,3000
TICKET_003389,PROD_034,1,6500
TICKET_003390,PROD_003,1,4500
TICKET_003390,PROD_023,1,3500
TICKET_003391,PROD_010,1,3500
TICKET_003391,PROD_016,1,2500
TICKET_003391,PROD_018,1,2800
TICKET_003392,PROD_026,1,3500
TICKET_003392,PROD_011,1,2500
TICKET_003393,PROD_001,1,2500
TICKET_003393,PROD_015,1,2800
TICKET_003394,PROD_003,1,4500
TICKET_003395,PROD_017,1,2800
TICKET_003396,PROD_006,1,2500
TICKET_003396,PROD_028,1,2000
TICKET_003396,PROD_025,1,3500
TICKET_003396,PROD_018,1,2800
TICKET_003397,PROD_021,1,3500
TICKET_003397,PROD_009,1,5000
TICKET_003397,PROD_020,1,3200
TICKET_003398,PROD_017,1,2800
TICKET_003398,PROD_035,1,7500
TICKET_003399,PROD_010,1,3500
TICKET_003400,PROD_009,1,5000
TICKET_003400,PROD_021,1,3500
TICKET_003401,PROD_031,1,4500
TICKET_003401,PROD_003,1,4500
TICKET_003401,PROD_012,1,3000
TICKET_003401,PROD_035,1,7500
TICKET_003402,PROD_017,1,2800
TICKET_003403,PROD_001,1,2500
TICKET_003404,PROD_003,1,4500
TICKET_003404,PROD_023,1,3500
TICKET_003405,PROD_019,1,3200
TICKET_003405,PROD_012,1,3000
TICKET_003405,PROD_028,1,2000
TICKET_003406,PROD_003,1,4500
TICKET_003406,PROD_023,1,3500
TICKET_003406,PROD_035,1,7500
TICKET_003407,PROD_012,1,3000
TICKET_003408,PROD_019,1,3200
TICKET_003408,PROD_012,1,3000
TICKET_003409,PROD_002,1,3500
TICKET_003409,PROD_017,1,2800
TICKET_003410,PROD_001,1,2500
TICKET_003411,PROD_002,1,3500
TICKET_003412,PROD_018,1,2800
TICKET_003413,PROD_031,1,4500
TICKET_003414,PROD_002,1,3500
TICKET_003415,PROD_006,1,2500
TICKET_003416,PROD_019,1,3200
TICKET_003417,PROD_010,1,3500
TICKET_003417,PROD_016,1,2500
TICKET_003418,PROD_003,1,4500
TICKET_003418,PROD_023,1,3500
TICKET_003419,PROD_010,1,3500
TICKET_003419,PROD_016,1,2500
TICKET_003419,PROD_028,1,2000
TICKET_003419,PROD_026,1,3500
TICKET_003420,PROD_012,1,3000
TICKET_003420,PROD_024,1,3000
TICKET_003421,PROD_019,1,3200
TICKET_003421,PROD_012,1,3000
TICKET_003421,PROD_020,1,3200
TICKET_003422,PROD_012,1,3000
TICKET_003423,PROD_034,1,6500
TICKET_003424,PROD_021,1,3500
TICKET_003424,PROD_009,1,5000
TICKET_003425,PROD_009,1,5000
TICKET_003426,PROD_005,1,4000
TICKET_003427,PROD_006,1,2500
TICKET_003427,PROD_028,1,2000
TICKET_003427,PROD_008,1,3200
TICKET_003427,PROD_029,1,3000
TICKET_003428,PROD_024,1,3000
TICKET_003429,PROD_012,1,3000
TICKET_003429,PROD_001,1,2500
TICKET_003430,PROD_006,1,2500
TICKET_003431,PROD_016,1,2500
TICKET_003432,PROD_004,1,4800
TICKET_003433,PROD_021,1,3500
TICKET_003433,PROD_009,1,5000
TICKET_003434,PROD_031,1,4500
TICKET_003435,PROD_006,1,2500
TICKET_003436,PROD_002,1,3500
TICKET_003437,PROD_021,1,3500
TICKET_003437,PROD_028,1,2000
TICKET_003438,PROD_006,1,2500
TICKET_003438,PROD_028,1,2000
TICKET_003439,PROD_001,2,2500
TICKET_003440,PROD_012,1,3000
TICKET_003441,PROD_019,1,3200
TICKET_003441,PROD_008,1,3200
TICKET_003442,PROD_019,1,3200
TICKET_003442,PROD_012,1,3000
TICKET_003442,PROD_008,1,3200
TICKET_003443,PROD_002,1,3500
TICKET_003444,PROD_006,1,2500
TICKET_003444,PROD_028,1,2000
TICKET_003445,PROD_016,1,2500
TICKET_003446,PROD_018,1,2800
TICKET_003446,PROD_001,1,2500
TICKET_003447,PROD_010,1,3500
TICKET_003447,PROD_016,1,2500
TICKET_003447,PROD_029,1,3000
TICKET_003447,PROD_020,1,3200
TICKET_003448,PROD_019,1,3200
TICKET_003449,PROD_031,1,4500
TICKET_003449,PROD_003,1,4500
TICKET_003449,PROD_019,1,3200
TICKET_003450,PROD_010,1,3500
TICKET_003451,PROD_019,1,3200
TICKET_003451,PROD_012,1,3000
TICKET_003452,PROD_032,1,2500
TICKET_003453,PROD_010,1,3500
TICKET_003453,PROD_016,1,2500
TICKET_003453,PROD_008,1,3200
TICKET_003453,PROD_012,1,3000
TICKET_003454,PROD_003,1,4500
TICKET_003455,PROD_010,1,3500
TICKET_003455,PROD_016,1,2500
TICKET_003455,PROD_004,1,4800
TICKET_003456,PROD_025,1,3500
TICKET_003456,PROD_026,1,3500
TICKET_003457,PROD_005,1,4000
TICKET_003458,PROD_030,1,4500
TICKET_003459,PROD_031,1,4500
TICKET_003459,PROD_003,1,4500
TICKET_003459,PROD_034,1,6500
TICKET_003459,PROD_032,1,2500
TICKET_003460,PROD_028,1,2000
TICKET_003461,PROD_018,1,2800
TICKET_003462,PROD_006,1,2500
TICKET_003463,PROD_024,1,3000
TICKET_003464,PROD_034,1,6500
TICKET_003465,PROD_009,1,5000
TICKET_003466,PROD_023,1,3500
TICKET_003467,PROD_021,1,3500
TICKET_003467,PROD_009,1,5000
TICKET_003468,PROD_016,1,2500
TICKET_003468,PROD_028,1,2000
TICKET_003469,PROD_012,1,3000
TICKET_003470,PROD_021,1,3500
TICKET_003471,PROD_010,1,3500
TICKET_003472,PROD_002,1,3500
TICKET_003472,PROD_017,1,2800
TICKET_003472,PROD_021,1,3500
TICKET_003473,PROD_003,1,4500
TICKET_003473,PROD_023,1,3500
TICKET_003473,PROD_011,1,2500
TICKET_003474,PROD_010,1,3500
TICKET_003475,PROD_007,1,4500
TICKET_003476,PROD_029,1,3000
TICKET_003476,PROD_022,1,3500
TICKET_003477,PROD_003,1,4500
TICKET_003478,PROD_006,1,2500
TICKET_003478,PROD_028,1,2000
TICKET_003479,PROD_006,1,2500
TICKET_003480,PROD_001,1,2500
TICKET_003480,PROD_015,1,2800
TICKET_003481,PROD_001,1,2500
TICKET_003481,PROD_015,1,2800
TICKET_003482,PROD_021,1,3500
TICKET_003482,PROD_009,1,5000
TICKET_003482,PROD_035,1,7500
TICKET_003483,PROD_010,1,3500
TICKET_003484,PROD_008,1,3200
TICKET_003485,PROD_001,1,2500
TICKET_003485,PROD_015,1,2800
TICKET_003486,PROD_016,1,2500
TICKET_003486,PROD_026,1,3500
TICKET_003487,PROD_010,1,3500
TICKET_003487,PROD_016,1,2500
TICKET_003487,PROD_006,1,2500
TICKET_003488,PROD_006,1,2500
TICKET_003488,PROD_028,1,2000
TICKET_003489,PROD_031,1,4500
TICKET_003490,PROD_011,1,2500
TICKET_003491,PROD_006,1,2500
TICKET_003492,PROD_001,1,2500
TICKET_003492,PROD_015,1,2800
TICKET_003492,PROD_025,1,3500
TICKET_003492,PROD_030,1,4500
TICKET_003493,PROD_021,1,3500
TICKET_003494,PROD_035,1,7500
TICKET_003495,PROD_020,1,3200
TICKET_003496,PROD_010,1,3500
TICKET_003496,PROD_007,1,4500
TICKET_003497,PROD_021,1,3500
TICKET_003497,PROD_009,1,5000
TICKET_003498,PROD_003,1,4500
TICKET_003499,PROD_023,1,3500
TICKET_003500,PROD_021,1,3500
TICKET_003500,PROD_009,1,5000
TICKET_003501,PROD_010,1,3500
TICKET_003501,PROD_016,1,2500
TICKET_003501,PROD_009,1,5000
TICKET_003502,PROD_001,1,2500
TICKET_003502,PROD_034,1,6500
TICKET_003503,PROD_012,1,3000
TICKET_003503,PROD_002,1,3500
TICKET_003504,PROD_001,2,2500
TICKET_003504,PROD_012,1,3000
TICKET_003505,PROD_012,1,3000
TICKET_003505,PROD_001,1,2500
TICKET_003506,PROD_021,1,3500
TICKET_003506,PROD_009,1,5000
TICKET_003507,PROD_018,1,2800
TICKET_003508,PROD_001,1,2500
TICKET_003509,PROD_019,1,3200
TICKET_003510,PROD_029,1,3000
TICKET_003511,PROD_002,1,3500
TICKET_003511,PROD_017,1,2800
TICKET_003511,PROD_018,1,2800
TICKET_003511,PROD_016,1,2500
TICKET_003512,PROD_013,1,3500
TICKET_003513,PROD_012,1,3000
TICKET_003514,PROD_032,1,2500
TICKET_003515,PROD_001,1,2500
TICKET_003516,PROD_021,1,3500
TICKET_003516,PROD_009,2,5000
TICKET_003516,PROD_019,1,3200
TICKET_003517,PROD_012,1,3000
TICKET_003518,PROD_031,1,4500
TICKET_003519,PROD_019,1,3200
TICKET_003519,PROD_012,1,3000
TICKET_003519,PROD_023,1,3500
TICKET_003520,PROD_012,1,3000
TICKET_003520,PROD_024,1,3000
TICKET_003520,PROD_004,1,4800
TICKET_003520,PROD_032,1,2500
TICKET_003521,PROD_003,1,4500
TICKET_003521,PROD_029,1,3000
TICKET_003522,PROD_003,1,4500
TICKET_003523,PROD_023,1,3500
TICKET_003523,PROD_018,1,2800
TICKET_003524,PROD_003,1,4500
TICKET_003524,PROD_023,1,3500
TICKET_003525,PROD_003,1,4500
TICKET_003525,PROD_023,2,3500
TICKET_003526,PROD_021,1,3500
TICKET_003526,PROD_026,1,3500
TICKET_003527,PROD_031,1,4500
TICKET_003528,PROD_031,1,4500
TICKET_003529,PROD_034,1,6500
TICKET_003530,PROD_019,1,3200
TICKET_003531,PROD_002,1,3500
TICKET_003531,PROD_017,1,2800
TICKET_003531,PROD_025,1,3500
TICKET_003532,PROD_019,1,3200
TICKET_003532,PROD_012,1,3000
TICKET_003532,PROD_018,1,2800
TICKET_003532,PROD_017,1,2800
TICKET_003533,PROD_031,1,4500
TICKET_003533,PROD_003,1,4500
TICKET_003534,PROD_003,1,4500
TICKET_003535,PROD_035,1,7500
TICKET_003535,PROD_018,1,2800
TICKET_003536,PROD_003,1,4500
TICKET_003536,PROD_023,1,3500
TICKET_003536,PROD_026,1,3500
TICKET_003536,PROD_006,1,2500
TICKET_003537,PROD_007,1,4500
TICKET_003538,PROD_009,1,5000
TICKET_003539,PROD_012,1,3000
TICKET_003539,PROD_024,1,3000
TICKET_003539,PROD_009,1,5000
TICKET_003540,PROD_010,1,3500
TICKET_003541,PROD_021,1,3500
TICKET_003541,PROD_009,1,5000
TICKET_003541,PROD_019,1,3200
TICKET_003541,PROD_013,1,3500
TICKET_003542,PROD_015,1,2800
TICKET_003543,PROD_003,1,4500
TICKET_003543,PROD_028,1,2000
TICKET_003544,PROD_019,1,3200
TICKET_003544,PROD_012,1,3000
TICKET_003545,PROD_024,1,3000
TICKET_003546,PROD_010,1,3500
TICKET_003546,PROD_016,1,2500
TICKET_003546,PROD_004,1,4800
TICKET_003546,PROD_033,1,1500
TICKET_003547,PROD_019,1,3200
TICKET_003547,PROD_007,1,4500
TICKET_003547,PROD_033,1,1500
TICKET_003548,PROD_012,2,3000
TICKET_003549,PROD_021,1,3500
TICKET_003550,PROD_001,1,2500
TICKET_003550,PROD_015,1,2800
TICKET_003550,PROD_026,1,3500
TICKET_003551,PROD_004,1,4800
TICKET_003552,PROD_006,1,2500
TICKET_003553,PROD_035,1,7500
TICKET_003554,PROD_019,1,3200
TICKET_003555,PROD_031,1,4500
TICKET_003555,PROD_003,1,4500
TICKET_003555,PROD_004,1,4800
TICKET_003555,PROD_021,1,3500
TICKET_003556,PROD_034,1,6500
TICKET_003557,PROD_012,1,3000
TICKET_003557,PROD_024,1,3000
TICKET_003558,PROD_010,1,3500
TICKET_003558,PROD_016,1,2500
TICKET_003559,PROD_017,1,2800
TICKET_003560,PROD_012,1,3000
TICKET_003560,PROD_024,1,3000
TICKET_003560,PROD_031,1,4500
TICKET_003561,PROD_001,1,2500
TICKET_003562,PROD_001,1,2500
TICKET_003562,PROD_015,1,2800
TICKET_003562,PROD_029,1,3000
TICKET_003562,PROD_004,1,4800
TICKET_003563,PROD_002,1,3500
TICKET_003563,PROD_013,1,3500
TICKET_003564,PROD_021,1,3500
TICKET_003564,PROD_009,1,5000
TICKET_003564,PROD_001,1,2500
TICKET_003565,PROD_021,1,3500
TICKET_003565,PROD_009,1,5000
TICKET_003565,PROD_022,1,3500
TICKET_003566,PROD_019,1,3200
TICKET_003566,PROD_012,1,3000
TICKET_003567,PROD_012,1,3000
TICKET_003567,PROD_024,1,3000
TICKET_003568,PROD_015,1,2800
TICKET_003569,PROD_010,1,3500
TICKET_003569,PROD_016,1,2500
TICKET_003570,PROD_010,1,3500
TICKET_003571,PROD_021,1,3500
TICKET_003571,PROD_009,1,5000
TICKET_003572,PROD_031,1,4500
TICKET_003572,PROD_003,1,4500
TICKET_003573,PROD_012,1,3000
TICKET_003574,PROD_003,1,4500
TICKET_003574,PROD_031,1,4500
TICKET_003575,PROD_032,1,2500
TICKET_003576,PROD_002,1,3500
TICKET_003576,PROD_017,1,2800
TICKET_003576,PROD_009,1,5000
TICKET_003577,PROD_002,1,3500
TICKET_003577,PROD_017,1,2800
TICKET_003578,PROD_027,1,2500
TICKET_003579,PROD_001,1,2500
TICKET_003579,PROD_015,1,2800
TICKET_003580,PROD_001,2,2500
TICKET_003580,PROD_034,1,6500
TICKET_003581,PROD_008,1,3200
TICKET_003582,PROD_006,1,2500
TICKET_003582,PROD_027,1,2500
TICKET_003583,PROD_001,2,2500
TICKET_003583,PROD_015,1,2800
TICKET_003584,PROD_033,1,1500
TICKET_003585,PROD_034,1,6500
TICKET_003585,PROD_018,1,2800
TICKET_003586,PROD_003,1,4500
TICKET_003586,PROD_023,1,3500
TICKET_003586,PROD_035,1,7500
TICKET_003587,PROD_012,1,3000
TICKET_003587,PROD_009,1,5000
TICKET_003588,PROD_001,1,2500
TICKET_003588,PROD_015,1,2800
TICKET_003589,PROD_006,2,2500
TICKET_003589,PROD_012,1,3000
TICKET_003590,PROD_019,1,3200
TICKET_003591,PROD_029,1,3000
TICKET_003591,PROD_035,1,7500
TICKET_003592,PROD_003,1,4500
TICKET_003592,PROD_015,1,2800
TICKET_003593,PROD_010,1,3500
TICKET_003593,PROD_003,1,4500
TICKET_003594,PROD_031,1,4500
TICKET_003594,PROD_004,1,4800
TICKET_003595,PROD_001,1,2500
TICKET_003595,PROD_018,1,2800
TICKET_003596,PROD_010,1,3500
TICKET_003596,PROD_016,1,2500
TICKET_003597,PROD_003,1,4500
TICKET_003597,PROD_033,1,1500
TICKET_003598,PROD_010,2,3500
TICKET_003598,PROD_016,1,2500
TICKET_003598,PROD_034,1,6500
TICKET_003599,PROD_001,1,2500
TICKET_003599,PROD_015,1,2800
TICKET_003599,PROD_028,1,2000
TICKET_003599,PROD_021,1,3500
TICKET_003600,PROD_006,1,2500
TICKET_003600,PROD_028,1,2000
TICKET_003601,PROD_001,1,2500
TICKET_003601,PROD_015,1,2800
TICKET_003601,PROD_034,1,6500
TICKET_003602,PROD_003,1,4500
TICKET_003602,PROD_023,1,3500
TICKET_003603,PROD_021,1,3500
TICKET_003603,PROD_009,1,5000
TICKET_003603,PROD_018,1,2800
TICKET_003603,PROD_019,1,3200
TICKET_003604,PROD_031,1,4500
TICKET_003605,PROD_010,1,3500
TICKET_003605,PROD_016,1,2500
TICKET_003605,PROD_021,1,3500
TICKET_003605,PROD_031,1,4500
TICKET_003606,PROD_001,1,2500
TICKET_003606,PROD_026,1,3500
TICKET_003607,PROD_031,1,4500
TICKET_003608,PROD_002,1,3500
TICKET_003608,PROD_017,1,2800
TICKET_003608,PROD_034,1,6500
TICKET_003609,PROD_012,1,3000
TICKET_003610,PROD_005,1,4000
TICKET_003611,PROD_021,1,3500
TICKET_003611,PROD_009,1,5000
TICKET_003612,PROD_031,1,4500
TICKET_003613,PROD_012,1,3000
TICKET_003613,PROD_024,1,3000
TICKET_003613,PROD_020,1,3200
TICKET_003613,PROD_031,1,4500
TICKET_003614,PROD_008,1,3200
TICKET_003615,PROD_016,1,2500
TICKET_003616,PROD_001,1,2500
TICKET_003616,PROD_015,1,2800
TICKET_003616,PROD_024,1,3000
TICKET_003616,PROD_008,1,3200
TICKET_003617,PROD_001,2,2500
TICKET_003617,PROD_013,1,3500
TICKET_003618,PROD_003,1,4500
TICKET_003618,PROD_004,1,4800
TICKET_003619,PROD_010,1,3500
TICKET_003619,PROD_016,1,2500
TICKET_003619,PROD_027,1,2500
TICKET_003619,PROD_006,1,2500
TICKET_003620,PROD_002,1,3500
TICKET_003621,PROD_001,1,2500
TICKET_003621,PROD_015,1,2800
TICKET_003621,PROD_026,1,3500
TICKET_003622,PROD_005,1,4000
TICKET_003623,PROD_002,1,3500
TICKET_003623,PROD_017,1,2800
TICKET_003624,PROD_010,1,3500
TICKET_003624,PROD_031,1,4500
TICKET_003625,PROD_006,1,2500
TICKET_003625,PROD_015,1,2800
TICKET_003626,PROD_008,1,3200
TICKET_003627,PROD_019,1,3200
TICKET_003627,PROD_012,1,3000
TICKET_003628,PROD_028,1,2000
TICKET_003629,PROD_031,1,4500
TICKET_003629,PROD_023,1,3500
TICKET_003630,PROD_001,1,2500
TICKET_003630,PROD_015,1,2800
TICKET_003631,PROD_013,1,3500
TICKET_003632,PROD_007,1,4500
TICKET_003633,PROD_006,1,2500
TICKET_003634,PROD_027,1,2500
TICKET_003635,PROD_021,1,3500
TICKET_003636,PROD_001,1,2500
TICKET_003636,PROD_015,1,2800
TICKET_003636,PROD_017,1,2800
TICKET_003637,PROD_006,1,2500
TICKET_003637,PROD_028,1,2000
TICKET_003637,PROD_002,1,3500
TICKET_003638,PROD_003,1,4500
TICKET_003638,PROD_023,1,3500
TICKET_003638,PROD_013,1,3500
TICKET_003639,PROD_001,1,2500
TICKET_003640,PROD_031,1,4500
TICKET_003641,PROD_019,1,3200
TICKET_003641,PROD_012,1,3000
TICKET_003641,PROD_034,1,6500
TICKET_003642,PROD_001,1,2500
TICKET_003643,PROD_032,1,2500
TICKET_003644,PROD_001,1,2500
TICKET_003644,PROD_015,1,2800
TICKET_003645,PROD_029,1,3000
TICKET_003646,PROD_012,1,3000
TICKET_003647,PROD_003,1,4500
TICKET_003648,PROD_019,1,3200
TICKET_003648,PROD_012,1,3000
TICKET_003649,PROD_021,1,3500
TICKET_003649,PROD_009,1,5000
TICKET_003649,PROD_017,1,2800
TICKET_003649,PROD_008,1,3200
TICKET_003650,PROD_005,1,4000
TICKET_003651,PROD_023,1,3500
TICKET_003652,PROD_034,1,6500
TICKET_003652,PROD_010,1,3500
TICKET_003653,PROD_010,1,3500
TICKET_003653,PROD_016,1,2500
TICKET_003653,PROD_034,1,6500
TICKET_003654,PROD_001,1,2500
TICKET_003654,PROD_028,1,2000
TICKET_003655,PROD_025,1,3500
TICKET_003656,PROD_019,1,3200
TICKET_003656,PROD_012,1,3000
TICKET_003657,PROD_021,1,3500
TICKET_003657,PROD_009,1,5000
TICKET_003657,PROD_032,1,2500
TICKET_003658,PROD_001,1,2500
TICKET_003659,PROD_003,1,4500
TICKET_003659,PROD_023,1,3500
TICKET_003659,PROD_004,1,4800
TICKET_003660,PROD_026,1,3500
TICKET_003661,PROD_012,1,3000
TICKET_003661,PROD_024,1,3000
TICKET_003661,PROD_019,1,3200
TICKET_003662,PROD_003,1,4500
TICKET_003662,PROD_033,1,1500
TICKET_003663,PROD_012,2,3000
TICKET_003663,PROD_024,1,3000
TICKET_003663,PROD_034,1,6500
TICKET_003664,PROD_020,1,3200
TICKET_003665,PROD_006,1,2500
TICKET_003665,PROD_028,1,2000
TICKET_003665,PROD_009,1,5000
TICKET_003665,PROD_022,1,3500
TICKET_003666,PROD_010,1,3500
TICKET_003667,PROD_019,1,3200
TICKET_003667,PROD_012,1,3000
TICKET_003668,PROD_031,1,4500
TICKET_003668,PROD_026,1,3500
TICKET_003669,PROD_003,1,4500
TICKET_003669,PROD_009,1,5000
TICKET_003670,PROD_003,1,4500
TICKET_003671,PROD_004,1,4800
TICKET_003672,PROD_032,1,2500
TICKET_003673,PROD_006,1,2500
TICKET_003673,PROD_028,1,2000
TICKET_003674,PROD_006,1,2500
TICKET_003674,PROD_028,1,2000
TICKET_003675,PROD_002,1,3500
TICKET_003675,PROD_017,1,2800
TICKET_003675,PROD_031,1,4500
TICKET_003675,PROD_013,1,3500
TICKET_003676,PROD_001,1,2500
TICKET_003676,PROD_015,1,2800
TICKET_003677,PROD_021,1,3500
TICKET_003677,PROD_008,1,3200
TICKET_003678,PROD_012,1,3000
TICKET_003678,PROD_024,1,3000
TICKET_003679,PROD_017,1,2800
TICKET_003680,PROD_006,1,2500
TICKET_003680,PROD_028,1,2000
TICKET_003681,PROD_017,1,2800
TICKET_003682,PROD_001,1,2500
TICKET_003682,PROD_022,1,3500
TICKET_003682,PROD_024,1,3000
TICKET_003683,PROD_019,1,3200
TICKET_003684,PROD_019,1,3200
TICKET_003684,PROD_005,1,4000
TICKET_003685,PROD_003,1,4500
TICKET_003686,PROD_010,1,3500
TICKET_003686,PROD_016,1,2500
TICKET_003687,PROD_011,1,2500
TICKET_003688,PROD_005,1,4000
TICKET_003689,PROD_010,1,3500
TICKET_003689,PROD_016,1,2500
TICKET_003689,PROD_026,1,3500
TICKET_003690,PROD_002,1,3500
TICKET_003690,PROD_017,1,2800
TICKET_003691,PROD_021,1,3500
TICKET_003691,PROD_009,1,5000
TICKET_003692,PROD_001,1,2500
TICKET_003693,PROD_022,1,3500
TICKET_003694,PROD_002,2,3500
TICKET_003694,PROD_017,1,2800
TICKET_003694,PROD_024,1,3000
TICKET_003695,PROD_001,1,2500
TICKET_003695,PROD_002,1,3500
TICKET_003695,PROD_029,1,3000
TICKET_003696,PROD_012,1,3000
TICKET_003697,PROD_006,1,2500
TICKET_003697,PROD_004,1,4800
TICKET_003697,PROD_033,1,1500
TICKET_003698,PROD_031,1,4500
TICKET_003699,PROD_014,1,3800
TICKET_003700,PROD_006,1,2500
TICKET_003701,PROD_003,1,4500
TICKET_003702,PROD_006,1,2500
TICKET_003702,PROD_028,1,2000
TICKET_003702,PROD_003,1,4500
TICKET_003702,PROD_018,1,2800
TICKET_003703,PROD_003,1,4500
TICKET_003703,PROD_023,1,3500
TICKET_003703,PROD_031,1,4500
TICKET_003703,PROD_015,1,2800
TICKET_003704,PROD_031,2,4500
TICKET_003704,PROD_003,1,4500
TICKET_003704,PROD_015,1,2800
TICKET_003705,PROD_002,1,3500
TICKET_003706,PROD_002,1,3500
TICKET_003706,PROD_017,1,2800
TICKET_003707,PROD_028,1,2000
TICKET_003708,PROD_007,1,4500
TICKET_003708,PROD_009,1,5000
TICKET_003709,PROD_006,1,2500
TICKET_003709,PROD_013,1,3500
TICKET_003709,PROD_009,1,5000
TICKET_003710,PROD_002,1,3500
TICKET_003711,PROD_035,1,7500
TICKET_003712,PROD_019,1,3200
TICKET_003712,PROD_012,1,3000
TICKET_003712,PROD_020,1,3200
TICKET_003713,PROD_003,1,4500
TICKET_003713,PROD_023,1,3500
TICKET_003714,PROD_012,1,3000
TICKET_003715,PROD_019,1,3200
TICKET_003715,PROD_012,1,3000
TICKET_003715,PROD_002,1,3500
TICKET_003715,PROD_029,1,3000
TICKET_003716,PROD_006,1,2500
TICKET_003716,PROD_013,1,3500
TICKET_003717,PROD_024,1,3000
TICKET_003718,PROD_008,1,3200
TICKET_003719,PROD_012,1,3000
TICKET_003720,PROD_010,1,3500
TICKET_003720,PROD_016,1,2500
TICKET_003720,PROD_025,1,3500
TICKET_003720,PROD_007,1,4500
TICKET_003721,PROD_025,1,3500
TICKET_003722,PROD_027,1,2500
TICKET_003723,PROD_029,1,3000
TICKET_003724,PROD_008,1,3200
TICKET_003725,PROD_006,1,2500
TICKET_003725,PROD_034,1,6500
TICKET_003726,PROD_002,1,3500
TICKET_003726,PROD_017,1,2800
TICKET_003727,PROD_031,1,4500
TICKET_003727,PROD_003,1,4500
TICKET_003728,PROD_028,1,2000
TICKET_003729,PROD_031,1,4500
TICKET_003730,PROD_006,1,2500
TICKET_003731,PROD_031,1,4500
TICKET_003731,PROD_003,1,4500
TICKET_003732,PROD_006,1,2500
TICKET_003732,PROD_026,1,3500
TICKET_003733,PROD_033,1,1500
TICKET_003734,PROD_020,1,3200
TICKET_003735,PROD_012,1,3000
TICKET_003736,PROD_026,1,3500
TICKET_003737,PROD_006,1,2500
TICKET_003738,PROD_001,1,2500
TICKET_003738,PROD_015,1,2800
TICKET_003739,PROD_003,1,4500
TICKET_003739,PROD_023,1,3500
TICKET_003740,PROD_020,1,3200
TICKET_003740,PROD_023,1,3500
TICKET_003741,PROD_006,1,2500
TICKET_003741,PROD_028,1,2000
TICKET_003742,PROD_010,1,3500
TICKET_003742,PROD_016,1,2500
TICKET_003742,PROD_025,1,3500
TICKET_003743,PROD_006,1,2500
TICKET_003744,PROD_010,1,3500
TICKET_003744,PROD_003,1,4500
TICKET_003745,PROD_001,1,2500
TICKET_003745,PROD_015,1,2800
TICKET_003746,PROD_027,1,2500
TICKET_003747,PROD_010,1,3500
TICKET_003747,PROD_016,1,2500
TICKET_003747,PROD_008,1,3200
TICKET_003748,PROD_003,1,4500
TICKET_003748,PROD_021,1,3500
TICKET_003749,PROD_021,1,3500
TICKET_003750,PROD_035,1,7500
TICKET_003751,PROD_010,1,3500
TICKET_003751,PROD_018,1,2800
TICKET_003752,PROD_001,1,2500
TICKET_003752,PROD_015,2,2800
TICKET_003752,PROD_025,1,3500
TICKET_003753,PROD_018,1,2800
TICKET_003753,PROD_002,1,3500
TICKET_003754,PROD_001,1,2500
TICKET_003754,PROD_025,1,3500
TICKET_003755,PROD_012,1,3000
TICKET_003756,PROD_016,1,2500
TICKET_003757,PROD_023,1,3500
TICKET_003757,PROD_031,1,4500
TICKET_003758,PROD_012,1,3000
TICKET_003758,PROD_024,1,3000
TICKET_003758,PROD_003,1,4500
TICKET_003758,PROD_028,1,2000
TICKET_003759,PROD_031,1,4500
TICKET_003759,PROD_003,2,4500
TICKET_003760,PROD_010,1,3500
TICKET_003761,PROD_028,1,2000
TICKET_003762,PROD_034,2,6500
TICKET_003763,PROD_002,1,3500
TICKET_003763,PROD_017,1,2800
TICKET_003764,PROD_003,1,4500
TICKET_003765,PROD_002,1,3500
TICKET_003765,PROD_017,1,2800
TICKET_003765,PROD_005,1,4000
TICKET_003765,PROD_035,1,7500
TICKET_003766,PROD_029,1,3000
TICKET_003767,PROD_002,1,3500
TICKET_003767,PROD_017,1,2800
TICKET_003767,PROD_022,1,3500
TICKET_003767,PROD_026,1,3500
TICKET_003768,PROD_006,1,2500
TICKET_003768,PROD_028,1,2000
TICKET_003768,PROD_015,1,2800
TICKET_003768,PROD_019,1,3200
TICKET_003769,PROD_025,1,3500
TICKET_003770,PROD_012,1,3000
TICKET_003771,PROD_001,1,2500
TICKET_003772,PROD_010,1,3500
TICKET_003773,PROD_010,1,3500
TICKET_003773,PROD_016,1,2500
TICKET_003774,PROD_019,1,3200
TICKET_003774,PROD_013,1,3500
TICKET_003774,PROD_031,1,4500
TICKET_003775,PROD_001,1,2500
TICKET_003775,PROD_015,1,2800
TICKET_003776,PROD_028,1,2000
TICKET_003777,PROD_019,1,3200
TICKET_003777,PROD_004,1,4800
TICKET_003778,PROD_002,1,3500
TICKET_003778,PROD_017,1,2800
TICKET_003779,PROD_019,1,3200
TICKET_003779,PROD_012,1,3000
TICKET_003780,PROD_035,1,7500
TICKET_003781,PROD_006,1,2500
TICKET_003781,PROD_034,1,6500
TICKET_003781,PROD_022,1,3500
TICKET_003782,PROD_019,1,3200
TICKET_003782,PROD_012,1,3000
TICKET_003783,PROD_006,1,2500
TICKET_003783,PROD_024,1,3000
TICKET_003784,PROD_024,1,3000
TICKET_003784,PROD_034,1,6500
TICKET_003785,PROD_021,1,3500
TICKET_003785,PROD_009,1,5000
TICKET_003785,PROD_008,1,3200
TICKET_003785,PROD_001,1,2500
TICKET_003786,PROD_001,2,2500
TICKET_003787,PROD_010,1,3500
TICKET_003787,PROD_016,1,2500
TICKET_003787,PROD_013,1,3500
TICKET_003787,PROD_012,1,3000
TICKET_003788,PROD_021,1,3500
TICKET_003789,PROD_001,1,2500
TICKET_003789,PROD_015,1,2800
TICKET_003790,PROD_003,1,4500
TICKET_003790,PROD_023,1,3500
TICKET_003791,PROD_006,1,2500
TICKET_003791,PROD_028,1,2000
TICKET_003791,PROD_021,1,3500
TICKET_003791,PROD_023,1,3500
TICKET_003792,PROD_012,1,3000
TICKET_003792,PROD_032,1,2500
TICKET_003793,PROD_001,1,2500
TICKET_003794,PROD_021,1,3500
TICKET_003794,PROD_009,1,5000
TICKET_003794,PROD_022,1,3500
TICKET_003794,PROD_001,1,2500
TICKET_003795,PROD_003,1,4500
TICKET_003795,PROD_023,1,3500
TICKET_003796,PROD_021,1,3500
TICKET_003797,PROD_002,1,3500
TICKET_003798,PROD_018,1,2800
TICKET_003798,PROD_024,1,3000
TICKET_003799,PROD_012,1,3000
TICKET_003799,PROD_024,1,3000
TICKET_003799,PROD_029,1,3000
TICKET_003800,PROD_019,1,3200
TICKET_003800,PROD_014,1,3800
TICKET_003801,PROD_028,1,2000
TICKET_003802,PROD_002,1,3500
TICKET_003802,PROD_017,1,2800
TICKET_003803,PROD_019,1,3200
TICKET_003803,PROD_010,1,3500
TICKET_003803,PROD_014,1,3800
TICKET_003804,PROD_002,1,3500
TICKET_003805,PROD_031,1,4500
TICKET_003805,PROD_003,1,4500
TICKET_003805,PROD_018,1,2800
TICKET_003806,PROD_003,1,4500
TICKET_003806,PROD_023,1,3500
TICKET_003807,PROD_002,1,3500
TICKET_003807,PROD_017,1,2800
TICKET_003808,PROD_031,1,4500
TICKET_003808,PROD_003,1,4500
TICKET_003809,PROD_012,1,3000
TICKET_003810,PROD_019,1,3200
TICKET_003811,PROD_006,1,2500
TICKET_003811,PROD_028,1,2000
TICKET_003811,PROD_025,1,3500
TICKET_003812,PROD_035,1,7500
TICKET_003813,PROD_003,1,4500
TICKET_003813,PROD_023,1,3500
TICKET_003813,PROD_033,1,1500
TICKET_003814,PROD_021,1,3500
TICKET_003814,PROD_011,1,2500
TICKET_003815,PROD_006,1,2500
TICKET_003815,PROD_028,1,2000
TICKET_003815,PROD_015,1,2800
TICKET_003816,PROD_003,1,4500
TICKET_003817,PROD_018,1,2800
TICKET_003818,PROD_021,1,3500
TICKET_003818,PROD_009,1,5000
TICKET_003818,PROD_007,1,4500
TICKET_003819,PROD_029,1,3000
TICKET_003820,PROD_010,1,3500
TICKET_003820,PROD_016,1,2500
TICKET_003821,PROD_034,1,6500
TICKET_003822,PROD_001,1,2500
TICKET_003822,PROD_015,1,2800
TICKET_003823,PROD_001,1,2500
TICKET_003824,PROD_001,1,2500
TICKET_003824,PROD_015,1,2800
TICKET_003824,PROD_013,1,3500
TICKET_003825,PROD_014,1,3800
TICKET_003826,PROD_025,1,3500
TICKET_003827,PROD_025,1,3500
TICKET_003828,PROD_002,1,3500
TICKET_003828,PROD_017,1,2800
TICKET_003829,PROD_006,1,2500
TICKET_003829,PROD_031,1,4500
TICKET_003829,PROD_023,1,3500
TICKET_003830,PROD_010,1,3500
TICKET_003830,PROD_016,1,2500
TICKET_003831,PROD_003,1,4500
TICKET_003832,PROD_012,1,3000
TICKET_003832,PROD_029,1,3000
TICKET_003833,PROD_001,1,2500
TICKET_003834,PROD_031,1,4500
TICKET_003834,PROD_004,1,4800
TICKET_003835,PROD_006,1,2500
TICKET_003836,PROD_012,1,3000
TICKET_003836,PROD_023,1,3500
TICKET_003837,PROD_001,1,2500
TICKET_003838,PROD_035,1,7500
TICKET_003838,PROD_020,1,3200
TICKET_003839,PROD_003,1,4500
TICKET_003839,PROD_023,1,3500
TICKET_003839,PROD_012,1,3000
TICKET_003840,PROD_006,1,2500
TICKET_003841,PROD_001,1,2500
TICKET_003842,PROD_002,1,3500
TICKET_003843,PROD_022,1,3500
TICKET_003844,PROD_002,1,3500
TICKET_003844,PROD_017,1,2800
TICKET_003845,PROD_019,1,3200
TICKET_003845,PROD_020,1,3200
TICKET_003846,PROD_010,1,3500
TICKET_003846,PROD_016,1,2500
TICKET_003846,PROD_026,1,3500
TICKET_003847,PROD_008,1,3200
TICKET_003848,PROD_002,1,3500
TICKET_003849,PROD_013,1,3500
TICKET_003850,PROD_030,1,4500
TICKET_003851,PROD_006,1,2500
TICKET_003852,PROD_029,1,3000
TICKET_003853,PROD_002,1,3500
TICKET_003853,PROD_017,1,2800
TICKET_003853,PROD_026,1,3500
TICKET_003854,PROD_013,1,3500
TICKET_003855,PROD_006,1,2500
TICKET_003856,PROD_021,1,3500
TICKET_003857,PROD_010,1,3500
TICKET_003857,PROD_016,1,2500
TICKET_003857,PROD_025,1,3500
TICKET_003858,PROD_031,1,4500
TICKET_003858,PROD_003,1,4500
TICKET_003859,PROD_010,1,3500
TICKET_003859,PROD_016,1,2500
TICKET_003860,PROD_031,1,4500
TICKET_003861,PROD_027,1,2500
TICKET_003862,PROD_001,1,2500
TICKET_003862,PROD_015,1,2800
TICKET_003863,PROD_001,2,2500
TICKET_003863,PROD_013,1,3500
TICKET_003864,PROD_019,1,3200
TICKET_003864,PROD_012,1,3000
TICKET_003864,PROD_009,1,5000
TICKET_003865,PROD_007,1,4500
TICKET_003866,PROD_010,1,3500
TICKET_003866,PROD_016,1,2500
TICKET_003867,PROD_001,1,2500
TICKET_003867,PROD_015,1,2800
TICKET_003867,PROD_009,1,5000
TICKET_003868,PROD_021,1,3500
TICKET_003869,PROD_010,1,3500
TICKET_003869,PROD_003,1,4500
TICKET_003869,PROD_020,1,3200
TICKET_003870,PROD_003,1,4500
TICKET_003870,PROD_023,1,3500
TICKET_003870,PROD_015,1,2800
TICKET_003870,PROD_025,1,3500
TICKET_003871,PROD_010,1,3500
TICKET_003871,PROD_016,1,2500
TICKET_003872,PROD_012,1,3000
TICKET_003872,PROD_024,1,3000
TICKET_003872,PROD_013,1,3500
TICKET_003873,PROD_001,1,2500
TICKET_003873,PROD_026,1,3500
TICKET_003874,PROD_010,1,3500
TICKET_003875,PROD_019,1,3200
TICKET_003875,PROD_012,1,3000
TICKET_003876,PROD_002,1,3500
TICKET_003876,PROD_017,1,2800
TICKET_003877,PROD_001,2,2500
TICKET_003877,PROD_004,1,4800
TICKET_003878,PROD_019,1,3200
TICKET_003878,PROD_012,1,3000
TICKET_003879,PROD_034,1,6500
TICKET_003880,PROD_012,1,3000
TICKET_003881,PROD_004,1,4800
TICKET_003882,PROD_008,1,3200
TICKET_003882,PROD_007,1,4500
TICKET_003883,PROD_033,1,1500
TICKET_003884,PROD_025,1,3500
TICKET_003885,PROD_012,1,3000
TICKET_003885,PROD_024,1,3000
TICKET_003886,PROD_010,1,3500
TICKET_003886,PROD_003,1,4500
TICKET_003887,PROD_032,1,2500
TICKET_003888,PROD_010,1,3500
TICKET_003888,PROD_016,1,2500
TICKET_003888,PROD_023,1,3500
TICKET_003889,PROD_001,1,2500
TICKET_003889,PROD_005,1,4000
TICKET_003890,PROD_021,1,3500
TICKET_003891,PROD_010,1,3500
TICKET_003891,PROD_016,1,2500
TICKET_003892,PROD_027,1,2500
TICKET_003893,PROD_019,1,3200
TICKET_003894,PROD_002,1,3500
TICKET_003894,PROD_017,1,2800
TICKET_003894,PROD_018,1,2800
TICKET_003894,PROD_030,1,4500
TICKET_003895,PROD_002,1,3500
TICKET_003896,PROD_006,1,2500
TICKET_003896,PROD_028,1,2000
TICKET_003897,PROD_021,1,3500
TICKET_003897,PROD_009,1,5000
TICKET_003898,PROD_021,1,3500
TICKET_003898,PROD_009,1,5000
TICKET_003898,PROD_034,1,6500
TICKET_003899,PROD_029,1,3000
TICKET_003900,PROD_015,1,2800
TICKET_003901,PROD_003,1,4500
TICKET_003901,PROD_023,1,3500
TICKET_003902,PROD_026,1,3500
TICKET_003903,PROD_019,1,3200
TICKET_003903,PROD_012,1,3000
TICKET_003903,PROD_005,1,4000
TICKET_003904,PROD_013,1,3500
TICKET_003905,PROD_025,1,3500
TICKET_003906,PROD_013,1,3500
TICKET_003907,PROD_006,1,2500
TICKET_003907,PROD_019,1,3200
TICKET_003908,PROD_010,1,3500
TICKET_003908,PROD_016,1,2500
TICKET_003909,PROD_004,1,4800
TICKET_003910,PROD_021,1,3500
TICKET_003910,PROD_009,1,5000
TICKET_003911,PROD_032,1,2500
TICKET_003912,PROD_012,1,3000
TICKET_003912,PROD_015,1,2800
TICKET_003913,PROD_031,1,4500
TICKET_003914,PROD_035,1,7500
TICKET_003914,PROD_029,1,3000
TICKET_003915,PROD_024,1,3000
TICKET_003915,PROD_026,1,3500
TICKET_003916,PROD_002,1,3500
TICKET_003917,PROD_019,1,3200
TICKET_003917,PROD_012,1,3000
TICKET_003917,PROD_030,1,4500
TICKET_003918,PROD_013,1,3500
TICKET_003919,PROD_001,1,2500
TICKET_003919,PROD_035,1,7500
TICKET_003920,PROD_012,1,3000
TICKET_003920,PROD_024,1,3000
TICKET_003920,PROD_008,1,3200
TICKET_003921,PROD_006,1,2500
TICKET_003921,PROD_028,1,2000
TICKET_003922,PROD_021,1,3500
TICKET_003923,PROD_001,1,2500
TICKET_003923,PROD_015,1,2800
TICKET_003924,PROD_006,1,2500
TICKET_003924,PROD_028,1,2000
TICKET_003925,PROD_010,1,3500
TICKET_003926,PROD_002,1,3500
TICKET_003926,PROD_017,1,2800
TICKET_003927,PROD_012,1,3000
TICKET_003927,PROD_024,1,3000
TICKET_003927,PROD_003,1,4500
TICKET_003928,PROD_016,1,2500
TICKET_003929,PROD_019,1,3200
TICKET_003929,PROD_012,1,3000
TICKET_003930,PROD_012,1,3000
TICKET_003930,PROD_024,1,3000
TICKET_003931,PROD_010,1,3500
TICKET_003931,PROD_034,1,6500
TICKET_003931,PROD_031,1,4500
TICKET_003932,PROD_001,2,2500
TICKET_003933,PROD_001,1,2500
TICKET_003933,PROD_018,1,2800
TICKET_003934,PROD_001,1,2500
TICKET_003935,PROD_010,1,3500
TICKET_003935,PROD_016,1,2500
TICKET_003935,PROD_012,1,3000
TICKET_003936,PROD_027,1,2500
TICKET_003937,PROD_006,1,2500
TICKET_003937,PROD_028,1,2000
TICKET_003937,PROD_004,1,4800
TICKET_003938,PROD_010,1,3500
TICKET_003938,PROD_013,1,3500
TICKET_003939,PROD_016,1,2500
TICKET_003940,PROD_006,1,2500
TICKET_003940,PROD_004,1,4800
TICKET_003940,PROD_024,1,3000
TICKET_003941,PROD_020,1,3200
TICKET_003942,PROD_010,1,3500
TICKET_003942,PROD_016,1,2500
TICKET_003943,PROD_012,1,3000
TICKET_003944,PROD_013,1,3500
TICKET_003945,PROD_012,1,3000
TICKET_003945,PROD_024,1,3000
TICKET_003946,PROD_010,1,3500
TICKET_003947,PROD_003,1,4500
TICKET_003947,PROD_023,1,3500
TICKET_003948,PROD_001,1,2500
TICKET_003949,PROD_012,2,3000
TICKET_003949,PROD_024,1,3000
TICKET_003950,PROD_002,1,3500
TICKET_003951,PROD_003,1,4500
TICKET_003951,PROD_023,1,3500
TICKET_003951,PROD_002,1,3500
TICKET_003952,PROD_020,1,3200
TICKET_003953,PROD_001,1,2500
TICKET_003953,PROD_002,1,3500
TICKET_003954,PROD_029,1,3000
TICKET_003955,PROD_001,1,2500
TICKET_003955,PROD_012,1,3000
TICKET_003955,PROD_028,1,2000
TICKET_003956,PROD_006,1,2500
TICKET_003957,PROD_015,1,2800
TICKET_003958,PROD_002,1,3500
TICKET_003958,PROD_035,1,7500
TICKET_003959,PROD_031,1,4500
TICKET_003960,PROD_015,1,2800
TICKET_003961,PROD_031,1,4500
TICKET_003961,PROD_003,1,4500
TICKET_003962,PROD_019,1,3200
TICKET_003962,PROD_012,1,3000
TICKET_003963,PROD_031,1,4500
TICKET_003963,PROD_003,1,4500
TICKET_003963,PROD_002,1,3500
TICKET_003964,PROD_001,1,2500
TICKET_003964,PROD_015,1,2800
TICKET_003964,PROD_026,1,3500
TICKET_003965,PROD_022,1,3500
TICKET_003965,PROD_018,1,2800
TICKET_003966,PROD_034,1,6500
TICKET_003967,PROD_006,1,2500
TICKET_003967,PROD_028,1,2000
TICKET_003968,PROD_013,1,3500
TICKET_003968,PROD_020,1,3200
TICKET_003969,PROD_019,1,3200
TICKET_003969,PROD_027,1,2500
TICKET_003969,PROD_010,1,3500
TICKET_003970,PROD_020,1,3200
TICKET_003971,PROD_032,1,2500
TICKET_003972,PROD_031,1,4500
TICKET_003972,PROD_026,1,3500
TICKET_003972,PROD_014,1,3800
TICKET_003973,PROD_032,1,2500
TICKET_003974,PROD_001,1,2500
TICKET_003974,PROD_012,1,3000
TICKET_003975,PROD_015,1,2800
TICKET_003976,PROD_002,1,3500
TICKET_003976,PROD_017,1,2800
TICKET_003977,PROD_010,1,3500
TICKET_003977,PROD_021,1,3500
TICKET_003978,PROD_025,1,3500
TICKET_003979,PROD_001,2,2500
TICKET_003979,PROD_008,1,3200
TICKET_003979,PROD_015,1,2800
TICKET_003980,PROD_002,1,3500
TICKET_003980,PROD_017,1,2800
TICKET_003981,PROD_006,1,2500
TICKET_003982,PROD_024,1,3000
TICKET_003983,PROD_003,1,4500
TICKET_003983,PROD_023,1,3500
TICKET_003984,PROD_001,1,2500
TICKET_003984,PROD_015,1,2800
TICKET_003985,PROD_018,1,2800
TICKET_003986,PROD_021,1,3500
TICKET_003986,PROD_009,1,5000
TICKET_003987,PROD_001,1,2500
TICKET_003987,PROD_020,1,3200
TICKET_003988,PROD_010,1,3500
TICKET_003988,PROD_016,1,2500
TICKET_003989,PROD_029,1,3000
TICKET_003990,PROD_034,1,6500
TICKET_003991,PROD_002,1,3500
TICKET_003992,PROD_001,2,2500
TICKET_003993,PROD_019,1,3200
TICKET_003993,PROD_012,1,3000
TICKET_003994,PROD_013,1,3500
TICKET_003994,PROD_001,1,2500
TICKET_003995,PROD_021,1,3500
TICKET_003995,PROD_009,1,5000
TICKET_003996,PROD_021,1,3500
TICKET_003996,PROD_009,1,5000
TICKET_003997,PROD_035,1,7500
TICKET_003998,PROD_031,1,4500
TICKET_003998,PROD_008,1,3200
TICKET_003998,PROD_003,1,4500
TICKET_003999,PROD_010,1,3500
TICKET_003999,PROD_016,1,2500
TICKET_004000,PROD_006,1,2500
TICKET_004001,PROD_031,1,4500
TICKET_004001,PROD_003,1,4500
TICKET_004001,PROD_028,1,2000
TICKET_004002,PROD_003,1,4500
TICKET_004002,PROD_023,1,3500
TICKET_004003,PROD_007,1,4500
TICKET_004004,PROD_028,1,2000
TICKET_004005,PROD_012,1,3000
TICKET_004005,PROD_031,1,4500
TICKET_004006,PROD_021,1,3500
TICKET_004006,PROD_009,1,5000
TICKET_004007,PROD_010,1,3500
TICKET_004008,PROD_001,2,2500
TICKET_004009,PROD_021,1,3500
TICKET_004009,PROD_009,1,5000
TICKET_004009,PROD_010,1,3500
TICKET_004010,PROD_006,1,2500
TICKET_004010,PROD_028,1,2000
TICKET_004010,PROD_031,1,4500
TICKET_004010,PROD_002,1,3500
TICKET_004011,PROD_008,1,3200
TICKET_004012,PROD_002,1,3500
TICKET_004012,PROD_017,1,2800
TICKET_004012,PROD_031,1,4500
TICKET_004013,PROD_014,1,3800
TICKET_004014,PROD_031,1,4500
TICKET_004014,PROD_024,1,3000
TICKET_004015,PROD_010,1,3500
TICKET_004015,PROD_016,1,2500
TICKET_004015,PROD_017,1,2800
TICKET_004015,PROD_026,1,3500
TICKET_004016,PROD_012,1,3000
TICKET_004017,PROD_012,1,3000
TICKET_004018,PROD_006,1,2500
TICKET_004018,PROD_028,1,2000
TICKET_004018,PROD_025,1,3500
TICKET_004019,PROD_031,1,4500
TICKET_004019,PROD_003,1,4500
TICKET_004019,PROD_007,1,4500
TICKET_004020,PROD_003,1,4500
TICKET_004020,PROD_023,1,3500
TICKET_004020,PROD_029,1,3000
TICKET_004021,PROD_019,1,3200
TICKET_004022,PROD_021,1,3500
TICKET_004022,PROD_009,1,5000
TICKET_004023,PROD_012,1,3000
TICKET_004023,PROD_024,1,3000
TICKET_004024,PROD_035,1,7500
TICKET_004024,PROD_014,1,3800
TICKET_004025,PROD_001,1,2500
TICKET_004025,PROD_025,1,3500
TICKET_004026,PROD_012,1,3000
TICKET_004026,PROD_024,1,3000
TICKET_004027,PROD_012,1,3000
TICKET_004028,PROD_015,1,2800
TICKET_004029,PROD_002,1,3500
TICKET_004030,PROD_006,1,2500
TICKET_004031,PROD_006,1,2500
TICKET_004031,PROD_028,1,2000
TICKET_004032,PROD_006,1,2500
TICKET_004033,PROD_002,1,3500
TICKET_004033,PROD_017,1,2800
TICKET_004033,PROD_019,1,3200
TICKET_004034,PROD_010,1,3500
TICKET_004034,PROD_016,1,2500
TICKET_004035,PROD_001,1,2500
TICKET_004036,PROD_030,1,4500
TICKET_004037,PROD_012,1,3000
TICKET_004037,PROD_024,1,3000
TICKET_004038,PROD_010,1,3500
TICKET_004038,PROD_035,1,7500
TICKET_004039,PROD_026,1,3500
TICKET_004040,PROD_012,1,3000
TICKET_004041,PROD_003,1,4500
TICKET_004041,PROD_023,1,3500
TICKET_004042,PROD_010,1,3500
TICKET_004042,PROD_016,1,2500
TICKET_004043,PROD_009,1,5000
TICKET_004043,PROD_031,1,4500
TICKET_004044,PROD_010,1,3500
TICKET_004045,PROD_005,1,4000
TICKET_004046,PROD_001,1,2500
TICKET_004046,PROD_015,1,2800
TICKET_004047,PROD_006,1,2500
TICKET_004047,PROD_028,1,2000
TICKET_004047,PROD_032,1,2500
TICKET_004048,PROD_002,1,3500
TICKET_004048,PROD_017,1,2800
TICKET_004048,PROD_003,1,4500
TICKET_004048,PROD_034,1,6500
TICKET_004049,PROD_001,1,2500
TICKET_004050,PROD_012,2,3000
TICKET_004051,PROD_035,1,7500
TICKET_004052,PROD_006,1,2500
TICKET_004052,PROD_028,1,2000
TICKET_004052,PROD_020,1,3200
TICKET_004053,PROD_001,3,2500
TICKET_004053,PROD_012,1,3000
TICKET_004054,PROD_001,1,2500
TICKET_004055,PROD_023,1,3500
TICKET_004056,PROD_002,1,3500
TICKET_004057,PROD_031,1,4500
TICKET_004058,PROD_012,1,3000
TICKET_004058,PROD_024,1,3000
TICKET_004058,PROD_029,1,3000
TICKET_004059,PROD_008,1,3200
TICKET_004060,PROD_031,1,4500
TICKET_004060,PROD_003,1,4500
TICKET_004061,PROD_010,1,3500
TICKET_004061,PROD_016,1,2500
TICKET_004061,PROD_031,1,4500
TICKET_004061,PROD_026,1,3500
TICKET_004062,PROD_001,1,2500
TICKET_004063,PROD_031,1,4500
TICKET_004063,PROD_003,1,4500
TICKET_004064,PROD_021,1,3500
TICKET_004064,PROD_026,1,3500
TICKET_004065,PROD_001,1,2500
TICKET_004065,PROD_015,1,2800
TICKET_004066,PROD_031,1,4500
TICKET_004067,PROD_021,1,3500
TICKET_004068,PROD_031,1,4500
TICKET_004068,PROD_003,1,4500
TICKET_004068,PROD_020,1,3200
TICKET_004068,PROD_034,1,6500
TICKET_004069,PROD_016,1,2500
TICKET_004070,PROD_009,1,5000
TICKET_004070,PROD_029,1,3000
TICKET_004071,PROD_018,1,2800
TICKET_004072,PROD_019,1,3200
TICKET_004072,PROD_012,1,3000
TICKET_004073,PROD_012,1,3000
TICKET_004074,PROD_004,1,4800
TICKET_004074,PROD_012,1,3000
TICKET_004075,PROD_022,1,3500
TICKET_004076,PROD_006,1,2500
TICKET_004077,PROD_006,1,2500
TICKET_004077,PROD_028,1,2000
TICKET_004077,PROD_003,1,4500
TICKET_004077,PROD_029,1,3000
TICKET_004078,PROD_001,1,2500
TICKET_004078,PROD_015,1,2800
TICKET_004078,PROD_018,1,2800
TICKET_004079,PROD_010,1,3500
TICKET_004080,PROD_003,1,4500
TICKET_004080,PROD_023,1,3500
TICKET_004080,PROD_012,1,3000
TICKET_004081,PROD_019,1,3200
TICKET_004081,PROD_012,1,3000
TICKET_004081,PROD_034,1,6500
TICKET_004081,PROD_023,1,3500
TICKET_004082,PROD_021,1,3500
TICKET_004082,PROD_024,1,3000
TICKET_004082,PROD_028,1,2000
TICKET_004083,PROD_001,2,2500
TICKET_004083,PROD_007,1,4500
TICKET_004084,PROD_001,1,2500
TICKET_004084,PROD_015,1,2800
TICKET_004085,PROD_026,1,3500
TICKET_004086,PROD_016,1,2500
TICKET_004087,PROD_012,1,3000
TICKET_004087,PROD_028,1,2000
TICKET_004088,PROD_030,1,4500
TICKET_004089,PROD_031,1,4500
TICKET_004089,PROD_003,1,4500
TICKET_004089,PROD_021,1,3500
TICKET_004090,PROD_026,1,3500
TICKET_004091,PROD_011,1,2500
TICKET_004092,PROD_014,1,3800
TICKET_004093,PROD_031,1,4500
TICKET_004093,PROD_024,1,3000
TICKET_004094,PROD_034,1,6500
TICKET_004095,PROD_006,1,2500
TICKET_004095,PROD_028,1,2000
TICKET_004096,PROD_002,1,3500
TICKET_004096,PROD_017,1,2800
TICKET_004097,PROD_012,1,3000
TICKET_004097,PROD_024,1,3000
TICKET_004097,PROD_018,1,2800
TICKET_004097,PROD_008,1,3200
TICKET_004098,PROD_031,1,4500
TICKET_004099,PROD_031,1,4500
TICKET_004100,PROD_019,1,3200
TICKET_004100,PROD_002,1,3500
TICKET_004101,PROD_002,1,3500
TICKET_004101,PROD_017,1,2800
TICKET_004101,PROD_029,1,3000
TICKET_004102,PROD_012,1,3000
TICKET_004102,PROD_028,1,2000
TICKET_004103,PROD_018,1,2800
TICKET_004104,PROD_006,1,2500
TICKET_004105,PROD_021,1,3500
TICKET_004106,PROD_002,1,3500
TICKET_004106,PROD_034,1,6500
TICKET_004106,PROD_032,1,2500
TICKET_004107,PROD_010,1,3500
TICKET_004107,PROD_016,1,2500
TICKET_004108,PROD_003,1,4500
TICKET_004108,PROD_023,1,3500
TICKET_004108,PROD_030,1,4500
TICKET_004109,PROD_002,1,3500
TICKET_004109,PROD_017,1,2800
TICKET_004109,PROD_013,1,3500
TICKET_004110,PROD_021,1,3500
TICKET_004111,PROD_002,1,3500
TICKET_004112,PROD_002,1,3500
TICKET_004112,PROD_017,1,2800
TICKET_004112,PROD_028,1,2000
TICKET_004113,PROD_021,1,3500
TICKET_004113,PROD_009,1,5000
TICKET_004114,PROD_001,1,2500
TICKET_004114,PROD_022,1,3500
TICKET_004115,PROD_027,1,2500
TICKET_004116,PROD_012,1,3000
TICKET_004116,PROD_013,1,3500
TICKET_004116,PROD_035,1,7500
TICKET_004117,PROD_001,1,2500
TICKET_004117,PROD_016,1,2500
TICKET_004118,PROD_002,1,3500
TICKET_004118,PROD_017,1,2800
TICKET_004119,PROD_010,1,3500
TICKET_004119,PROD_016,1,2500
TICKET_004119,PROD_003,1,4500
TICKET_004120,PROD_021,1,3500
TICKET_004120,PROD_024,1,3000
TICKET_004121,PROD_001,2,2500
TICKET_004122,PROD_010,1,3500
TICKET_004123,PROD_013,1,3500
TICKET_004124,PROD_033,1,1500
TICKET_004125,PROD_012,1,3000
TICKET_004125,PROD_024,1,3000
TICKET_004125,PROD_034,1,6500
TICKET_004126,PROD_021,1,3500
TICKET_004126,PROD_009,1,5000
TICKET_004126,PROD_012,1,3000
TICKET_004127,PROD_010,1,3500
TICKET_004127,PROD_016,1,2500
TICKET_004127,PROD_002,1,3500
TICKET_004128,PROD_021,1,3500
TICKET_004128,PROD_009,1,5000
TICKET_004129,PROD_007,1,4500
TICKET_004130,PROD_027,1,2500
TICKET_004131,PROD_010,1,3500
TICKET_004131,PROD_016,1,2500
TICKET_004132,PROD_010,1,3500
TICKET_004132,PROD_016,1,2500
TICKET_004133,PROD_013,1,3500
TICKET_004133,PROD_025,1,3500
TICKET_004134,PROD_013,1,3500
TICKET_004135,PROD_006,1,2500
TICKET_004136,PROD_001,1,2500
TICKET_004136,PROD_015,1,2800
TICKET_004137,PROD_035,1,7500
TICKET_004138,PROD_012,1,3000
TICKET_004138,PROD_029,1,3000
TICKET_004138,PROD_028,1,2000
TICKET_004139,PROD_031,1,4500
TICKET_004139,PROD_012,1,3000
TICKET_004140,PROD_002,1,3500
TICKET_004141,PROD_019,1,3200
TICKET_004141,PROD_012,1,3000
TICKET_004142,PROD_004,2,4800
TICKET_004143,PROD_002,1,3500
TICKET_004143,PROD_017,1,2800
TICKET_004144,PROD_030,1,4500
TICKET_004144,PROD_002,1,3500
TICKET_004145,PROD_009,1,5000
TICKET_004146,PROD_013,1,3500
TICKET_004147,PROD_016,1,2500
TICKET_004148,PROD_028,1,2000
TICKET_004149,PROD_031,1,4500
TICKET_004149,PROD_003,1,4500
TICKET_004150,PROD_010,1,3500
TICKET_004150,PROD_016,1,2500
TICKET_004150,PROD_007,1,4500
TICKET_004150,PROD_004,1,4800
TICKET_004151,PROD_034,1,6500
TICKET_004152,PROD_019,1,3200
TICKET_004152,PROD_012,1,3000
TICKET_004152,PROD_010,1,3500
TICKET_004153,PROD_003,1,4500
TICKET_004153,PROD_023,1,3500
TICKET_004154,PROD_019,1,3200
TICKET_004154,PROD_012,1,3000
TICKET_004154,PROD_035,1,7500
TICKET_004155,PROD_010,2,3500
TICKET_004155,PROD_033,1,1500
TICKET_004156,PROD_002,1,3500
TICKET_004156,PROD_017,1,2800
TICKET_004157,PROD_019,1,3200
TICKET_004157,PROD_012,1,3000
TICKET_004158,PROD_013,1,3500
TICKET_004159,PROD_016,1,2500
TICKET_004159,PROD_021,1,3500
TICKET_004160,PROD_024,1,3000
TICKET_004161,PROD_002,1,3500
TICKET_004161,PROD_017,1,2800
TICKET_004161,PROD_015,1,2800
TICKET_004162,PROD_003,1,4500
TICKET_004162,PROD_023,1,3500
TICKET_004163,PROD_004,1,4800
TICKET_004164,PROD_012,1,3000
TICKET_004164,PROD_024,1,3000
TICKET_004164,PROD_019,1,3200
TICKET_004165,PROD_031,1,4500
TICKET_004165,PROD_003,1,4500
TICKET_004165,PROD_017,1,2800
TICKET_004166,PROD_034,1,6500
TICKET_004166,PROD_032,1,2500
TICKET_004167,PROD_006,1,2500
TICKET_004167,PROD_028,1,2000
TICKET_004168,PROD_021,1,3500
TICKET_004168,PROD_009,1,5000
TICKET_004168,PROD_030,1,4500
TICKET_004168,PROD_001,1,2500
TICKET_004169,PROD_031,1,4500
TICKET_004170,PROD_010,1,3500
TICKET_004170,PROD_016,1,2500
TICKET_004170,PROD_002,1,3500
TICKET_004171,PROD_019,1,3200
TICKET_004172,PROD_012,1,3000
TICKET_004172,PROD_024,1,3000
TICKET_004172,PROD_009,1,5000
TICKET_004173,PROD_013,1,3500
TICKET_004173,PROD_029,1,3000
TICKET_004174,PROD_006,1,2500
TICKET_004174,PROD_028,1,2000
TICKET_004175,PROD_020,1,3200
TICKET_004176,PROD_001,1,2500
TICKET_004176,PROD_015,1,2800
TICKET_004176,PROD_011,1,2500
TICKET_004177,PROD_006,1,2500
TICKET_004178,PROD_035,1,7500
TICKET_004179,PROD_001,1,2500
TICKET_004179,PROD_023,1,3500
TICKET_004180,PROD_034,1,6500
TICKET_004181,PROD_021,1,3500
TICKET_004181,PROD_009,1,5000
TICKET_004181,PROD_008,1,3200
TICKET_004182,PROD_014,1,3800
TICKET_004183,PROD_006,1,2500
TICKET_004183,PROD_028,1,2000
TICKET_004183,PROD_012,1,3000
TICKET_004184,PROD_027,1,2500
TICKET_004185,PROD_013,1,3500
TICKET_004186,PROD_001,1,2500
TICKET_004187,PROD_026,1,3500
TICKET_004187,PROD_023,1,3500
TICKET_004188,PROD_030,1,4500
TICKET_004188,PROD_021,1,3500
TICKET_004189,PROD_003,1,4500
TICKET_004189,PROD_023,1,3500
TICKET_004190,PROD_001,1,2500
TICKET_004190,PROD_015,1,2800
TICKET_004191,PROD_025,1,3500
TICKET_004192,PROD_026,1,3500
TICKET_004192,PROD_030,1,4500
TICKET_004193,PROD_019,1,3200
TICKET_004193,PROD_012,1,3000
TICKET_004194,PROD_005,1,4000
TICKET_004195,PROD_001,2,2500
TICKET_004195,PROD_027,1,2500
TICKET_004195,PROD_026,1,3500
TICKET_004196,PROD_019,1,3200
TICKET_004196,PROD_012,1,3000
TICKET_004197,PROD_014,1,3800
TICKET_004198,PROD_001,2,2500
TICKET_004199,PROD_006,1,2500
TICKET_004199,PROD_028,1,2000
TICKET_004199,PROD_035,1,7500
TICKET_004200,PROD_004,1,4800
TICKET_004201,PROD_031,1,4500
TICKET_004202,PROD_010,1,3500
TICKET_004202,PROD_016,1,2500
TICKET_004203,PROD_001,1,2500
TICKET_004204,PROD_002,1,3500
TICKET_004204,PROD_017,1,2800
TICKET_004204,PROD_022,1,3500
TICKET_004205,PROD_001,1,2500
TICKET_004205,PROD_015,1,2800
TICKET_004206,PROD_021,1,3500
TICKET_004206,PROD_018,1,2800
TICKET_004207,PROD_009,1,5000
TICKET_004207,PROD_034,1,6500
TICKET_004208,PROD_002,1,3500
TICKET_004208,PROD_017,1,2800
TICKET_004208,PROD_026,1,3500
TICKET_004208,PROD_029,1,3000
TICKET_004209,PROD_019,1,3200
TICKET_004209,PROD_012,1,3000
TICKET_004210,PROD_021,1,3500
TICKET_004210,PROD_009,1,5000
TICKET_004210,PROD_004,1,4800
TICKET_004211,PROD_003,1,4500
TICKET_004211,PROD_023,1,3500
TICKET_004212,PROD_002,1,3500
TICKET_004212,PROD_017,1,2800
TICKET_004212,PROD_026,1,3500
TICKET_004213,PROD_010,1,3500
TICKET_004213,PROD_013,1,3500
TICKET_004214,PROD_033,1,1500
TICKET_004215,PROD_002,1,3500
TICKET_004215,PROD_017,1,2800
TICKET_004215,PROD_035,1,7500
TICKET_004216,PROD_014,1,3800
TICKET_004216,PROD_017,1,2800
TICKET_004217,PROD_030,1,4500
TICKET_004218,PROD_019,1,3200
TICKET_004218,PROD_012,1,3000
TICKET_004219,PROD_017,1,2800
TICKET_004220,PROD_003,1,4500
TICKET_004220,PROD_023,1,3500
TICKET_004220,PROD_015,1,2800
TICKET_004220,PROD_025,1,3500
TICKET_004221,PROD_017,1,2800
TICKET_004222,PROD_014,1,3800
TICKET_004223,PROD_003,1,4500
TICKET_004223,PROD_023,1,3500
TICKET_004224,PROD_011,1,2500
TICKET_004225,PROD_034,1,6500
TICKET_004226,PROD_012,1,3000
TICKET_004227,PROD_012,1,3000
TICKET_004227,PROD_027,1,2500
TICKET_004227,PROD_003,1,4500
TICKET_004228,PROD_023,1,3500
TICKET_004228,PROD_001,1,2500
TICKET_004229,PROD_002,1,3500
TICKET_004229,PROD_004,1,4800
TICKET_004229,PROD_012,1,3000
TICKET_004230,PROD_003,1,4500
TICKET_004231,PROD_006,1,2500
TICKET_004231,PROD_028,1,2000
TICKET_004231,PROD_008,1,3200
TICKET_004232,PROD_020,1,3200
TICKET_004233,PROD_019,1,3200
TICKET_004233,PROD_012,1,3000
TICKET_004234,PROD_001,1,2500
TICKET_004235,PROD_001,2,2500
TICKET_004235,PROD_018,1,2800
TICKET_004235,PROD_008,1,3200
TICKET_004236,PROD_021,1,3500
TICKET_004236,PROD_009,1,5000
TICKET_004237,PROD_021,1,3500
TICKET_004237,PROD_035,1,7500
TICKET_004238,PROD_001,1,2500
TICKET_004238,PROD_015,1,2800
TICKET_004238,PROD_034,1,6500
TICKET_004239,PROD_012,1,3000
TICKET_004239,PROD_035,1,7500
TICKET_004240,PROD_002,1,3500
TICKET_004241,PROD_001,1,2500
TICKET_004241,PROD_015,1,2800
TICKET_004241,PROD_035,1,7500
TICKET_004242,PROD_005,1,4000
TICKET_004242,PROD_026,1,3500
TICKET_004243,PROD_010,1,3500
TICKET_004243,PROD_016,1,2500
TICKET_004244,PROD_004,1,4800
TICKET_004244,PROD_009,1,5000
TICKET_004245,PROD_006,1,2500
TICKET_004245,PROD_028,1,2000
TICKET_004246,PROD_018,1,2800
TICKET_004247,PROD_035,1,7500
TICKET_004248,PROD_003,1,4500
TICKET_004248,PROD_023,1,3500
TICKET_004249,PROD_001,1,2500
TICKET_004249,PROD_015,1,2800
TICKET_004249,PROD_005,1,4000
TICKET_004249,PROD_024,1,3000
TICKET_004250,PROD_002,1,3500
TICKET_004250,PROD_017,1,2800
TICKET_004251,PROD_001,1,2500
TICKET_004252,PROD_021,1,3500
TICKET_004252,PROD_009,1,5000
TICKET_004253,PROD_001,1,2500
TICKET_004253,PROD_019,1,3200
TICKET_004253,PROD_012,1,3000
TICKET_004254,PROD_013,1,3500
TICKET_004255,PROD_001,1,2500
TICKET_004255,PROD_015,1,2800
TICKET_004256,PROD_031,1,4500
TICKET_004256,PROD_008,1,3200
TICKET_004257,PROD_025,1,3500
TICKET_004258,PROD_003,1,4500
TICKET_004258,PROD_026,1,3500
TICKET_004259,PROD_004,1,4800
TICKET_004260,PROD_010,1,3500
TICKET_004260,PROD_004,1,4800
TICKET_004260,PROD_002,1,3500
TICKET_004261,PROD_021,1,3500
TICKET_004261,PROD_003,1,4500
TICKET_004262,PROD_002,1,3500
TICKET_004262,PROD_017,1,2800
TICKET_004263,PROD_030,1,4500
TICKET_004264,PROD_001,1,2500
TICKET_004265,PROD_012,2,3000
TICKET_004266,PROD_033,1,1500
TICKET_004267,PROD_001,1,2500
TICKET_004268,PROD_027,1,2500
TICKET_004268,PROD_028,1,2000
TICKET_004269,PROD_002,1,3500
TICKET_004269,PROD_017,1,2800
TICKET_004270,PROD_013,1,3500
TICKET_004271,PROD_010,1,3500
TICKET_004271,PROD_016,1,2500
TICKET_004272,PROD_021,1,3500
TICKET_004272,PROD_026,1,3500
TICKET_004273,PROD_006,1,2500
TICKET_004273,PROD_028,1,2000
TICKET_004273,PROD_013,1,3500
TICKET_004273,PROD_023,1,3500
TICKET_004274,PROD_006,1,2500
TICKET_004274,PROD_028,1,2000
TICKET_004275,PROD_021,1,3500
TICKET_004276,PROD_019,1,3200
TICKET_004276,PROD_012,1,3000
TICKET_004277,PROD_002,1,3500
TICKET_004277,PROD_017,1,2800
TICKET_004277,PROD_014,1,3800
TICKET_004277,PROD_021,1,3500
TICKET_004278,PROD_021,1,3500
TICKET_004279,PROD_019,1,3200
TICKET_004279,PROD_012,1,3000
TICKET_004279,PROD_035,1,7500
TICKET_004280,PROD_035,1,7500
TICKET_004281,PROD_004,1,4800
TICKET_004282,PROD_003,1,4500
TICKET_004282,PROD_023,1,3500
TICKET_004283,PROD_001,2,2500
TICKET_004283,PROD_010,1,3500
TICKET_004284,PROD_003,1,4500
TICKET_004285,PROD_001,2,2500
TICKET_004286,PROD_035,1,7500
TICKET_004287,PROD_010,1,3500
TICKET_004287,PROD_016,1,2500
TICKET_004287,PROD_008,1,3200
TICKET_004287,PROD_035,1,7500
TICKET_004288,PROD_012,1,3000
TICKET_004289,PROD_003,1,4500
TICKET_004290,PROD_003,1,4500
TICKET_004290,PROD_023,1,3500
TICKET_004291,PROD_003,1,4500
TICKET_004292,PROD_019,1,3200
TICKET_004292,PROD_012,1,3000
TICKET_004292,PROD_031,1,4500
TICKET_004292,PROD_006,1,2500
TICKET_004293,PROD_006,1,2500
TICKET_004293,PROD_021,1,3500
TICKET_004294,PROD_001,1,2500
TICKET_004295,PROD_023,1,3500
TICKET_004296,PROD_001,1,2500
TICKET_004297,PROD_002,1,3500
TICKET_004297,PROD_017,1,2800
TICKET_004298,PROD_001,1,2500
TICKET_004299,PROD_012,1,3000
TICKET_004299,PROD_024,1,3000
TICKET_004300,PROD_003,1,4500
TICKET_004301,PROD_006,1,2500
TICKET_004301,PROD_004,1,4800
TICKET_004302,PROD_012,2,3000
TICKET_004302,PROD_024,1,3000
TICKET_004303,PROD_012,1,3000
TICKET_004303,PROD_024,1,3000
TICKET_004303,PROD_029,1,3000
TICKET_004303,PROD_025,1,3500
TICKET_004304,PROD_007,1,4500
TICKET_004305,PROD_003,2,4500
TICKET_004305,PROD_023,1,3500
TICKET_004306,PROD_024,1,3000
TICKET_004307,PROD_006,1,2500
TICKET_004307,PROD_028,1,2000
TICKET_004308,PROD_012,1,3000
TICKET_004308,PROD_027,1,2500
TICKET_004309,PROD_003,1,4500
TICKET_004309,PROD_023,1,3500
TICKET_004310,PROD_006,1,2500
TICKET_004311,PROD_001,2,2500
TICKET_004311,PROD_022,1,3500
TICKET_004311,PROD_029,1,3000
TICKET_004312,PROD_012,1,3000
TICKET_004313,PROD_027,1,2500
TICKET_004314,PROD_001,1,2500
TICKET_004315,PROD_003,1,4500
TICKET_004315,PROD_023,1,3500
TICKET_004315,PROD_019,1,3200
TICKET_004315,PROD_005,1,4000
TICKET_004316,PROD_001,2,2500
TICKET_004316,PROD_024,1,3000
TICKET_004316,PROD_035,1,7500
TICKET_004317,PROD_006,1,2500
TICKET_004318,PROD_017,1,2800
TICKET_004319,PROD_028,1,2000
TICKET_004320,PROD_021,1,3500
TICKET_004320,PROD_009,1,5000
TICKET_004321,PROD_010,1,3500
TICKET_004321,PROD_016,1,2500
TICKET_004322,PROD_001,1,2500
TICKET_004322,PROD_015,1,2800
TICKET_004323,PROD_030,1,4500
TICKET_004324,PROD_014,1,3800
TICKET_004324,PROD_003,1,4500
TICKET_004325,PROD_012,1,3000
TICKET_004325,PROD_014,1,3800
TICKET_004325,PROD_026,1,3500
TICKET_004326,PROD_010,1,3500
TICKET_004327,PROD_003,1,4500
TICKET_004327,PROD_023,1,3500
TICKET_004328,PROD_021,1,3500
TICKET_004328,PROD_009,1,5000
TICKET_004329,PROD_006,1,2500
TICKET_004329,PROD_028,1,2000
TICKET_004330,PROD_010,1,3500
TICKET_004330,PROD_016,1,2500
TICKET_004330,PROD_015,1,2800
TICKET_004331,PROD_026,1,3500
TICKET_004332,PROD_031,1,4500
TICKET_004332,PROD_003,1,4500
TICKET_004333,PROD_031,1,4500
TICKET_004333,PROD_003,1,4500
TICKET_004333,PROD_034,1,6500
TICKET_004333,PROD_017,1,2800
TICKET_004334,PROD_001,1,2500
TICKET_004334,PROD_004,1,4800
TICKET_004335,PROD_031,1,4500
TICKET_004335,PROD_026,1,3500
TICKET_004336,PROD_006,1,2500
TICKET_004336,PROD_028,1,2000
TICKET_004337,PROD_001,1,2500
TICKET_004337,PROD_015,1,2800
TICKET_004338,PROD_024,1,3000
TICKET_004338,PROD_017,1,2800
TICKET_004339,PROD_012,1,3000
TICKET_004339,PROD_024,1,3000
TICKET_004340,PROD_021,1,3500
TICKET_004340,PROD_009,1,5000
TICKET_004341,PROD_007,1,4500
TICKET_004342,PROD_003,1,4500
TICKET_004342,PROD_023,1,3500
TICKET_004342,PROD_019,1,3200
TICKET_004343,PROD_012,1,3000
TICKET_004343,PROD_024,1,3000
TICKET_004343,PROD_004,2,4800
TICKET_004344,PROD_030,1,4500
TICKET_004345,PROD_015,1,2800
TICKET_004346,PROD_011,1,2500
TICKET_004347,PROD_007,1,4500
TICKET_004348,PROD_003,1,4500
TICKET_004348,PROD_023,1,3500
TICKET_004349,PROD_019,1,3200
TICKET_004349,PROD_012,1,3000
TICKET_004349,PROD_034,1,6500
TICKET_004350,PROD_001,1,2500
TICKET_004350,PROD_029,1,3000
TICKET_004351,PROD_012,1,3000
TICKET_004351,PROD_024,1,3000
TICKET_004352,PROD_021,1,3500
TICKET_004352,PROD_009,1,5000
TICKET_004352,PROD_032,1,2500
TICKET_004353,PROD_012,1,3000
TICKET_004354,PROD_001,2,2500
TICKET_004355,PROD_031,1,4500
TICKET_004356,PROD_031,1,4500
TICKET_004357,PROD_029,1,3000
TICKET_004357,PROD_004,1,4800
TICKET_004358,PROD_012,1,3000
TICKET_004359,PROD_012,1,3000
TICKET_004359,PROD_032,1,2500
TICKET_004360,PROD_007,1,4500
TICKET_004361,PROD_002,1,3500
TICKET_004361,PROD_017,1,2800
TICKET_004362,PROD_002,1,3500
TICKET_004363,PROD_002,1,3500
TICKET_004364,PROD_002,1,3500
TICKET_004364,PROD_017,1,2800
TICKET_004365,PROD_003,1,4500
TICKET_004366,PROD_014,1,3800
TICKET_004367,PROD_010,1,3500
TICKET_004367,PROD_016,1,2500
TICKET_004367,PROD_027,1,2500
TICKET_004367,PROD_007,1,4500
TICKET_004368,PROD_012,1,3000
TICKET_004368,PROD_034,1,6500
TICKET_004369,PROD_002,1,3500
TICKET_004369,PROD_017,1,2800
TICKET_004370,PROD_019,1,3200
TICKET_004370,PROD_012,1,3000
TICKET_004370,PROD_035,1,7500
TICKET_004370,PROD_009,1,5000
TICKET_004371,PROD_012,1,3000
TICKET_004371,PROD_035,1,7500
TICKET_004371,PROD_016,1,2500
TICKET_004372,PROD_010,1,3500
TICKET_004372,PROD_016,1,2500
TICKET_004372,PROD_006,1,2500
TICKET_004372,PROD_031,1,4500
TICKET_004373,PROD_021,1,3500
TICKET_004373,PROD_009,1,5000
TICKET_004374,PROD_002,1,3500
TICKET_004374,PROD_017,1,2800
TICKET_004374,PROD_034,2,6500
TICKET_004375,PROD_002,1,3500
TICKET_004375,PROD_017,1,2800
TICKET_004375,PROD_023,1,3500
TICKET_004376,PROD_006,1,2500
TICKET_004376,PROD_028,1,2000
TICKET_004377,PROD_031,1,4500
TICKET_004377,PROD_003,1,4500
TICKET_004377,PROD_008,1,3200
TICKET_004378,PROD_021,1,3500
TICKET_004378,PROD_009,1,5000
TICKET_004378,PROD_026,1,3500
TICKET_004378,PROD_018,1,2800
TICKET_004379,PROD_003,1,4500
TICKET_004380,PROD_019,1,3200
TICKET_004380,PROD_012,1,3000
TICKET_004380,PROD_011,1,2500
TICKET_004380,PROD_021,1,3500
TICKET_004381,PROD_014,1,3800
TICKET_004382,PROD_031,1,4500
TICKET_004382,PROD_003,1,4500
TICKET_004383,PROD_015,1,2800
TICKET_004384,PROD_018,1,2800
TICKET_004385,PROD_003,1,4500
TICKET_004386,PROD_020,1,3200
TICKET_004387,PROD_003,1,4500
TICKET_004387,PROD_013,1,3500
TICKET_004388,PROD_001,1,2500
TICKET_004388,PROD_015,1,2800
TICKET_004389,PROD_006,1,2500
TICKET_004389,PROD_028,1,2000
TICKET_004389,PROD_017,1,2800
TICKET_004389,PROD_029,1,3000
TICKET_004390,PROD_003,1,4500
TICKET_004391,PROD_003,1,4500
TICKET_004391,PROD_023,1,3500
TICKET_004392,PROD_010,1,3500
TICKET_004392,PROD_016,1,2500
TICKET_004392,PROD_015,1,2800
TICKET_004393,PROD_015,1,2800
TICKET_004394,PROD_002,1,3500
TICKET_004394,PROD_017,1,2800
TICKET_004395,PROD_002,1,3500
TICKET_004396,PROD_001,1,2500
TICKET_004396,PROD_015,1,2800
TICKET_004397,PROD_031,1,4500
TICKET_004398,PROD_021,1,3500
TICKET_004398,PROD_022,1,3500
TICKET_004398,PROD_027,1,2500
TICKET_004399,PROD_021,1,3500
TICKET_004399,PROD_009,1,5000
TICKET_004400,PROD_002,2,3500
TICKET_004400,PROD_009,1,5000
TICKET_004401,PROD_016,1,2500
TICKET_004402,PROD_010,1,3500
TICKET_004402,PROD_016,1,2500
TICKET_004403,PROD_001,1,2500
TICKET_004403,PROD_026,1,3500
TICKET_004403,PROD_013,1,3500
TICKET_004404,PROD_023,1,3500
TICKET_004405,PROD_031,1,4500
TICKET_004405,PROD_003,1,4500
TICKET_004405,PROD_019,1,3200
TICKET_004405,PROD_010,1,3500
TICKET_004406,PROD_002,1,3500
TICKET_004406,PROD_017,1,2800
TICKET_004406,PROD_026,1,3500
TICKET_004407,PROD_003,1,4500
TICKET_004407,PROD_023,1,3500
TICKET_004407,PROD_010,1,3500
TICKET_004408,PROD_013,1,3500
TICKET_004408,PROD_031,1,4500
TICKET_004409,PROD_019,1,3200
TICKET_004409,PROD_012,1,3000
TICKET_004409,PROD_018,1,2800
TICKET_004409,PROD_034,1,6500
TICKET_004410,PROD_012,1,3000
TICKET_004410,PROD_024,1,3000
TICKET_004410,PROD_028,1,2000
TICKET_004411,PROD_013,1,3500
TICKET_004411,PROD_026,1,3500
TICKET_004412,PROD_029,1,3000
TICKET_004413,PROD_015,1,2800
TICKET_004414,PROD_021,1,3500
TICKET_004414,PROD_009,1,5000
TICKET_004415,PROD_010,1,3500
TICKET_004416,PROD_001,2,2500
TICKET_004416,PROD_018,1,2800
TICKET_004416,PROD_031,1,4500
TICKET_004417,PROD_034,1,6500
TICKET_004417,PROD_026,1,3500
TICKET_004418,PROD_002,1,3500
TICKET_004418,PROD_017,1,2800
TICKET_004418,PROD_023,1,3500
TICKET_004419,PROD_031,1,4500
TICKET_004420,PROD_010,1,3500
TICKET_004420,PROD_016,1,2500
TICKET_004421,PROD_006,1,2500
TICKET_004421,PROD_028,1,2000
TICKET_004422,PROD_029,1,3000
TICKET_004423,PROD_001,1,2500
TICKET_004424,PROD_027,1,2500
TICKET_004425,PROD_002,1,3500
TICKET_004425,PROD_017,1,2800
TICKET_004425,PROD_004,1,4800
TICKET_004426,PROD_011,1,2500
TICKET_004427,PROD_012,1,3000
TICKET_004427,PROD_003,1,4500
TICKET_004428,PROD_001,1,2500
TICKET_004428,PROD_015,1,2800
TICKET_004428,PROD_019,1,3200
TICKET_004429,PROD_019,1,3200
TICKET_004429,PROD_012,1,3000
TICKET_004430,PROD_016,1,2500
TICKET_004431,PROD_023,1,3500
TICKET_004432,PROD_001,1,2500
TICKET_004432,PROD_015,1,2800
TICKET_004432,PROD_003,1,4500
TICKET_004432,PROD_024,1,3000
TICKET_004433,PROD_001,1,2500
TICKET_004433,PROD_015,1,2800
TICKET_004434,PROD_002,1,3500
TICKET_004434,PROD_017,1,2800
TICKET_004435,PROD_017,1,2800
TICKET_004436,PROD_021,1,3500
TICKET_004436,PROD_009,1,5000
TICKET_004437,PROD_001,1,2500
TICKET_004437,PROD_024,1,3000
TICKET_004438,PROD_001,2,2500
TICKET_004438,PROD_022,1,3500
TICKET_004439,PROD_002,1,3500
TICKET_004439,PROD_017,1,2800
TICKET_004440,PROD_021,1,3500
TICKET_004441,PROD_010,1,3500
TICKET_004441,PROD_016,1,2500
TICKET_004441,PROD_035,1,7500
TICKET_004442,PROD_010,1,3500
TICKET_004442,PROD_016,1,2500
TICKET_004443,PROD_003,1,4500
TICKET_004443,PROD_023,1,3500
TICKET_004444,PROD_029,1,3000
TICKET_004445,PROD_013,1,3500
TICKET_004446,PROD_001,1,2500
TICKET_004446,PROD_015,1,2800
TICKET_004446,PROD_020,1,3200
TICKET_004447,PROD_001,2,2500
TICKET_004447,PROD_006,1,2500
TICKET_004448,PROD_012,1,3000
TICKET_004448,PROD_024,1,3000
TICKET_004449,PROD_006,1,2500
TICKET_004450,PROD_024,1,3000
TICKET_004451,PROD_003,1,4500
TICKET_004451,PROD_023,1,3500
TICKET_004452,PROD_012,1,3000
TICKET_004453,PROD_003,1,4500
TICKET_004453,PROD_023,1,3500
TICKET_004454,PROD_001,1,2500
TICKET_004455,PROD_001,1,2500
TICKET_004455,PROD_035,1,7500
TICKET_004456,PROD_010,1,3500
TICKET_004456,PROD_016,1,2500
TICKET_004456,PROD_013,1,3500
TICKET_004457,PROD_031,1,4500
TICKET_004458,PROD_019,1,3200
TICKET_004458,PROD_012,1,3000
TICKET_004458,PROD_008,1,3200
TICKET_004458,PROD_031,1,4500
TICKET_004459,PROD_009,1,5000
TICKET_004460,PROD_001,1,2500
TICKET_004460,PROD_025,1,3500
TICKET_004461,PROD_003,1,4500
TICKET_004461,PROD_023,1,3500
TICKET_004461,PROD_035,1,7500
TICKET_004461,PROD_004,1,4800
TICKET_004462,PROD_006,1,2500
TICKET_004462,PROD_028,1,2000
TICKET_004463,PROD_003,1,4500
TICKET_004463,PROD_023,1,3500
TICKET_004463,PROD_021,1,3500
TICKET_004464,PROD_002,1,3500
TICKET_004464,PROD_017,1,2800
TICKET_004464,PROD_003,1,4500
TICKET_004465,PROD_008,1,3200
TICKET_004465,PROD_009,1,5000
TICKET_004466,PROD_021,1,3500
TICKET_004466,PROD_009,1,5000
TICKET_004467,PROD_019,1,3200
TICKET_004467,PROD_012,1,3000
TICKET_004468,PROD_004,1,4800
TICKET_004469,PROD_002,1,3500
TICKET_004470,PROD_006,1,2500
TICKET_004470,PROD_001,1,2500
TICKET_004470,PROD_025,1,3500
TICKET_004471,PROD_026,1,3500
TICKET_004472,PROD_008,1,3200
TICKET_004473,PROD_011,1,2500
TICKET_004474,PROD_001,1,2500
TICKET_004474,PROD_015,1,2800
TICKET_004475,PROD_001,1,2500
TICKET_004475,PROD_014,1,3800
TICKET_004476,PROD_016,1,2500
TICKET_004477,PROD_020,1,3200
TICKET_004478,PROD_031,1,4500
TICKET_004478,PROD_003,1,4500
TICKET_004478,PROD_034,1,6500
TICKET_004478,PROD_025,1,3500
TICKET_004479,PROD_018,1,2800
TICKET_004479,PROD_019,1,3200
TICKET_004480,PROD_026,1,3500
TICKET_004481,PROD_030,1,4500
TICKET_004482,PROD_008,1,3200
TICKET_004483,PROD_031,1,4500
TICKET_004483,PROD_003,1,4500
TICKET_004483,PROD_028,1,2000
TICKET_004483,PROD_013,1,3500
TICKET_004484,PROD_019,1,3200
TICKET_004484,PROD_024,1,3000
TICKET_004484,PROD_002,1,3500
TICKET_004485,PROD_001,1,2500
TICKET_004485,PROD_015,1,2800
TICKET_004486,PROD_021,1,3500
TICKET_004486,PROD_025,1,3500
TICKET_004486,PROD_004,1,4800
TICKET_004487,PROD_012,1,3000
TICKET_004487,PROD_026,1,3500
TICKET_004488,PROD_001,1,2500
TICKET_004489,PROD_002,1,3500
TICKET_004489,PROD_017,1,2800
TICKET_004490,PROD_002,1,3500
TICKET_004491,PROD_003,1,4500
TICKET_004491,PROD_023,1,3500
TICKET_004492,PROD_033,1,1500
TICKET_004493,PROD_022,1,3500
TICKET_004494,PROD_002,2,3500
TICKET_004494,PROD_017,1,2800
TICKET_004495,PROD_001,2,2500
TICKET_004495,PROD_010,1,3500
TICKET_004496,PROD_031,1,4500
TICKET_004496,PROD_003,1,4500
TICKET_004496,PROD_021,1,3500
TICKET_004497,PROD_026,1,3500
TICKET_004498,PROD_005,1,4000
TICKET_004499,PROD_005,1,4000
TICKET_004500,PROD_028,1,2000
TICKET_004501,PROD_024,1,3000
TICKET_004501,PROD_020,1,3200
TICKET_004502,PROD_019,1,3200
TICKET_004502,PROD_012,1,3000
TICKET_004503,PROD_021,1,3500
TICKET_004503,PROD_009,1,5000
TICKET_004504,PROD_003,1,4500
TICKET_004504,PROD_023,1,3500
TICKET_004505,PROD_031,1,4500
TICKET_004506,PROD_003,1,4500
TICKET_004506,PROD_023,1,3500
TICKET_004506,PROD_005,1,4000
TICKET_004507,PROD_018,1,2800
TICKET_004507,PROD_011,1,2500
TICKET_004508,PROD_031,1,4500
TICKET_004509,PROD_014,1,3800
TICKET_004510,PROD_006,1,2500
TICKET_004510,PROD_003,1,4500
TICKET_004511,PROD_015,1,2800
TICKET_004512,PROD_001,2,2500
TICKET_004513,PROD_034,1,6500
TICKET_004514,PROD_016,1,2500
TICKET_004515,PROD_001,1,2500
TICKET_004515,PROD_015,1,2800
TICKET_004516,PROD_019,1,3200
TICKET_004516,PROD_012,1,3000
TICKET_004516,PROD_014,1,3800
TICKET_004517,PROD_033,1,1500
TICKET_004518,PROD_001,1,2500
TICKET_004519,PROD_010,1,3500
TICKET_004519,PROD_016,1,2500
TICKET_004519,PROD_026,1,3500
TICKET_004520,PROD_003,1,4500
TICKET_004520,PROD_023,1,3500
TICKET_004520,PROD_001,1,2500
TICKET_004521,PROD_018,1,2800
TICKET_004521,PROD_019,1,3200
TICKET_004522,PROD_001,1,2500
TICKET_004522,PROD_015,1,2800
TICKET_004522,PROD_029,1,3000
TICKET_004522,PROD_034,1,6500
TICKET_004523,PROD_004,1,4800
TICKET_004524,PROD_009,1,5000
TICKET_004525,PROD_019,1,3200
TICKET_004525,PROD_012,1,3000
TICKET_004525,PROD_007,1,4500
TICKET_004526,PROD_002,1,3500
TICKET_004527,PROD_021,1,3500
TICKET_004527,PROD_024,1,3000
TICKET_004527,PROD_035,1,7500
TICKET_004528,PROD_001,1,2500
TICKET_004528,PROD_015,1,2800
TICKET_004529,PROD_010,1,3500
TICKET_004529,PROD_016,1,2500
TICKET_004530,PROD_001,1,2500
TICKET_004530,PROD_018,1,2800
TICKET_004531,PROD_001,1,2500
TICKET_004532,PROD_015,1,2800
TICKET_004533,PROD_003,1,4500
TICKET_004534,PROD_019,1,3200
TICKET_004534,PROD_018,1,2800
TICKET_004534,PROD_021,1,3500
TICKET_004535,PROD_005,1,4000
TICKET_004536,PROD_003,1,4500
TICKET_004536,PROD_023,1,3500
TICKET_004537,PROD_001,1,2500
TICKET_004538,PROD_001,2,2500
TICKET_004538,PROD_019,1,3200
TICKET_004539,PROD_021,1,3500
TICKET_004539,PROD_009,1,5000
TICKET_004539,PROD_012,1,3000
TICKET_004539,PROD_010,1,3500
TICKET_004540,PROD_003,1,4500
TICKET_004540,PROD_023,1,3500
TICKET_004541,PROD_001,1,2500
TICKET_004541,PROD_015,1,2800
TICKET_004542,PROD_019,1,3200
TICKET_004542,PROD_002,1,3500
TICKET_004543,PROD_021,1,3500
TICKET_004543,PROD_009,1,5000
TICKET_004543,PROD_011,1,2500
TICKET_004543,PROD_023,1,3500
TICKET_004544,PROD_012,1,3000
TICKET_004545,PROD_007,1,4500
TICKET_004546,PROD_033,1,1500
TICKET_004547,PROD_021,1,3500
TICKET_004548,PROD_020,1,3200
TICKET_004549,PROD_022,1,3500
TICKET_004550,PROD_001,1,2500
TICKET_004551,PROD_008,1,3200
TICKET_004552,PROD_001,1,2500
TICKET_004552,PROD_035,1,7500
TICKET_004552,PROD_024,1,3000
TICKET_004553,PROD_010,1,3500
TICKET_004553,PROD_016,1,2500
TICKET_004553,PROD_034,1,6500
TICKET_004553,PROD_001,1,2500
TICKET_004554,PROD_006,1,2500
TICKET_004554,PROD_013,1,3500
TICKET_004554,PROD_009,1,5000
TICKET_004555,PROD_031,1,4500
TICKET_004555,PROD_003,1,4500
TICKET_004555,PROD_025,1,3500
TICKET_004556,PROD_002,1,3500
TICKET_004556,PROD_033,1,1500
TICKET_004557,PROD_033,1,1500
TICKET_004558,PROD_021,1,3500
TICKET_004558,PROD_009,1,5000
TICKET_004558,PROD_032,1,2500
TICKET_004558,PROD_013,1,3500
TICKET_004559,PROD_006,1,2500
TICKET_004559,PROD_028,1,2000
TICKET_004559,PROD_022,1,3500
TICKET_004559,PROD_012,1,3000
TICKET_004560,PROD_006,1,2500
TICKET_004561,PROD_018,1,2800
TICKET_004562,PROD_001,1,2500
TICKET_004563,PROD_001,1,2500
TICKET_004563,PROD_015,1,2800
TICKET_004564,PROD_021,1,3500
TICKET_004564,PROD_009,1,5000
TICKET_004564,PROD_012,1,3000
TICKET_004565,PROD_035,1,7500
TICKET_004566,PROD_021,1,3500
TICKET_004567,PROD_005,1,4000
TICKET_004568,PROD_006,1,2500
TICKET_004569,PROD_019,1,3200
TICKET_004569,PROD_012,1,3000
TICKET_004569,PROD_034,1,6500
TICKET_004569,PROD_026,1,3500
TICKET_004570,PROD_001,1,2500
TICKET_004570,PROD_015,1,2800
TICKET_004571,PROD_019,1,3200
TICKET_004572,PROD_003,1,4500
TICKET_004572,PROD_019,1,3200
TICKET_004573,PROD_002,1,3500
TICKET_004573,PROD_017,1,2800
TICKET_004573,PROD_010,1,3500
TICKET_004573,PROD_023,1,3500
TICKET_004574,PROD_006,1,2500
TICKET_004575,PROD_014,1,3800
TICKET_004576,PROD_031,1,4500
TICKET_004576,PROD_003,1,4500
TICKET_004577,PROD_010,1,3500
TICKET_004577,PROD_028,1,2000
TICKET_004578,PROD_031,1,4500
TICKET_004578,PROD_003,1,4500
TICKET_004578,PROD_013,1,3500
TICKET_004579,PROD_001,1,2500
TICKET_004580,PROD_010,2,3500
TICKET_004580,PROD_016,1,2500
TICKET_004581,PROD_034,1,6500
TICKET_004582,PROD_001,1,2500
TICKET_004582,PROD_015,1,2800
TICKET_004583,PROD_015,1,2800
TICKET_004583,PROD_034,1,6500
TICKET_004584,PROD_032,1,2500
TICKET_004585,PROD_023,1,3500
TICKET_004586,PROD_002,1,3500
TICKET_004586,PROD_017,1,2800
TICKET_004586,PROD_024,1,3000
TICKET_004587,PROD_006,1,2500
TICKET_004587,PROD_020,1,3200
TICKET_004587,PROD_019,1,3200
TICKET_004588,PROD_022,1,3500
TICKET_004589,PROD_004,1,4800
TICKET_004590,PROD_001,2,2500
TICKET_004590,PROD_003,1,4500
TICKET_004591,PROD_001,1,2500
TICKET_004591,PROD_008,1,3200
TICKET_004592,PROD_002,1,3500
TICKET_004592,PROD_021,1,3500
TICKET_004593,PROD_034,1,6500
TICKET_004594,PROD_004,1,4800
TICKET_004595,PROD_012,1,3000
TICKET_004596,PROD_012,1,3000
TICKET_004597,PROD_026,1,3500
TICKET_004598,PROD_010,1,3500
TICKET_004598,PROD_001,1,2500
TICKET_004599,PROD_031,1,4500
TICKET_004599,PROD_003,1,4500
TICKET_004599,PROD_012,1,3000
TICKET_004600,PROD_024,1,3000
TICKET_004600,PROD_008,1,3200
TICKET_004601,PROD_012,1,3000
TICKET_004601,PROD_024,1,3000
TICKET_004602,PROD_017,1,2800
TICKET_004603,PROD_003,1,4500
TICKET_004604,PROD_014,1,3800
TICKET_004605,PROD_012,1,3000
TICKET_004605,PROD_015,1,2800
TICKET_004606,PROD_010,1,3500
TICKET_004607,PROD_010,1,3500
TICKET_004607,PROD_016,2,2500
TICKET_004608,PROD_020,1,3200
TICKET_004609,PROD_004,1,4800
TICKET_004609,PROD_001,1,2500
TICKET_004610,PROD_021,1,3500
TICKET_004611,PROD_003,1,4500
TICKET_004611,PROD_023,1,3500
TICKET_004612,PROD_002,1,3500
TICKET_004612,PROD_017,1,2800
TICKET_004613,PROD_004,1,4800
TICKET_004614,PROD_019,1,3200
TICKET_004615,PROD_034,1,6500
TICKET_004616,PROD_003,1,4500
TICKET_004617,PROD_024,1,3000
TICKET_004618,PROD_030,1,4500
TICKET_004619,PROD_006,1,2500
TICKET_004619,PROD_031,1,4500
TICKET_004620,PROD_006,1,2500
TICKET_004620,PROD_009,1,5000
TICKET_004621,PROD_022,1,3500
TICKET_004622,PROD_012,2,3000
TICKET_004622,PROD_004,1,4800
TICKET_004623,PROD_020,1,3200
TICKET_004624,PROD_024,1,3000
TICKET_004625,PROD_003,2,4500
TICKET_004625,PROD_023,1,3500
TICKET_004626,PROD_012,1,3000
TICKET_004626,PROD_024,1,3000
TICKET_004627,PROD_009,1,5000
TICKET_004628,PROD_017,1,2800
TICKET_004629,PROD_006,1,2500
TICKET_004629,PROD_028,1,2000
TICKET_004629,PROD_008,1,3200
TICKET_004629,PROD_012,1,3000
TICKET_004630,PROD_031,1,4500
TICKET_004630,PROD_018,2,2800
TICKET_004631,PROD_031,1,4500
TICKET_004631,PROD_012,2,3000
TICKET_004632,PROD_012,2,3000
TICKET_004632,PROD_024,1,3000
TICKET_004633,PROD_002,1,3500
TICKET_004633,PROD_017,1,2800
TICKET_004633,PROD_026,1,3500
TICKET_004634,PROD_014,1,3800
TICKET_004635,PROD_026,1,3500
TICKET_004636,PROD_001,1,2500
TICKET_004636,PROD_007,1,4500
TICKET_004637,PROD_012,1,3000
TICKET_004637,PROD_024,1,3000
TICKET_004638,PROD_012,1,3000
TICKET_004638,PROD_024,1,3000
TICKET_004638,PROD_019,1,3200
TICKET_004639,PROD_003,1,4500
TICKET_004639,PROD_008,1,3200
TICKET_004640,PROD_015,1,2800
TICKET_004641,PROD_021,1,3500
TICKET_004642,PROD_001,2,2500
TICKET_004642,PROD_005,1,4000
TICKET_004643,PROD_004,1,4800
TICKET_004644,PROD_010,1,3500
TICKET_004644,PROD_016,1,2500
TICKET_004644,PROD_015,1,2800
TICKET_004645,PROD_009,1,5000
TICKET_004646,PROD_019,1,3200
TICKET_004646,PROD_012,2,3000
TICKET_004647,PROD_001,1,2500
TICKET_004648,PROD_003,1,4500
TICKET_004648,PROD_023,1,3500
TICKET_004649,PROD_018,1,2800
TICKET_004650,PROD_031,1,4500
TICKET_004650,PROD_003,1,4500
TICKET_004650,PROD_023,1,3500
TICKET_004651,PROD_008,1,3200
TICKET_004652,PROD_011,1,2500
TICKET_004653,PROD_003,1,4500
TICKET_004653,PROD_029,1,3000
TICKET_004654,PROD_006,1,2500
TICKET_004655,PROD_012,1,3000
TICKET_004655,PROD_024,1,3000
TICKET_004655,PROD_008,1,3200
TICKET_004656,PROD_014,1,3800
TICKET_004657,PROD_001,1,2500
TICKET_004657,PROD_015,1,2800
TICKET_004657,PROD_002,1,3500
TICKET_004658,PROD_021,1,3500
TICKET_004658,PROD_009,1,5000
TICKET_004658,PROD_025,1,3500
TICKET_004659,PROD_021,1,3500
TICKET_004659,PROD_009,1,5000
TICKET_004660,PROD_023,1,3500
TICKET_004661,PROD_004,1,4800
TICKET_004661,PROD_013,1,3500
TICKET_004662,PROD_006,1,2500
TICKET_004662,PROD_014,1,3800
TICKET_004662,PROD_033,1,1500
TICKET_004663,PROD_001,2,2500
TICKET_004664,PROD_001,1,2500
TICKET_004665,PROD_021,1,3500
TICKET_004665,PROD_009,1,5000
TICKET_004666,PROD_031,1,4500
TICKET_004666,PROD_003,1,4500
TICKET_004667,PROD_019,1,3200
TICKET_004667,PROD_012,1,3000
TICKET_004668,PROD_003,1,4500
TICKET_004668,PROD_010,1,3500
TICKET_004669,PROD_003,1,4500
TICKET_004669,PROD_023,1,3500
TICKET_004669,PROD_028,1,2000
TICKET_004669,PROD_030,1,4500
TICKET_004670,PROD_012,1,3000
TICKET_004670,PROD_002,1,3500
TICKET_004671,PROD_001,1,2500
TICKET_004672,PROD_022,1,3500
TICKET_004673,PROD_018,1,2800
TICKET_004674,PROD_019,1,3200
TICKET_004674,PROD_012,1,3000
TICKET_004674,PROD_014,1,3800
TICKET_004674,PROD_031,1,4500
TICKET_004675,PROD_001,2,2500
TICKET_004676,PROD_005,1,4000
TICKET_004677,PROD_019,1,3200
TICKET_004678,PROD_019,1,3200
TICKET_004679,PROD_021,1,3500
TICKET_004679,PROD_009,1,5000
TICKET_004680,PROD_010,1,3500
TICKET_004681,PROD_001,1,2500
TICKET_004681,PROD_015,1,2800
TICKET_004681,PROD_012,1,3000
TICKET_004682,PROD_027,1,2500
TICKET_004683,PROD_002,1,3500
TICKET_004683,PROD_017,1,2800
TICKET_004683,PROD_012,1,3000
TICKET_004683,PROD_029,1,3000
TICKET_004684,PROD_006,1,2500
TICKET_004684,PROD_024,1,3000
TICKET_004685,PROD_028,1,2000
TICKET_004685,PROD_031,1,4500
TICKET_004686,PROD_021,1,3500
TICKET_004686,PROD_009,1,5000
TICKET_004686,PROD_006,1,2500
TICKET_004686,PROD_028,1,2000
TICKET_004687,PROD_010,1,3500
TICKET_004687,PROD_016,1,2500
TICKET_004688,PROD_009,1,5000
TICKET_004689,PROD_019,1,3200
TICKET_004689,PROD_012,1,3000
TICKET_004689,PROD_003,1,4500
TICKET_004689,PROD_027,1,2500
TICKET_004690,PROD_019,1,3200
TICKET_004691,PROD_019,1,3200
TICKET_004691,PROD_028,1,2000
TICKET_004692,PROD_002,1,3500
TICKET_004693,PROD_003,1,4500
TICKET_004693,PROD_023,1,3500
TICKET_004693,PROD_027,1,2500
TICKET_004694,PROD_016,1,2500
TICKET_004695,PROD_021,1,3500
TICKET_004695,PROD_009,1,5000
TICKET_004695,PROD_018,1,2800
TICKET_004695,PROD_031,1,4500
TICKET_004696,PROD_021,1,3500
TICKET_004696,PROD_034,1,6500
TICKET_004697,PROD_007,1,4500
TICKET_004698,PROD_020,1,3200
TICKET_004699,PROD_019,1,3200
TICKET_004700,PROD_031,1,4500
TICKET_004700,PROD_003,1,4500
TICKET_004701,PROD_003,1,4500
TICKET_004702,PROD_006,1,2500
TICKET_004702,PROD_028,1,2000
TICKET_004703,PROD_023,1,3500
TICKET_004704,PROD_002,1,3500
TICKET_004704,PROD_017,1,2800
TICKET_004705,PROD_001,1,2500
TICKET_004705,PROD_015,1,2800
TICKET_004706,PROD_002,1,3500
TICKET_004706,PROD_017,1,2800
TICKET_004707,PROD_007,1,4500
TICKET_004708,PROD_006,1,2500
TICKET_004708,PROD_008,1,3200
TICKET_004709,PROD_003,1,4500
TICKET_004709,PROD_010,1,3500
TICKET_004710,PROD_001,1,2500
TICKET_004710,PROD_013,1,3500
TICKET_004710,PROD_034,1,6500
TICKET_004711,PROD_019,1,3200
TICKET_004711,PROD_012,1,3000
TICKET_004712,PROD_002,1,3500
TICKET_004712,PROD_017,1,2800
TICKET_004712,PROD_020,1,3200
TICKET_004712,PROD_025,1,3500
TICKET_004713,PROD_004,1,4800
TICKET_004713,PROD_018,1,2800
TICKET_004714,PROD_001,1,2500
TICKET_004714,PROD_015,1,2800
TICKET_004714,PROD_029,1,3000
TICKET_004714,PROD_031,1,4500
TICKET_004715,PROD_001,1,2500
TICKET_004715,PROD_015,1,2800
TICKET_004716,PROD_021,1,3500
TICKET_004717,PROD_004,1,4800
TICKET_004718,PROD_030,1,4500
TICKET_004719,PROD_010,1,3500
TICKET_004719,PROD_004,1,4800
TICKET_004720,PROD_019,1,3200
TICKET_004720,PROD_012,1,3000
TICKET_004721,PROD_030,1,4500
TICKET_004722,PROD_002,1,3500
TICKET_004722,PROD_004,1,4800
TICKET_004723,PROD_010,1,3500
TICKET_004724,PROD_021,1,3500
TICKET_004724,PROD_009,1,5000
TICKET_004725,PROD_019,1,3200
TICKET_004725,PROD_012,1,3000
TICKET_004725,PROD_026,1,3500
TICKET_004726,PROD_001,2,2500
TICKET_004727,PROD_001,2,2500
TICKET_004728,PROD_024,1,3000
TICKET_004729,PROD_001,1,2500
TICKET_004729,PROD_015,1,2800
TICKET_004729,PROD_019,1,3200
TICKET_004729,PROD_034,1,6500
TICKET_004730,PROD_001,1,2500
TICKET_004730,PROD_015,1,2800
TICKET_004731,PROD_022,1,3500
TICKET_004732,PROD_016,1,2500
TICKET_004732,PROD_010,1,3500
TICKET_004733,PROD_014,1,3800
TICKET_004733,PROD_009,1,5000
TICKET_004734,PROD_031,1,4500
TICKET_004734,PROD_003,1,4500
TICKET_004735,PROD_010,1,3500
TICKET_004735,PROD_016,1,2500
TICKET_004736,PROD_010,1,3500
TICKET_004737,PROD_003,1,4500
TICKET_004737,PROD_016,1,2500
TICKET_004738,PROD_032,1,2500
TICKET_004739,PROD_010,1,3500
TICKET_004739,PROD_016,1,2500
TICKET_004739,PROD_018,1,2800
TICKET_004740,PROD_005,1,4000
TICKET_004741,PROD_001,1,2500
TICKET_004741,PROD_013,1,3500
TICKET_004742,PROD_016,1,2500
TICKET_004743,PROD_018,1,2800
TICKET_004744,PROD_022,1,3500
TICKET_004745,PROD_007,1,4500
TICKET_004746,PROD_002,1,3500
TICKET_004746,PROD_017,1,2800
TICKET_004746,PROD_032,1,2500
TICKET_004747,PROD_002,1,3500
TICKET_004747,PROD_017,1,2800
TICKET_004747,PROD_003,1,4500
TICKET_004748,PROD_003,1,4500
TICKET_004748,PROD_023,1,3500
TICKET_004748,PROD_033,1,1500
TICKET_004749,PROD_008,1,3200
TICKET_004750,PROD_010,1,3500
TICKET_004751,PROD_034,1,6500
TICKET_004752,PROD_002,2,3500
TICKET_004752,PROD_021,1,3500
TICKET_004753,PROD_018,1,2800
TICKET_004754,PROD_017,1,2800
TICKET_004755,PROD_003,1,4500
TICKET_004755,PROD_023,1,3500
TICKET_004756,PROD_008,1,3200
TICKET_004757,PROD_013,1,3500
TICKET_004757,PROD_008,1,3200
TICKET_004758,PROD_013,1,3500
TICKET_004759,PROD_006,1,2500
TICKET_004759,PROD_028,1,2000
TICKET_004759,PROD_008,1,3200
TICKET_004759,PROD_018,1,2800
TICKET_004760,PROD_021,1,3500
TICKET_004760,PROD_009,1,5000
TICKET_004760,PROD_020,1,3200
TICKET_004761,PROD_001,1,2500
TICKET_004762,PROD_001,2,2500
TICKET_004762,PROD_031,1,4500
TICKET_004763,PROD_003,1,4500
TICKET_004763,PROD_009,1,5000
TICKET_004764,PROD_030,1,4500
TICKET_004764,PROD_019,1,3200
TICKET_004765,PROD_006,1,2500
TICKET_004765,PROD_035,1,7500
TICKET_004765,PROD_013,1,3500
TICKET_004766,PROD_010,1,3500
TICKET_004766,PROD_016,1,2500
TICKET_004766,PROD_012,1,3000
TICKET_004766,PROD_022,1,3500
TICKET_004767,PROD_013,1,3500
TICKET_004768,PROD_012,1,3000
TICKET_004768,PROD_017,1,2800
TICKET_004769,PROD_006,1,2500
TICKET_004770,PROD_025,1,3500
TICKET_004770,PROD_031,1,4500
TICKET_004771,PROD_019,1,3200
TICKET_004771,PROD_028,1,2000
TICKET_004772,PROD_012,1,3000
TICKET_004772,PROD_024,1,3000
TICKET_004773,PROD_001,1,2500
TICKET_004774,PROD_025,1,3500
TICKET_004775,PROD_001,1,2500
TICKET_004775,PROD_014,1,3800
TICKET_004776,PROD_002,1,3500
TICKET_004776,PROD_017,1,2800
TICKET_004776,PROD_012,1,3000
TICKET_004777,PROD_003,1,4500
TICKET_004778,PROD_012,1,3000
TICKET_004778,PROD_024,1,3000
TICKET_004779,PROD_002,1,3500
TICKET_004779,PROD_001,1,2500
TICKET_004779,PROD_013,1,3500
TICKET_004780,PROD_031,1,4500
TICKET_004780,PROD_003,1,4500
TICKET_004781,PROD_009,1,5000
TICKET_004782,PROD_002,1,3500
TICKET_004782,PROD_017,1,2800
TICKET_004782,PROD_019,1,3200
TICKET_004783,PROD_023,1,3500
TICKET_004784,PROD_001,1,2500
TICKET_004785,PROD_002,1,3500
TICKET_004785,PROD_017,1,2800
TICKET_004785,PROD_028,1,2000
TICKET_004786,PROD_010,1,3500
TICKET_004787,PROD_024,1,3000
TICKET_004788,PROD_022,1,3500
TICKET_004789,PROD_003,1,4500
TICKET_004789,PROD_023,1,3500
TICKET_004790,PROD_010,1,3500
TICKET_004790,PROD_016,1,2500
TICKET_004791,PROD_033,1,1500
TICKET_004792,PROD_012,1,3000
TICKET_004792,PROD_024,1,3000
TICKET_004792,PROD_004,1,4800
TICKET_004793,PROD_034,1,6500
TICKET_004794,PROD_031,1,4500
TICKET_004795,PROD_035,1,7500
TICKET_004795,PROD_012,1,3000
TICKET_004796,PROD_031,1,4500
TICKET_004797,PROD_014,1,3800
TICKET_004798,PROD_023,1,3500
TICKET_004798,PROD_033,1,1500
TICKET_004799,PROD_004,1,4800
TICKET_004800,PROD_012,1,3000
TICKET_004800,PROD_007,1,4500
TICKET_004800,PROD_004,1,4800
TICKET_004801,PROD_009,1,5000
TICKET_004801,PROD_027,1,2500
TICKET_004802,PROD_006,1,2500
TICKET_004803,PROD_013,1,3500
TICKET_004804,PROD_014,1,3800
TICKET_004805,PROD_013,1,3500
TICKET_004805,PROD_002,1,3500
TICKET_004806,PROD_029,1,3000
TICKET_004806,PROD_026,1,3500
TICKET_004807,PROD_005,1,4000
TICKET_004808,PROD_001,1,2500
TICKET_004809,PROD_010,1,3500
TICKET_004809,PROD_016,1,2500
TICKET_004809,PROD_026,1,3500
TICKET_004810,PROD_016,1,2500
TICKET_004811,PROD_032,1,2500
TICKET_004812,PROD_001,1,2500
TICKET_004812,PROD_015,1,2800
TICKET_004813,PROD_001,1,2500
TICKET_004813,PROD_026,1,3500
TICKET_004814,PROD_018,1,2800
TICKET_004815,PROD_003,1,4500
TICKET_004815,PROD_024,1,3000
TICKET_004816,PROD_021,1,3500
TICKET_004816,PROD_009,1,5000
TICKET_004817,PROD_012,1,3000
TICKET_004817,PROD_024,1,3000
TICKET_004818,PROD_010,1,3500
TICKET_004819,PROD_015,1,2800
TICKET_004819,PROD_013,1,3500
TICKET_004820,PROD_031,1,4500
TICKET_004820,PROD_003,1,4500
TICKET_004820,PROD_008,2,3200
TICKET_004821,PROD_024,1,3000
TICKET_004822,PROD_026,1,3500
TICKET_004823,PROD_002,1,3500
TICKET_004824,PROD_003,1,4500
TICKET_004825,PROD_030,1,4500
TICKET_004826,PROD_024,1,3000
TICKET_004827,PROD_008,1,3200
TICKET_004828,PROD_006,1,2500
TICKET_004829,PROD_021,1,3500
TICKET_004829,PROD_009,1,5000
TICKET_004829,PROD_029,1,3000
TICKET_004830,PROD_009,1,5000
TICKET_004831,PROD_016,1,2500
TICKET_004831,PROD_004,1,4800
TICKET_004832,PROD_012,1,3000
TICKET_004832,PROD_024,1,3000
TICKET_004833,PROD_014,1,3800
TICKET_004834,PROD_011,1,2500
TICKET_004835,PROD_019,1,3200
TICKET_004836,PROD_004,1,4800
TICKET_004837,PROD_001,1,2500
TICKET_004838,PROD_006,1,2500
TICKET_004838,PROD_028,1,2000
TICKET_004838,PROD_008,1,3200
TICKET_004839,PROD_006,1,2500
TICKET_004839,PROD_028,1,2000
TICKET_004840,PROD_001,1,2500
TICKET_004840,PROD_015,1,2800
TICKET_004841,PROD_031,1,4500
TICKET_004842,PROD_010,1,3500
TICKET_004842,PROD_016,1,2500
TICKET_004843,PROD_019,1,3200
TICKET_004844,PROD_006,1,2500
TICKET_004845,PROD_012,1,3000
TICKET_004845,PROD_010,1,3500
TICKET_004846,PROD_008,1,3200
TICKET_004847,PROD_010,1,3500
TICKET_004848,PROD_006,1,2500
TICKET_004848,PROD_004,1,4800
TICKET_004848,PROD_015,1,2800
TICKET_004849,PROD_021,1,3500
TICKET_004849,PROD_009,1,5000
TICKET_004849,PROD_022,1,3500
TICKET_004850,PROD_031,1,4500
TICKET_004850,PROD_003,1,4500
TICKET_004851,PROD_010,1,3500
TICKET_004851,PROD_016,1,2500
TICKET_004852,PROD_021,1,3500
TICKET_004852,PROD_009,1,5000
TICKET_004852,PROD_035,1,7500
TICKET_004852,PROD_012,1,3000
TICKET_004853,PROD_031,1,4500
TICKET_004854,PROD_010,1,3500
TICKET_004854,PROD_029,1,3000
TICKET_004855,PROD_017,1,2800
TICKET_004855,PROD_035,1,7500
TICKET_004856,PROD_022,1,3500
TICKET_004857,PROD_015,1,2800
TICKET_004858,PROD_029,1,3000
TICKET_004859,PROD_014,1,3800
TICKET_004860,PROD_006,1,2500
TICKET_004860,PROD_028,1,2000
TICKET_004861,PROD_002,1,3500
TICKET_004861,PROD_017,1,2800
TICKET_004861,PROD_025,1,3500
TICKET_004861,PROD_021,1,3500
TICKET_004862,PROD_021,1,3500
TICKET_004863,PROD_001,1,2500
TICKET_004863,PROD_015,1,2800
TICKET_004863,PROD_034,1,6500
TICKET_004864,PROD_003,1,4500
TICKET_004864,PROD_025,1,3500
TICKET_004864,PROD_008,1,3200
TICKET_004865,PROD_001,1,2500
TICKET_004865,PROD_015,1,2800
TICKET_004866,PROD_030,1,4500
TICKET_004867,PROD_001,1,2500
TICKET_004867,PROD_024,1,3000
TICKET_004867,PROD_002,1,3500
TICKET_004868,PROD_001,1,2500
TICKET_004868,PROD_015,1,2800
TICKET_004868,PROD_013,1,3500
TICKET_004869,PROD_029,1,3000
TICKET_004870,PROD_031,1,4500
TICKET_004870,PROD_003,1,4500
TICKET_004870,PROD_009,1,5000
TICKET_004870,PROD_016,1,2500
TICKET_004871,PROD_031,1,4500
TICKET_004871,PROD_003,1,4500
TICKET_004871,PROD_004,1,4800
TICKET_004871,PROD_028,1,2000
TICKET_004872,PROD_002,1,3500
TICKET_004873,PROD_021,1,3500
TICKET_004874,PROD_012,1,3000
TICKET_004874,PROD_024,1,3000
TICKET_004875,PROD_023,1,3500
TICKET_004876,PROD_026,1,3500
TICKET_004877,PROD_012,1,3000
TICKET_004877,PROD_024,1,3000
TICKET_004877,PROD_013,1,3500
TICKET_004877,PROD_031,1,4500
TICKET_004878,PROD_003,1,4500
TICKET_004878,PROD_023,1,3500
TICKET_004878,PROD_034,1,6500
TICKET_004879,PROD_006,1,2500
TICKET_004879,PROD_005,1,4000
TICKET_004879,PROD_024,1,3000
TICKET_004880,PROD_001,2,2500
TICKET_004881,PROD_031,1,4500
TICKET_004881,PROD_020,1,3200
TICKET_004882,PROD_006,1,2500
TICKET_004882,PROD_028,1,2000
TICKET_004882,PROD_022,1,3500
TICKET_004882,PROD_023,1,3500
TICKET_004883,PROD_006,1,2500
TICKET_004883,PROD_028,1,2000
TICKET_004883,PROD_013,1,3500
TICKET_004883,PROD_033,1,1500
TICKET_004884,PROD_002,1,3500
TICKET_004884,PROD_017,1,2800
TICKET_004884,PROD_034,1,6500
TICKET_004884,PROD_031,1,4500
TICKET_004885,PROD_022,1,3500
TICKET_004886,PROD_034,1,6500
TICKET_004886,PROD_008,1,3200
TICKET_004887,PROD_002,1,3500
TICKET_004887,PROD_017,1,2800
TICKET_004887,PROD_031,1,4500
TICKET_004887,PROD_028,1,2000
TICKET_004888,PROD_019,1,3200
TICKET_004889,PROD_019,1,3200
TICKET_004889,PROD_012,1,3000
TICKET_004889,PROD_035,1,7500
TICKET_004890,PROD_008,1,3200
TICKET_004891,PROD_018,1,2800
TICKET_004892,PROD_002,1,3500
TICKET_004893,PROD_001,1,2500
TICKET_004893,PROD_015,1,2800
TICKET_004894,PROD_031,1,4500
TICKET_004894,PROD_002,1,3500
TICKET_004894,PROD_003,1,4500
TICKET_004895,PROD_028,1,2000
TICKET_004896,PROD_006,1,2500
TICKET_004896,PROD_028,1,2000
TICKET_004897,PROD_001,1,2500
TICKET_004897,PROD_015,1,2800
TICKET_004897,PROD_002,1,3500
TICKET_004898,PROD_019,1,3200
TICKET_004898,PROD_012,1,3000
TICKET_004899,PROD_002,1,3500
TICKET_004900,PROD_019,1,3200
TICKET_004900,PROD_012,1,3000
TICKET_004900,PROD_024,1,3000
TICKET_004900,PROD_002,1,3500
TICKET_004901,PROD_021,1,3500
TICKET_004901,PROD_003,1,4500
TICKET_004901,PROD_034,1,6500
TICKET_004902,PROD_008,1,3200
TICKET_004902,PROD_014,1,3800
TICKET_004903,PROD_001,1,2500
TICKET_004904,PROD_010,1,3500
TICKET_004904,PROD_028,2,2000
TICKET_004905,PROD_001,2,2500
TICKET_004905,PROD_024,1,3000
TICKET_004906,PROD_021,1,3500
TICKET_004906,PROD_012,1,3000
TICKET_004906,PROD_010,1,3500
TICKET_004907,PROD_001,1,2500
TICKET_004907,PROD_015,1,2800
TICKET_004907,PROD_032,1,2500
TICKET_004907,PROD_010,1,3500
TICKET_004908,PROD_018,1,2800
TICKET_004908,PROD_001,1,2500
TICKET_004909,PROD_006,1,2500
TICKET_004910,PROD_003,1,4500
TICKET_004910,PROD_023,1,3500
TICKET_004910,PROD_010,1,3500
TICKET_004910,PROD_017,1,2800
TICKET_004911,PROD_014,1,3800
TICKET_004912,PROD_012,1,3000
TICKET_004912,PROD_024,1,3000
TICKET_004913,PROD_007,1,4500
TICKET_004914,PROD_001,1,2500
TICKET_004914,PROD_016,1,2500
TICKET_004915,PROD_001,1,2500
TICKET_004916,PROD_006,1,2500
TICKET_004917,PROD_032,1,2500
TICKET_004918,PROD_025,1,3500
TICKET_004919,PROD_004,1,4800
TICKET_004919,PROD_008,1,3200
TICKET_004920,PROD_012,1,3000
TICKET_004921,PROD_019,1,3200
TICKET_004921,PROD_012,2,3000
TICKET_004921,PROD_023,1,3500
TICKET_004922,PROD_010,1,3500
TICKET_004923,PROD_001,1,2500
TICKET_004923,PROD_015,1,2800
TICKET_004924,PROD_001,1,2500
TICKET_004924,PROD_015,1,2800
TICKET_004924,PROD_008,1,3200
TICKET_004925,PROD_031,1,4500
TICKET_004925,PROD_003,1,4500
TICKET_004926,PROD_021,1,3500
TICKET_004926,PROD_013,1,3500
TICKET_004927,PROD_019,1,3200
TICKET_004928,PROD_031,1,4500
TICKET_004928,PROD_003,1,4500
TICKET_004928,PROD_002,1,3500
TICKET_004929,PROD_012,1,3000
TICKET_004929,PROD_024,1,3000
TICKET_004930,PROD_003,1,4500
TICKET_004930,PROD_023,1,3500
TICKET_004931,PROD_027,1,2500
TICKET_004931,PROD_010,1,3500
TICKET_004932,PROD_002,1,3500
TICKET_004932,PROD_003,1,4500
TICKET_004933,PROD_006,1,2500
TICKET_004933,PROD_029,1,3000
TICKET_004934,PROD_003,1,4500
TICKET_004935,PROD_023,1,3500
TICKET_004936,PROD_019,1,3200
TICKET_004936,PROD_012,1,3000
TICKET_004936,PROD_026,1,3500
TICKET_004936,PROD_011,1,2500
TICKET_004937,PROD_031,1,4500
TICKET_004937,PROD_003,1,4500
TICKET_004938,PROD_006,1,2500
TICKET_004938,PROD_028,1,2000
TICKET_004939,PROD_023,1,3500
TICKET_004940,PROD_012,1,3000
TICKET_004940,PROD_024,1,3000
TICKET_004941,PROD_002,1,3500
TICKET_004942,PROD_001,2,2500
TICKET_004942,PROD_014,1,3800
TICKET_004943,PROD_031,1,4500
TICKET_004944,PROD_012,1,3000
TICKET_004944,PROD_024,1,3000
TICKET_004945,PROD_031,1,4500
TICKET_004945,PROD_003,1,4500
TICKET_004946,PROD_001,1,2500
TICKET_004946,PROD_015,1,2800
TICKET_004947,PROD_021,1,3500
TICKET_004947,PROD_031,1,4500
TICKET_004948,PROD_010,1,3500
TICKET_004948,PROD_016,1,2500
TICKET_004949,PROD_023,1,3500
TICKET_004950,PROD_011,1,2500
TICKET_004950,PROD_004,1,4800
TICKET_004951,PROD_026,1,3500
TICKET_004952,PROD_003,1,4500
TICKET_004953,PROD_012,1,3000
TICKET_004953,PROD_024,1,3000
TICKET_004953,PROD_005,1,4000
TICKET_004953,PROD_009,1,5000
TICKET_004954,PROD_031,1,4500
TICKET_004954,PROD_003,1,4500
TICKET_004954,PROD_024,1,3000
TICKET_004954,PROD_013,1,3500
TICKET_004955,PROD_026,1,3500
TICKET_004956,PROD_005,1,4000
TICKET_004957,PROD_006,1,2500
TICKET_004957,PROD_028,1,2000
TICKET_004958,PROD_001,1,2500
TICKET_004959,PROD_017,1,2800
TICKET_004959,PROD_014,1,3800
TICKET_004960,PROD_031,1,4500
TICKET_004961,PROD_001,1,2500
TICKET_004961,PROD_011,1,2500
TICKET_004962,PROD_021,1,3500
TICKET_004962,PROD_009,1,5000
TICKET_004963,PROD_010,1,3500
TICKET_004963,PROD_035,1,7500
TICKET_004964,PROD_030,1,4500
TICKET_004965,PROD_002,1,3500
TICKET_004965,PROD_001,1,2500
TICKET_004966,PROD_021,1,3500
TICKET_004966,PROD_009,1,5000
TICKET_004966,PROD_034,1,6500
TICKET_004966,PROD_018,1,2800
TICKET_004967,PROD_006,1,2500
TICKET_004968,PROD_010,1,3500
TICKET_004968,PROD_016,1,2500
TICKET_004969,PROD_002,1,3500
TICKET_004969,PROD_017,1,2800
TICKET_004969,PROD_028,1,2000
TICKET_004970,PROD_001,1,2500
TICKET_004971,PROD_032,1,2500
TICKET_004972,PROD_010,1,3500
TICKET_004972,PROD_016,1,2500
TICKET_004973,PROD_006,1,2500
TICKET_004974,PROD_026,1,3500
TICKET_004975,PROD_010,1,3500
TICKET_004975,PROD_016,1,2500
TICKET_004975,PROD_026,1,3500
TICKET_004975,PROD_028,1,2000
TICKET_004976,PROD_021,1,3500
TICKET_004976,PROD_020,1,3200
TICKET_004977,PROD_024,1,3000
TICKET_004978,PROD_002,1,3500
TICKET_004979,PROD_017,1,2800
TICKET_004980,PROD_004,1,4800
TICKET_004981,PROD_001,2,2500
TICKET_004981,PROD_015,1,2800
TICKET_004982,PROD_001,1,2500
TICKET_004982,PROD_015,1,2800
TICKET_004982,PROD_009,1,5000
TICKET_004983,PROD_004,1,4800
TICKET_004984,PROD_021,1,3500
TICKET_004984,PROD_009,1,5000
TICKET_004984,PROD_029,1,3000
TICKET_004985,PROD_003,1,4500
TICKET_004985,PROD_023,1,3500
TICKET_004986,PROD_010,1,3500
TICKET_004986,PROD_016,1,2500
TICKET_004986,PROD_025,1,3500
TICKET_004987,PROD_010,1,3500
TICKET_004987,PROD_031,1,4500
TICKET_004987,PROD_013,1,3500
TICKET_004988,PROD_035,1,7500
TICKET_004989,PROD_021,1,3500
TICKET_004989,PROD_009,1,5000
TICKET_004989,PROD_010,1,3500
TICKET_004990,PROD_001,1,2500
TICKET_004990,PROD_015,1,2800
TICKET_004991,PROD_031,1,4500
TICKET_004991,PROD_003,1,4500
TICKET_004992,PROD_021,1,3500
TICKET_004992,PROD_003,1,4500
TICKET_004992,PROD_028,1,2000
TICKET_004993,PROD_024,1,3000
TICKET_004994,PROD_012,1,3000
TICKET_004994,PROD_028,1,2000
TICKET_004994,PROD_009,1,5000
TICKET_004995,PROD_021,1,3500
TICKET_004995,PROD_010,1,3500
TICKET_004996,PROD_006,1,2500
TICKET_004997,PROD_012,1,3000
TICKET_004998,PROD_003,1,4500
TICKET_004999,PROD_010,1,3500
TICKET_004999,PROD_016,1,2500
TICKET_004999,PROD_013,1,3500
TICKET_004999,PROD_003,1,4500
TICKET_005000,PROD_035,1,7500
TICKET_005001,PROD_008,1,3200
TICKET_005002,PROD_028,1,2000
TICKET_005003,PROD_018,1,2800
TICKET_005004,PROD_010,1,3500
TICKET_005004,PROD_016,1,2500
TICKET_005004,PROD_029,1,3000
TICKET_005004,PROD_013,1,3500
TICKET_005005,PROD_001,1,2500
TICKET_005005,PROD_015,1,2800
TICKET_005005,PROD_035,1,7500
TICKET_005006,PROD_002,1,3500
TICKET_005006,PROD_017,1,2800
TICKET_005006,PROD_012,1,3000
TICKET_005007,PROD_008,1,3200
TICKET_005008,PROD_001,1,2500
TICKET_005008,PROD_015,1,2800
TICKET_005008,PROD_026,1,3500
TICKET_005009,PROD_021,1,3500
TICKET_005009,PROD_009,1,5000
TICKET_005010,PROD_003,1,4500
TICKET_005010,PROD_023,1,3500
TICKET_005011,PROD_021,1,3500
TICKET_005011,PROD_012,1,3000
TICKET_005012,PROD_021,1,3500
TICKET_005013,PROD_002,1,3500
TICKET_005013,PROD_017,1,2800
TICKET_005014,PROD_012,1,3000
TICKET_005014,PROD_024,1,3000
TICKET_005015,PROD_012,1,3000
TICKET_005015,PROD_024,1,3000
TICKET_005016,PROD_003,1,4500
TICKET_005017,PROD_006,1,2500
TICKET_005018,PROD_022,1,3500
TICKET_005019,PROD_013,1,3500
TICKET_005020,PROD_001,2,2500
TICKET_005021,PROD_010,1,3500
TICKET_005021,PROD_016,1,2500
TICKET_005022,PROD_031,1,4500
TICKET_005022,PROD_008,1,3200
TICKET_005023,PROD_003,1,4500
TICKET_005023,PROD_023,1,3500
TICKET_005024,PROD_003,1,4500
TICKET_005024,PROD_023,1,3500
TICKET_005025,PROD_001,1,2500
TICKET_005025,PROD_015,1,2800
TICKET_005026,PROD_018,1,2800
TICKET_005027,PROD_002,1,3500
TICKET_005027,PROD_017,1,2800
TICKET_005028,PROD_019,1,3200
TICKET_005028,PROD_012,1,3000
TICKET_005029,PROD_001,1,2500
TICKET_005029,PROD_015,1,2800
TICKET_005029,PROD_002,1,3500
TICKET_005030,PROD_001,2,2500
TICKET_005030,PROD_004,1,4800
TICKET_005030,PROD_014,1,3800
TICKET_005031,PROD_001,1,2500
TICKET_005031,PROD_015,1,2800
TICKET_005032,PROD_031,1,4500
TICKET_005032,PROD_003,1,4500
TICKET_005032,PROD_035,1,7500
TICKET_005033,PROD_021,1,3500
TICKET_005033,PROD_009,1,5000
TICKET_005033,PROD_018,1,2800
TICKET_005034,PROD_004,1,4800
TICKET_005035,PROD_010,1,3500
TICKET_005035,PROD_016,1,2500
TICKET_005036,PROD_015,1,2800
TICKET_005037,PROD_019,1,3200
TICKET_005037,PROD_012,1,3000
TICKET_005037,PROD_035,1,7500
TICKET_005038,PROD_035,1,7500
TICKET_005039,PROD_006,1,2500
TICKET_005039,PROD_028,1,2000
TICKET_005039,PROD_009,1,5000
TICKET_005039,PROD_017,1,2800
TICKET_005040,PROD_012,1,3000
TICKET_005041,PROD_001,1,2500
TICKET_005042,PROD_031,1,4500
TICKET_005042,PROD_009,1,5000
TICKET_005042,PROD_027,1,2500
TICKET_005043,PROD_021,1,3500
TICKET_005043,PROD_009,1,5000
TICKET_005043,PROD_019,1,3200
TICKET_005044,PROD_021,2,3500
TICKET_005044,PROD_009,1,5000
TICKET_005044,PROD_028,1,2000
TICKET_005045,PROD_031,1,4500
TICKET_005046,PROD_003,1,4500
TICKET_005047,PROD_002,1,3500
TICKET_005048,PROD_012,1,3000
TICKET_005048,PROD_024,1,3000
TICKET_005048,PROD_027,1,2500
TICKET_005048,PROD_034,1,6500
TICKET_005049,PROD_031,1,4500
TICKET_005049,PROD_003,1,4500
TICKET_005049,PROD_007,1,4500
TICKET_005050,PROD_019,1,3200
TICKET_005051,PROD_003,1,4500
TICKET_005052,PROD_002,1,3500
TICKET_005052,PROD_017,1,2800
TICKET_005053,PROD_031,1,4500
TICKET_005053,PROD_003,1,4500
TICKET_005054,PROD_001,1,2500
TICKET_005054,PROD_015,1,2800
TICKET_005055,PROD_010,1,3500
TICKET_005055,PROD_016,1,2500
TICKET_005056,PROD_031,1,4500
TICKET_005056,PROD_003,1,4500
TICKET_005057,PROD_031,1,4500
TICKET_005057,PROD_012,1,3000
TICKET_005058,PROD_012,1,3000
TICKET_005058,PROD_021,1,3500
TICKET_005058,PROD_008,1,3200
TICKET_005059,PROD_012,1,3000
TICKET_005060,PROD_005,1,4000
TICKET_005061,PROD_028,1,2000
TICKET_005061,PROD_029,1,3000
TICKET_005062,PROD_002,1,3500
TICKET_005062,PROD_017,1,2800
TICKET_005063,PROD_021,1,3500
TICKET_005063,PROD_009,1,5000
TICKET_005064,PROD_003,1,4500
TICKET_005064,PROD_023,1,3500
TICKET_005064,PROD_002,1,3500
TICKET_005064,PROD_010,1,3500
TICKET_005065,PROD_030,1,4500
TICKET_005066,PROD_001,1,2500
TICKET_005067,PROD_028,1,2000
TICKET_005068,PROD_010,1,3500
TICKET_005068,PROD_016,1,2500
TICKET_005068,PROD_002,1,3500
TICKET_005068,PROD_011,1,2500
TICKET_005069,PROD_001,1,2500
TICKET_005070,PROD_001,2,2500
TICKET_005070,PROD_034,1,6500
TICKET_005071,PROD_002,1,3500
TICKET_005071,PROD_017,1,2800
TICKET_005071,PROD_009,1,5000
TICKET_005072,PROD_002,1,3500
TICKET_005072,PROD_017,1,2800
TICKET_005073,PROD_019,1,3200
TICKET_005073,PROD_012,1,3000
TICKET_005073,PROD_035,1,7500
TICKET_005074,PROD_019,1,3200
TICKET_005074,PROD_012,1,3000
TICKET_005074,PROD_008,1,3200
TICKET_005074,PROD_002,1,3500
TICKET_005075,PROD_034,1,6500
TICKET_005076,PROD_012,1,3000
TICKET_005076,PROD_024,1,3000
TICKET_005076,PROD_007,1,4500
TICKET_005076,PROD_029,1,3000
TICKET_005077,PROD_025,1,3500
TICKET_005078,PROD_024,1,3000
TICKET_005079,PROD_006,1,2500
TICKET_005079,PROD_028,1,2000
TICKET_005079,PROD_034,1,6500
TICKET_005080,PROD_012,1,3000
TICKET_005081,PROD_002,1,3500
TICKET_005081,PROD_017,1,2800
TICKET_005082,PROD_023,1,3500
TICKET_005082,PROD_010,1,3500
TICKET_005083,PROD_003,1,4500
TICKET_005084,PROD_010,1,3500
TICKET_005084,PROD_016,1,2500
TICKET_005085,PROD_019,1,3200
TICKET_005085,PROD_012,1,3000
TICKET_005086,PROD_032,1,2500
TICKET_005087,PROD_026,1,3500
TICKET_005087,PROD_008,1,3200
TICKET_005088,PROD_010,1,3500
TICKET_005088,PROD_016,1,2500
TICKET_005089,PROD_015,1,2800
TICKET_005089,PROD_006,1,2500
TICKET_005090,PROD_014,1,3800
TICKET_005091,PROD_025,1,3500
TICKET_005092,PROD_019,1,3200
TICKET_005092,PROD_021,1,3500
TICKET_005092,PROD_002,1,3500
TICKET_005093,PROD_013,1,3500
TICKET_005094,PROD_006,1,2500
TICKET_005095,PROD_016,1,2500
TICKET_005096,PROD_022,1,3500
TICKET_005097,PROD_019,1,3200
TICKET_005097,PROD_012,1,3000
TICKET_005098,PROD_031,1,4500
TICKET_005098,PROD_003,1,4500
TICKET_005098,PROD_027,1,2500
TICKET_005099,PROD_031,1,4500
TICKET_005099,PROD_034,1,6500
TICKET_005100,PROD_024,1,3000
TICKET_005101,PROD_032,1,2500
TICKET_005102,PROD_003,1,4500
TICKET_005102,PROD_023,1,3500
TICKET_005103,PROD_021,1,3500
TICKET_005103,PROD_032,1,2500
TICKET_005104,PROD_021,1,3500
TICKET_005105,PROD_001,2,2500
TICKET_005106,PROD_001,1,2500
TICKET_005106,PROD_015,1,2800
TICKET_005107,PROD_031,1,4500
TICKET_005107,PROD_022,1,3500
TICKET_005108,PROD_023,1,3500
TICKET_005109,PROD_028,1,2000
TICKET_005110,PROD_020,1,3200
TICKET_005111,PROD_001,2,2500
TICKET_005111,PROD_020,1,3200
TICKET_005112,PROD_002,1,3500
TICKET_005112,PROD_017,1,2800
TICKET_005113,PROD_010,1,3500
TICKET_005113,PROD_016,1,2500
TICKET_005113,PROD_019,1,3200
TICKET_005113,PROD_013,1,3500
TICKET_005114,PROD_031,1,4500
TICKET_005115,PROD_012,1,3000
TICKET_005116,PROD_002,1,3500
TICKET_005116,PROD_017,1,2800
TICKET_005117,PROD_012,1,3000
TICKET_005117,PROD_028,1,2000
TICKET_005118,PROD_034,1,6500
TICKET_005119,PROD_019,1,3200
TICKET_005120,PROD_008,1,3200
TICKET_005121,PROD_006,1,2500
TICKET_005121,PROD_028,1,2000
TICKET_005122,PROD_025,1,3500
TICKET_005123,PROD_021,1,3500
TICKET_005123,PROD_009,1,5000
TICKET_005123,PROD_013,1,3500
TICKET_005124,PROD_035,1,7500
TICKET_005125,PROD_032,1,2500
TICKET_005126,PROD_001,2,2500
TICKET_005126,PROD_012,1,3000
TICKET_005127,PROD_030,1,4500
TICKET_005128,PROD_019,1,3200
TICKET_005128,PROD_012,1,3000
TICKET_005128,PROD_029,1,3000
TICKET_005128,PROD_013,1,3500
TICKET_005129,PROD_006,1,2500
TICKET_005130,PROD_019,1,3200
TICKET_005131,PROD_003,1,4500
TICKET_005131,PROD_023,1,3500
TICKET_005132,PROD_002,1,3500
TICKET_005132,PROD_017,1,2800
TICKET_005133,PROD_021,1,3500
TICKET_005134,PROD_034,1,6500
TICKET_005135,PROD_005,1,4000
TICKET_005136,PROD_003,1,4500
TICKET_005136,PROD_023,1,3500
TICKET_005137,PROD_023,1,3500
TICKET_005138,PROD_021,1,3500
TICKET_005138,PROD_012,1,3000
TICKET_005139,PROD_010,1,3500
TICKET_005139,PROD_016,1,2500
TICKET_005139,PROD_003,1,4500
TICKET_005140,PROD_001,2,2500
TICKET_005140,PROD_002,1,3500
TICKET_005140,PROD_009,1,5000
TICKET_005141,PROD_021,1,3500
TICKET_005142,PROD_001,1,2500
TICKET_005142,PROD_012,1,3000
TICKET_005143,PROD_001,1,2500
TICKET_005143,PROD_015,1,2800
TICKET_005143,PROD_008,1,3200
TICKET_005144,PROD_024,1,3000
TICKET_005145,PROD_015,1,2800
TICKET_005145,PROD_023,1,3500
TICKET_005146,PROD_024,1,3000
TICKET_005147,PROD_002,1,3500
TICKET_005148,PROD_022,1,3500
TICKET_005149,PROD_012,1,3000
TICKET_005150,PROD_012,1,3000
TICKET_005151,PROD_012,1,3000
TICKET_005152,PROD_002,1,3500
TICKET_005152,PROD_017,1,2800
TICKET_005152,PROD_012,1,3000
TICKET_005153,PROD_012,1,3000
TICKET_005154,PROD_013,1,3500
TICKET_005154,PROD_005,1,4000
TICKET_005155,PROD_010,1,3500
TICKET_005155,PROD_016,1,2500
TICKET_005156,PROD_001,2,2500
TICKET_005156,PROD_018,1,2800
TICKET_005157,PROD_001,1,2500
TICKET_005157,PROD_019,1,3200
TICKET_005158,PROD_001,1,2500
TICKET_005158,PROD_012,1,3000
TICKET_005159,PROD_032,1,2500
TICKET_005159,PROD_027,1,2500
TICKET_005160,PROD_002,1,3500
TICKET_005160,PROD_017,1,2800
TICKET_005161,PROD_029,1,3000
TICKET_005162,PROD_035,1,7500
TICKET_005162,PROD_019,1,3200
TICKET_005163,PROD_019,1,3200
TICKET_005163,PROD_027,1,2500
TICKET_005164,PROD_035,1,7500
TICKET_005165,PROD_004,1,4800
TICKET_005166,PROD_010,1,3500
TICKET_005166,PROD_016,1,2500
TICKET_005167,PROD_030,1,4500
TICKET_005168,PROD_014,1,3800
TICKET_005169,PROD_018,1,2800
TICKET_005170,PROD_001,2,2500
TICKET_005170,PROD_026,1,3500
TICKET_005171,PROD_008,1,3200
TICKET_005172,PROD_005,1,4000
TICKET_005173,PROD_017,1,2800
TICKET_005174,PROD_028,1,2000
TICKET_005175,PROD_021,1,3500
TICKET_005176,PROD_012,1,3000
TICKET_005176,PROD_031,1,4500
TICKET_005177,PROD_001,1,2500
TICKET_005177,PROD_012,1,3000
TICKET_005177,PROD_013,1,3500
TICKET_005178,PROD_018,1,2800
TICKET_005179,PROD_001,1,2500
TICKET_005179,PROD_015,1,2800
TICKET_005180,PROD_019,1,3200
TICKET_005180,PROD_012,1,3000
TICKET_005181,PROD_018,1,2800
TICKET_005181,PROD_035,1,7500
TICKET_005182,PROD_001,1,2500
TICKET_005183,PROD_025,1,3500
TICKET_005184,PROD_028,1,2000
TICKET_005185,PROD_008,1,3200
TICKET_005185,PROD_005,1,4000
TICKET_005186,PROD_006,1,2500
TICKET_005186,PROD_028,1,2000
TICKET_005186,PROD_018,1,2800
TICKET_005187,PROD_031,1,4500
TICKET_005187,PROD_003,1,4500
TICKET_005188,PROD_018,1,2800
TICKET_005189,PROD_010,1,3500
TICKET_005190,PROD_021,1,3500
TICKET_005190,PROD_009,1,5000
TICKET_005191,PROD_020,1,3200
TICKET_005192,PROD_031,1,4500
TICKET_005192,PROD_003,1,4500
TICKET_005192,PROD_025,1,3500
TICKET_005192,PROD_018,1,2800
TICKET_005193,PROD_010,1,3500
TICKET_005193,PROD_034,1,6500
TICKET_005194,PROD_010,1,3500
TICKET_005195,PROD_024,1,3000
TICKET_005196,PROD_010,1,3500
TICKET_005197,PROD_010,1,3500
TICKET_005197,PROD_016,1,2500
TICKET_005197,PROD_020,1,3200
TICKET_005198,PROD_019,1,3200
TICKET_005198,PROD_013,1,3500
TICKET_005198,PROD_021,1,3500
TICKET_005199,PROD_002,1,3500
TICKET_005200,PROD_003,1,4500
TICKET_005200,PROD_023,1,3500
TICKET_005201,PROD_031,1,4500
TICKET_005201,PROD_034,1,6500
TICKET_005202,PROD_012,1,3000
TICKET_005202,PROD_024,1,3000
TICKET_005202,PROD_018,1,2800
TICKET_005203,PROD_019,1,3200
TICKET_005203,PROD_005,1,4000
TICKET_005204,PROD_031,1,4500
TICKET_005204,PROD_003,1,4500
TICKET_005204,PROD_021,1,3500
TICKET_005204,PROD_035,1,7500
TICKET_005205,PROD_014,1,3800
TICKET_005206,PROD_001,1,2500
TICKET_005206,PROD_015,1,2800
TICKET_005206,PROD_026,1,3500
TICKET_005207,PROD_005,1,4000
TICKET_005207,PROD_009,1,5000
TICKET_005208,PROD_008,1,3200
TICKET_005209,PROD_002,1,3500
TICKET_005209,PROD_016,1,2500
TICKET_005209,PROD_007,1,4500
TICKET_005210,PROD_001,1,2500
TICKET_005210,PROD_015,1,2800
TICKET_005211,PROD_012,1,3000
TICKET_005212,PROD_029,1,3000
TICKET_005213,PROD_001,1,2500
TICKET_005213,PROD_015,1,2800
TICKET_005213,PROD_002,1,3500
TICKET_005214,PROD_001,2,2500
TICKET_005214,PROD_035,1,7500
TICKET_005215,PROD_024,1,3000
TICKET_005216,PROD_012,2,3000
TICKET_005217,PROD_031,1,4500
TICKET_005217,PROD_019,1,3200
TICKET_005217,PROD_015,1,2800
TICKET_005218,PROD_021,1,3500
TICKET_005218,PROD_009,1,5000
TICKET_005219,PROD_001,1,2500
TICKET_005220,PROD_021,1,3500
TICKET_005220,PROD_009,1,5000
TICKET_005220,PROD_008,1,3200
TICKET_005221,PROD_001,1,2500
TICKET_005222,PROD_001,1,2500
TICKET_005222,PROD_015,1,2800
TICKET_005223,PROD_012,1,3000
TICKET_005224,PROD_001,3,2500
TICKET_005225,PROD_025,1,3500
TICKET_005226,PROD_001,2,2500
TICKET_005227,PROD_001,1,2500
TICKET_005227,PROD_015,1,2800
TICKET_005228,PROD_010,1,3500
TICKET_005228,PROD_016,1,2500
TICKET_005229,PROD_001,1,2500
TICKET_005229,PROD_015,1,2800
TICKET_005230,PROD_001,1,2500
TICKET_005230,PROD_015,1,2800
TICKET_005230,PROD_003,1,4500
TICKET_005231,PROD_021,1,3500
TICKET_005231,PROD_009,1,5000
TICKET_005231,PROD_008,1,3200
TICKET_005231,PROD_012,1,3000
TICKET_005232,PROD_005,1,4000
TICKET_005233,PROD_002,1,3500
TICKET_005234,PROD_019,1,3200
TICKET_005234,PROD_012,1,3000
TICKET_005235,PROD_009,1,5000
TICKET_005236,PROD_030,1,4500
TICKET_005237,PROD_004,1,4800
TICKET_005238,PROD_018,1,2800
TICKET_005239,PROD_006,1,2500
TICKET_005239,PROD_014,1,3800
TICKET_005240,PROD_004,1,4800
TICKET_005241,PROD_031,1,4500
TICKET_005242,PROD_031,1,4500
TICKET_005242,PROD_003,1,4500
TICKET_005242,PROD_035,1,7500
TICKET_005242,PROD_018,1,2800
TICKET_005243,PROD_012,1,3000
TICKET_005244,PROD_021,1,3500
TICKET_005244,PROD_025,1,3500
TICKET_005245,PROD_024,1,3000
TICKET_005246,PROD_001,1,2500
TICKET_005246,PROD_015,1,2800
TICKET_005246,PROD_008,1,3200
TICKET_005247,PROD_003,1,4500
TICKET_005247,PROD_035,1,7500
TICKET_005248,PROD_006,1,2500
TICKET_005248,PROD_031,1,4500
TICKET_005249,PROD_001,1,2500
TICKET_005249,PROD_010,1,3500
TICKET_005249,PROD_034,1,6500
TICKET_005250,PROD_021,1,3500
TICKET_005251,PROD_001,2,2500
TICKET_005252,PROD_006,1,2500
TICKET_005252,PROD_001,1,2500
TICKET_005253,PROD_002,1,3500
TICKET_005253,PROD_017,1,2800
TICKET_005253,PROD_030,1,4500
TICKET_005254,PROD_012,1,3000
TICKET_005255,PROD_010,1,3500
TICKET_005255,PROD_016,1,2500
TICKET_005255,PROD_035,1,7500
TICKET_005256,PROD_001,1,2500
TICKET_005257,PROD_002,1,3500
TICKET_005257,PROD_017,1,2800
TICKET_005258,PROD_028,1,2000
TICKET_005258,PROD_003,1,4500
TICKET_005259,PROD_001,2,2500
TICKET_005260,PROD_019,1,3200
TICKET_005260,PROD_012,1,3000
TICKET_005260,PROD_023,1,3500
TICKET_005260,PROD_027,1,2500
TICKET_005261,PROD_006,1,2500
TICKET_005262,PROD_012,1,3000
TICKET_005263,PROD_010,1,3500
TICKET_005263,PROD_016,1,2500
TICKET_005264,PROD_012,1,3000
TICKET_005264,PROD_024,1,3000
TICKET_005264,PROD_001,1,2500
TICKET_005264,PROD_035,1,7500
TICKET_005265,PROD_006,1,2500
TICKET_005265,PROD_024,1,3000
TICKET_005266,PROD_019,1,3200
TICKET_005266,PROD_012,1,3000
TICKET_005267,PROD_005,1,4000
TICKET_005268,PROD_006,1,2500
TICKET_005268,PROD_012,1,3000
TICKET_005268,PROD_021,1,3500
TICKET_005269,PROD_029,1,3000
TICKET_005270,PROD_035,1,7500
TICKET_005271,PROD_035,1,7500
TICKET_005272,PROD_017,1,2800
TICKET_005273,PROD_024,1,3000
TICKET_005274,PROD_031,1,4500
TICKET_005274,PROD_003,1,4500
TICKET_005274,PROD_009,1,5000
TICKET_005275,PROD_012,1,3000
TICKET_005275,PROD_024,1,3000
TICKET_005276,PROD_005,1,4000
TICKET_005277,PROD_003,1,4500
TICKET_005277,PROD_023,1,3500
TICKET_005277,PROD_034,1,6500
TICKET_005277,PROD_010,1,3500
TICKET_005278,PROD_021,1,3500
TICKET_005278,PROD_012,1,3000
TICKET_005278,PROD_020,1,3200
TICKET_005279,PROD_024,1,3000
TICKET_005280,PROD_031,1,4500
TICKET_005280,PROD_003,1,4500
TICKET_005280,PROD_030,1,4500
TICKET_005281,PROD_012,1,3000
TICKET_005281,PROD_024,1,3000
TICKET_005282,PROD_026,1,3500
TICKET_005282,PROD_010,1,3500
TICKET_005283,PROD_003,1,4500
TICKET_005283,PROD_023,1,3500
TICKET_005283,PROD_006,1,2500
TICKET_005284,PROD_002,1,3500
TICKET_005285,PROD_012,1,3000
TICKET_005286,PROD_006,1,2500
TICKET_005287,PROD_002,1,3500
TICKET_005288,PROD_010,1,3500
TICKET_005288,PROD_016,1,2500
TICKET_005288,PROD_021,1,3500
TICKET_005289,PROD_011,1,2500
TICKET_005289,PROD_017,1,2800
TICKET_005290,PROD_021,1,3500
TICKET_005290,PROD_009,1,5000
TICKET_005291,PROD_013,1,3500
TICKET_005291,PROD_030,1,4500
TICKET_005292,PROD_028,1,2000
TICKET_005292,PROD_029,1,3000
TICKET_005293,PROD_001,2,2500
TICKET_005293,PROD_015,1,2800
TICKET_005294,PROD_013,1,3500
TICKET_005294,PROD_012,1,3000
TICKET_005295,PROD_001,1,2500
TICKET_005295,PROD_012,1,3000
TICKET_005295,PROD_004,1,4800
TICKET_005296,PROD_031,1,4500
TICKET_005296,PROD_029,1,3000
TICKET_005297,PROD_006,1,2500
TICKET_005297,PROD_028,1,2000
TICKET_005297,PROD_013,1,3500
TICKET_005297,PROD_034,1,6500
TICKET_005298,PROD_005,1,4000
TICKET_005299,PROD_013,1,3500
TICKET_005300,PROD_021,2,3500
TICKET_005300,PROD_009,1,5000
TICKET_005300,PROD_030,1,4500
TICKET_005301,PROD_017,1,2800
TICKET_005302,PROD_018,1,2800
TICKET_005303,PROD_019,1,3200
TICKET_005304,PROD_010,1,3500
TICKET_005304,PROD_016,1,2500
TICKET_005304,PROD_029,1,3000
TICKET_005305,PROD_017,1,2800
TICKET_005306,PROD_012,1,3000
TICKET_005306,PROD_002,1,3500
TICKET_005307,PROD_030,1,4500
TICKET_005308,PROD_013,1,3500
TICKET_005308,PROD_001,1,2500
TICKET_005309,PROD_035,1,7500
TICKET_005310,PROD_002,1,3500
TICKET_005310,PROD_017,1,2800
TICKET_005311,PROD_031,1,4500
TICKET_005311,PROD_003,1,4500
TICKET_005312,PROD_031,1,4500
TICKET_005313,PROD_008,1,3200
TICKET_005314,PROD_010,1,3500
TICKET_005315,PROD_002,1,3500
TICKET_005315,PROD_017,1,2800
TICKET_005315,PROD_015,1,2800
TICKET_005316,PROD_033,1,1500
TICKET_005317,PROD_020,1,3200
TICKET_005318,PROD_027,1,2500
TICKET_005319,PROD_006,1,2500
TICKET_005319,PROD_018,1,2800
TICKET_005319,PROD_033,1,1500
TICKET_005320,PROD_006,1,2500
TICKET_005320,PROD_019,1,3200
TICKET_005320,PROD_009,1,5000
TICKET_005321,PROD_015,1,2800
TICKET_005322,PROD_001,1,2500
TICKET_005322,PROD_015,1,2800
TICKET_005323,PROD_035,1,7500
TICKET_005324,PROD_021,1,3500
TICKET_005324,PROD_009,1,5000
TICKET_005324,PROD_022,1,3500
TICKET_005325,PROD_001,1,2500
TICKET_005325,PROD_015,1,2800
TICKET_005325,PROD_011,1,2500
TICKET_005326,PROD_021,1,3500
TICKET_005326,PROD_009,1,5000
TICKET_005327,PROD_001,1,2500
TICKET_005327,PROD_015,1,2800
TICKET_005328,PROD_001,1,2500
TICKET_005328,PROD_015,1,2800
TICKET_005328,PROD_008,1,3200
TICKET_005329,PROD_031,1,4500
TICKET_005329,PROD_003,1,4500
TICKET_005330,PROD_025,1,3500
TICKET_005331,PROD_002,1,3500
TICKET_005331,PROD_017,1,2800
TICKET_005331,PROD_012,1,3000
TICKET_005332,PROD_021,1,3500
TICKET_005332,PROD_009,1,5000
TICKET_005333,PROD_013,1,3500
TICKET_005334,PROD_028,1,2000
TICKET_005335,PROD_004,1,4800
TICKET_005336,PROD_001,2,2500
TICKET_005336,PROD_014,1,3800
TICKET_005337,PROD_001,1,2500
TICKET_005337,PROD_034,1,6500
TICKET_005338,PROD_001,1,2500
TICKET_005338,PROD_019,1,3200
TICKET_005338,PROD_015,1,2800
TICKET_005339,PROD_025,1,3500
TICKET_005339,PROD_024,1,3000
TICKET_005340,PROD_019,1,3200
TICKET_005340,PROD_015,1,2800
TICKET_005341,PROD_003,1,4500
TICKET_005341,PROD_023,1,3500
TICKET_005342,PROD_001,1,2500
TICKET_005342,PROD_015,1,2800
TICKET_005343,PROD_006,1,2500
TICKET_005343,PROD_028,1,2000
TICKET_005343,PROD_010,1,3500
TICKET_005344,PROD_006,1,2500
TICKET_005344,PROD_009,1,5000
TICKET_005345,PROD_021,1,3500
TICKET_005346,PROD_003,1,4500
TICKET_005347,PROD_010,1,3500
TICKET_005348,PROD_012,1,3000
TICKET_005349,PROD_023,1,3500
TICKET_005350,PROD_021,1,3500
TICKET_005350,PROD_009,1,5000
TICKET_005351,PROD_006,1,2500
TICKET_005352,PROD_003,1,4500
TICKET_005352,PROD_023,1,3500
TICKET_005352,PROD_002,2,3500
TICKET_005353,PROD_030,1,4500
TICKET_005354,PROD_001,1,2500
TICKET_005354,PROD_015,1,2800
TICKET_005354,PROD_034,1,6500
TICKET_005355,PROD_006,1,2500
TICKET_005355,PROD_019,1,3200
TICKET_005355,PROD_028,1,2000
TICKET_005356,PROD_020,1,3200
TICKET_005357,PROD_035,1,7500
TICKET_005357,PROD_026,1,3500
TICKET_005358,PROD_003,1,4500
TICKET_005358,PROD_023,1,3500
TICKET_005358,PROD_001,1,2500
TICKET_005359,PROD_001,1,2500
TICKET_005359,PROD_015,1,2800
TICKET_005359,PROD_024,1,3000
TICKET_005360,PROD_010,1,3500
TICKET_005360,PROD_024,1,3000
TICKET_005361,PROD_014,1,3800
TICKET_005362,PROD_012,1,3000
TICKET_005362,PROD_024,1,3000
TICKET_005363,PROD_001,1,2500
TICKET_005363,PROD_015,1,2800
TICKET_005363,PROD_027,1,2500
TICKET_005364,PROD_006,1,2500
TICKET_005364,PROD_028,1,2000
TICKET_005364,PROD_010,1,3500
TICKET_005365,PROD_034,1,6500
TICKET_005365,PROD_012,1,3000
TICKET_005366,PROD_019,1,3200
TICKET_005366,PROD_012,1,3000
TICKET_005367,PROD_012,1,3000
TICKET_005368,PROD_012,1,3000
TICKET_005369,PROD_031,1,4500
TICKET_005370,PROD_035,1,7500
TICKET_005371,PROD_031,1,4500
TICKET_005371,PROD_003,1,4500
TICKET_005372,PROD_021,1,3500
TICKET_005373,PROD_014,1,3800
TICKET_005374,PROD_005,1,4000
TICKET_005375,PROD_001,1,2500
TICKET_005376,PROD_001,1,2500
TICKET_005376,PROD_029,1,3000
TICKET_005376,PROD_005,1,4000
TICKET_005377,PROD_019,1,3200
TICKET_005377,PROD_012,1,3000
TICKET_005377,PROD_023,1,3500
TICKET_005378,PROD_031,1,4500
TICKET_005378,PROD_003,1,4500
TICKET_005379,PROD_019,1,3200
TICKET_005380,PROD_031,1,4500
TICKET_005380,PROD_003,1,4500
TICKET_005380,PROD_034,1,6500
TICKET_005381,PROD_019,1,3200
TICKET_005381,PROD_012,1,3000
TICKET_005381,PROD_034,1,6500
TICKET_005382,PROD_028,1,2000
TICKET_005383,PROD_008,1,3200
TICKET_005384,PROD_022,1,3500
TICKET_005385,PROD_019,1,3200
TICKET_005385,PROD_012,1,3000
TICKET_005386,PROD_018,1,2800
TICKET_005387,PROD_034,1,6500
TICKET_005388,PROD_014,1,3800
TICKET_005389,PROD_031,1,4500
TICKET_005389,PROD_003,1,4500
TICKET_005390,PROD_003,1,4500
TICKET_005391,PROD_001,1,2500
TICKET_005391,PROD_015,1,2800
TICKET_005392,PROD_003,1,4500
TICKET_005392,PROD_023,1,3500
TICKET_005392,PROD_026,1,3500
TICKET_005393,PROD_006,1,2500
TICKET_005394,PROD_006,1,2500
TICKET_005395,PROD_012,1,3000
TICKET_005395,PROD_024,1,3000
TICKET_005396,PROD_002,1,3500
TICKET_005396,PROD_017,1,2800
TICKET_005397,PROD_021,1,3500
TICKET_005397,PROD_009,1,5000
TICKET_005398,PROD_001,2,2500
TICKET_005398,PROD_010,1,3500
TICKET_005399,PROD_031,1,4500
TICKET_005400,PROD_013,1,3500
TICKET_005401,PROD_012,1,3000
TICKET_005401,PROD_022,1,3500
TICKET_005402,PROD_012,1,3000
TICKET_005403,PROD_013,1,3500
TICKET_005403,PROD_026,1,3500
TICKET_005404,PROD_002,2,3500
TICKET_005405,PROD_010,1,3500
TICKET_005405,PROD_016,1,2500
TICKET_005405,PROD_019,1,3200
TICKET_005406,PROD_031,1,4500
TICKET_005407,PROD_004,1,4800
TICKET_005408,PROD_006,1,2500
TICKET_005408,PROD_028,1,2000
TICKET_005408,PROD_014,1,3800
TICKET_005408,PROD_022,1,3500
TICKET_005409,PROD_003,1,4500
TICKET_005409,PROD_023,1,3500
TICKET_005410,PROD_001,1,2500
TICKET_005411,PROD_006,1,2500
TICKET_005411,PROD_028,1,2000
TICKET_005412,PROD_001,1,2500
TICKET_005412,PROD_015,1,2800
TICKET_005412,PROD_010,1,3500
TICKET_005413,PROD_021,1,3500
TICKET_005414,PROD_010,1,3500
TICKET_005415,PROD_001,1,2500
TICKET_005415,PROD_015,1,2800
TICKET_005416,PROD_014,1,3800
TICKET_005417,PROD_001,1,2500
TICKET_005418,PROD_019,1,3200
TICKET_005418,PROD_012,1,3000
TICKET_005418,PROD_035,1,7500
TICKET_005419,PROD_031,1,4500
TICKET_005419,PROD_018,1,2800
TICKET_005420,PROD_025,1,3500
TICKET_005421,PROD_012,1,3000
TICKET_005421,PROD_024,1,3000
TICKET_005422,PROD_032,1,2500
TICKET_005423,PROD_002,1,3500
TICKET_005423,PROD_017,1,2800
TICKET_005424,PROD_006,1,2500
TICKET_005424,PROD_028,1,2000
TICKET_005424,PROD_034,1,6500
TICKET_005425,PROD_021,1,3500
TICKET_005425,PROD_009,1,5000
TICKET_005425,PROD_027,1,2500
TICKET_005426,PROD_034,1,6500
TICKET_005427,PROD_006,1,2500
TICKET_005427,PROD_028,1,2000
TICKET_005427,PROD_031,1,4500
TICKET_005427,PROD_013,1,3500
TICKET_005428,PROD_021,1,3500
TICKET_005429,PROD_001,1,2500
TICKET_005430,PROD_002,1,3500
TICKET_005430,PROD_017,1,2800
TICKET_005430,PROD_001,1,2500
TICKET_005431,PROD_019,1,3200
TICKET_005431,PROD_012,1,3000
TICKET_005431,PROD_025,1,3500
TICKET_005432,PROD_020,1,3200
TICKET_005433,PROD_001,1,2500
TICKET_005434,PROD_001,1,2500
TICKET_005434,PROD_028,1,2000
TICKET_005435,PROD_004,1,4800
TICKET_005436,PROD_018,1,2800
TICKET_005437,PROD_001,1,2500
TICKET_005438,PROD_010,1,3500
TICKET_005439,PROD_021,1,3500
TICKET_005439,PROD_009,1,5000
TICKET_005440,PROD_031,1,4500
TICKET_005440,PROD_016,1,2500
TICKET_005441,PROD_031,1,4500
TICKET_005441,PROD_003,1,4500
TICKET_005441,PROD_026,1,3500
TICKET_005441,PROD_021,1,3500
TICKET_005442,PROD_021,1,3500
TICKET_005442,PROD_013,1,3500
TICKET_005442,PROD_012,1,3000
TICKET_005443,PROD_003,1,4500
TICKET_005443,PROD_023,1,3500
TICKET_005443,PROD_002,1,3500
TICKET_005443,PROD_012,1,3000
TICKET_005444,PROD_003,1,4500
TICKET_005445,PROD_025,1,3500
TICKET_005445,PROD_034,1,6500
TICKET_005446,PROD_004,1,4800
TICKET_005447,PROD_002,1,3500
TICKET_005448,PROD_009,1,5000
TICKET_005449,PROD_002,1,3500
TICKET_005450,PROD_002,1,3500
TICKET_005450,PROD_017,1,2800
TICKET_005450,PROD_035,1,7500
TICKET_005451,PROD_018,1,2800
TICKET_005452,PROD_001,2,2500
TICKET_005452,PROD_008,1,3200
TICKET_005452,PROD_027,1,2500
TICKET_005453,PROD_003,1,4500
TICKET_005453,PROD_023,1,3500
TICKET_005454,PROD_012,1,3000
TICKET_005454,PROD_026,1,3500
TICKET_005455,PROD_031,1,4500
TICKET_005455,PROD_025,1,3500
TICKET_005455,PROD_033,1,1500
TICKET_005456,PROD_001,1,2500
TICKET_005457,PROD_018,1,2800
TICKET_005457,PROD_019,1,3200
TICKET_005458,PROD_009,1,5000
TICKET_005459,PROD_008,1,3200
TICKET_005460,PROD_001,1,2500
TICKET_005460,PROD_015,1,2800
TICKET_005461,PROD_019,1,3200
TICKET_005461,PROD_012,1,3000
TICKET_005462,PROD_012,1,3000
TICKET_005463,PROD_002,1,3500
TICKET_005464,PROD_031,1,4500
TICKET_005464,PROD_003,1,4500
TICKET_005465,PROD_008,1,3200
TICKET_005466,PROD_021,1,3500
TICKET_005467,PROD_019,1,3200
TICKET_005467,PROD_012,1,3000
TICKET_005467,PROD_026,1,3500
TICKET_005468,PROD_019,1,3200
TICKET_005468,PROD_029,1,3000
TICKET_005468,PROD_017,1,2800
TICKET_005469,PROD_031,1,4500
TICKET_005469,PROD_009,1,5000
TICKET_005470,PROD_006,1,2500
TICKET_005470,PROD_005,1,4000
TICKET_005471,PROD_031,1,4500
TICKET_005471,PROD_013,1,3500
TICKET_005472,PROD_012,1,3000
TICKET_005472,PROD_024,1,3000
TICKET_005472,PROD_017,1,2800
TICKET_005473,PROD_010,1,3500
TICKET_005473,PROD_008,1,3200
TICKET_005473,PROD_004,1,4800
TICKET_005474,PROD_016,1,2500
TICKET_005475,PROD_001,1,2500
TICKET_005475,PROD_012,1,3000
TICKET_005476,PROD_006,1,2500
TICKET_005477,PROD_003,1,4500
TICKET_005477,PROD_023,1,3500
TICKET_005477,PROD_024,1,3000
TICKET_005478,PROD_031,1,4500
TICKET_005478,PROD_003,1,4500
TICKET_005479,PROD_021,1,3500
TICKET_005479,PROD_009,1,5000
TICKET_005479,PROD_004,1,4800
TICKET_005480,PROD_019,1,3200
TICKET_005481,PROD_006,1,2500
TICKET_005481,PROD_028,1,2000
TICKET_005481,PROD_005,1,4000
TICKET_005482,PROD_002,1,3500
TICKET_005482,PROD_017,1,2800
TICKET_005483,PROD_002,1,3500
TICKET_005483,PROD_017,1,2800
TICKET_005484,PROD_002,1,3500
TICKET_005484,PROD_017,1,2800
TICKET_005485,PROD_009,1,5000
TICKET_005486,PROD_031,1,4500
TICKET_005487,PROD_001,1,2500
TICKET_005488,PROD_027,1,2500
TICKET_005489,PROD_002,2,3500
TICKET_005489,PROD_017,1,2800
TICKET_005490,PROD_021,1,3500
TICKET_005491,PROD_033,1,1500
TICKET_005492,PROD_026,1,3500
TICKET_005493,PROD_006,1,2500
TICKET_005493,PROD_028,1,2000
TICKET_005494,PROD_021,1,3500
TICKET_005495,PROD_003,1,4500
TICKET_005495,PROD_023,1,3500
TICKET_005496,PROD_003,1,4500
TICKET_005496,PROD_023,1,3500
TICKET_005497,PROD_001,1,2500
TICKET_005498,PROD_008,1,3200
TICKET_005499,PROD_025,1,3500
TICKET_005500,PROD_005,1,4000
TICKET_005501,PROD_022,1,3500
TICKET_005502,PROD_010,1,3500
TICKET_005502,PROD_023,1,3500
TICKET_005502,PROD_009,1,5000
TICKET_005503,PROD_020,1,3200
TICKET_005504,PROD_007,1,4500
TICKET_005505,PROD_022,1,3500
TICKET_005506,PROD_031,1,4500
TICKET_005506,PROD_003,1,4500
TICKET_005507,PROD_001,1,2500
TICKET_005508,PROD_032,1,2500
TICKET_005509,PROD_006,1,2500
TICKET_005509,PROD_018,1,2800
TICKET_005509,PROD_021,1,3500
TICKET_005510,PROD_019,1,3200
TICKET_005511,PROD_001,1,2500
TICKET_005511,PROD_009,1,5000
TICKET_005512,PROD_021,1,3500
TICKET_005512,PROD_009,1,5000
TICKET_005513,PROD_021,1,3500
TICKET_005513,PROD_009,1,5000
TICKET_005513,PROD_004,1,4800
TICKET_005513,PROD_035,1,7500
TICKET_005514,PROD_002,1,3500
TICKET_005514,PROD_017,1,2800
TICKET_005514,PROD_004,1,4800
TICKET_005515,PROD_010,1,3500
TICKET_005516,PROD_002,1,3500
TICKET_005516,PROD_017,1,2800
TICKET_005517,PROD_001,1,2500
TICKET_005517,PROD_024,1,3000
TICKET_005518,PROD_021,1,3500
TICKET_005519,PROD_010,1,3500
TICKET_005519,PROD_016,1,2500
TICKET_005520,PROD_014,1,3800
TICKET_005521,PROD_001,2,2500
TICKET_005521,PROD_028,1,2000
TICKET_005522,PROD_033,1,1500
TICKET_005522,PROD_003,1,4500
TICKET_005523,PROD_010,1,3500
TICKET_005524,PROD_008,1,3200
TICKET_005525,PROD_003,1,4500
TICKET_005525,PROD_023,1,3500
TICKET_005525,PROD_017,1,2800
TICKET_005525,PROD_021,1,3500
TICKET_005526,PROD_012,2,3000
TICKET_005526,PROD_003,1,4500
TICKET_005527,PROD_019,1,3200
TICKET_005528,PROD_001,1,2500
TICKET_005528,PROD_015,1,2800
TICKET_005528,PROD_035,1,7500
TICKET_005528,PROD_008,1,3200
TICKET_005529,PROD_008,1,3200
TICKET_005529,PROD_027,1,2500
TICKET_005530,PROD_033,1,1500
TICKET_005531,PROD_010,1,3500
TICKET_005532,PROD_034,1,6500
TICKET_005533,PROD_019,1,3200
TICKET_005533,PROD_012,1,3000
TICKET_005533,PROD_018,1,2800
TICKET_005534,PROD_031,1,4500
TICKET_005534,PROD_003,1,4500
TICKET_005535,PROD_006,1,2500
TICKET_005536,PROD_021,1,3500
TICKET_005536,PROD_009,1,5000
TICKET_005536,PROD_029,1,3000
TICKET_005536,PROD_018,1,2800
TICKET_005537,PROD_021,1,3500
TICKET_005537,PROD_028,1,2000
TICKET_005537,PROD_004,1,4800
TICKET_005538,PROD_034,1,6500
TICKET_005539,PROD_031,1,4500
TICKET_005539,PROD_003,1,4500
TICKET_005539,PROD_025,1,3500
TICKET_005540,PROD_019,1,3200
TICKET_005540,PROD_012,1,3000
TICKET_005540,PROD_003,1,4500
TICKET_005541,PROD_010,1,3500
TICKET_005541,PROD_014,1,3800
TICKET_005542,PROD_001,2,2500
TICKET_005543,PROD_019,1,3200
TICKET_005543,PROD_003,1,4500
TICKET_005544,PROD_001,1,2500
TICKET_005544,PROD_015,1,2800
TICKET_005544,PROD_026,1,3500
TICKET_005544,PROD_022,1,3500
TICKET_005545,PROD_019,1,3200
TICKET_005545,PROD_012,1,3000
TICKET_005545,PROD_035,1,7500
TICKET_005546,PROD_024,1,3000
TICKET_005547,PROD_003,1,4500
TICKET_005547,PROD_023,1,3500
TICKET_005548,PROD_012,1,3000
TICKET_005548,PROD_024,1,3000
TICKET_005549,PROD_010,1,3500
TICKET_005550,PROD_031,1,4500
TICKET_005550,PROD_003,1,4500
TICKET_005551,PROD_010,1,3500
TICKET_005551,PROD_016,1,2500
TICKET_005551,PROD_011,1,2500
TICKET_005552,PROD_024,1,3000
TICKET_005552,PROD_034,1,6500
TICKET_005553,PROD_001,1,2500
TICKET_005553,PROD_015,1,2800
TICKET_005554,PROD_022,1,3500
TICKET_005554,PROD_030,1,4500
TICKET_005555,PROD_010,1,3500
TICKET_005555,PROD_028,1,2000
TICKET_005555,PROD_016,1,2500
TICKET_005556,PROD_025,1,3500
TICKET_005556,PROD_034,1,6500
TICKET_005557,PROD_009,1,5000
TICKET_005558,PROD_003,1,4500
TICKET_005558,PROD_023,1,3500
TICKET_005558,PROD_017,1,2800
TICKET_005559,PROD_001,2,2500
TICKET_005560,PROD_012,1,3000
TICKET_005561,PROD_006,1,2500
TICKET_005561,PROD_024,1,3000
TICKET_005562,PROD_002,1,3500
TICKET_005562,PROD_017,1,2800
TICKET_005562,PROD_013,1,3500
TICKET_005563,PROD_015,1,2800
TICKET_005564,PROD_001,1,2500
TICKET_005564,PROD_002,1,3500
TICKET_005564,PROD_035,1,7500
TICKET_005565,PROD_006,1,2500
TICKET_005566,PROD_028,1,2000
TICKET_005567,PROD_026,1,3500
TICKET_005568,PROD_001,2,2500
TICKET_005568,PROD_006,1,2500
TICKET_005568,PROD_013,1,3500
TICKET_005569,PROD_001,2,2500
TICKET_005569,PROD_003,1,4500
TICKET_005570,PROD_012,1,3000
TICKET_005570,PROD_017,1,2800
TICKET_005571,PROD_012,1,3000
TICKET_005571,PROD_009,1,5000
TICKET_005572,PROD_013,1,3500
TICKET_005573,PROD_010,1,3500
TICKET_005573,PROD_016,1,2500
TICKET_005574,PROD_029,1,3000
TICKET_005574,PROD_004,1,4800
TICKET_005575,PROD_006,1,2500
TICKET_005576,PROD_002,1,3500
TICKET_005577,PROD_021,1,3500
TICKET_005578,PROD_001,1,2500
TICKET_005578,PROD_015,1,2800
TICKET_005579,PROD_031,1,4500
TICKET_005580,PROD_017,1,2800
TICKET_005580,PROD_030,1,4500
TICKET_005581,PROD_025,1,3500
TICKET_005582,PROD_002,1,3500
TICKET_005582,PROD_017,1,2800
TICKET_005583,PROD_007,1,4500
TICKET_005584,PROD_010,1,3500
TICKET_005584,PROD_016,1,2500
TICKET_005585,PROD_009,1,5000
TICKET_005585,PROD_006,1,2500
TICKET_005586,PROD_003,1,4500
TICKET_005586,PROD_023,1,3500
TICKET_005586,PROD_034,1,6500
TICKET_005587,PROD_031,1,4500
TICKET_005587,PROD_003,1,4500
TICKET_005588,PROD_019,1,3200
TICKET_005588,PROD_012,1,3000
TICKET_005589,PROD_002,1,3500
TICKET_005590,PROD_024,1,3000
TICKET_005591,PROD_028,1,2000
TICKET_005591,PROD_002,1,3500
TICKET_005592,PROD_031,1,4500
TICKET_005592,PROD_034,1,6500
TICKET_005593,PROD_002,1,3500
TICKET_005593,PROD_017,1,2800
TICKET_005593,PROD_031,1,4500
TICKET_005593,PROD_010,1,3500
TICKET_005594,PROD_010,1,3500
TICKET_005594,PROD_016,1,2500
TICKET_005595,PROD_001,1,2500
TICKET_005596,PROD_006,1,2500
TICKET_005596,PROD_028,1,2000
TICKET_005596,PROD_016,1,2500
TICKET_005597,PROD_012,1,3000
TICKET_005597,PROD_014,1,3800
TICKET_005598,PROD_003,1,4500
TICKET_005598,PROD_023,1,3500
TICKET_005598,PROD_004,1,4800
TICKET_005598,PROD_034,1,6500
TICKET_005599,PROD_002,1,3500
TICKET_005599,PROD_017,1,2800
TICKET_005600,PROD_021,1,3500
TICKET_005600,PROD_015,1,2800
TICKET_005601,PROD_009,1,5000
TICKET_005602,PROD_012,1,3000
TICKET_005602,PROD_024,1,3000
TICKET_005603,PROD_010,1,3500
TICKET_005603,PROD_016,1,2500
TICKET_005604,PROD_010,1,3500
TICKET_005604,PROD_016,1,2500
TICKET_005604,PROD_009,1,5000
TICKET_005604,PROD_015,1,2800
TICKET_005605,PROD_003,1,4500
TICKET_005605,PROD_023,1,3500
TICKET_005606,PROD_006,1,2500
TICKET_005607,PROD_010,1,3500
TICKET_005607,PROD_016,1,2500
TICKET_005608,PROD_024,1,3000
TICKET_005609,PROD_002,1,3500
TICKET_005609,PROD_004,1,4800
TICKET_005610,PROD_003,1,4500
TICKET_005610,PROD_023,1,3500
TICKET_005611,PROD_001,2,2500
TICKET_005612,PROD_031,1,4500
TICKET_005612,PROD_003,1,4500
TICKET_005612,PROD_030,1,4500
TICKET_005612,PROD_035,1,7500
TICKET_005613,PROD_010,1,3500
TICKET_005613,PROD_025,1,3500
TICKET_005613,PROD_034,1,6500
TICKET_005614,PROD_015,1,2800
TICKET_005615,PROD_010,1,3500
TICKET_005616,PROD_019,1,3200
TICKET_005617,PROD_001,1,2500
TICKET_005617,PROD_015,1,2800
TICKET_005617,PROD_004,1,4800
TICKET_005618,PROD_031,1,4500
TICKET_005618,PROD_013,1,3500
TICKET_005619,PROD_021,1,3500
TICKET_005619,PROD_009,1,5000
TICKET_005619,PROD_029,1,3000
TICKET_005619,PROD_002,1,3500
TICKET_005620,PROD_007,1,4500
TICKET_005621,PROD_019,1,3200
TICKET_005621,PROD_012,1,3000
TICKET_005622,PROD_010,1,3500
TICKET_005622,PROD_016,1,2500
TICKET_005622,PROD_026,1,3500
TICKET_005623,PROD_008,1,3200
TICKET_005624,PROD_016,1,2500
TICKET_005625,PROD_012,1,3000
TICKET_005625,PROD_024,1,3000
TICKET_005626,PROD_004,1,4800
TICKET_005627,PROD_033,1,1500
TICKET_005628,PROD_019,1,3200
TICKET_005629,PROD_031,1,4500
TICKET_005629,PROD_003,1,4500
TICKET_005630,PROD_001,1,2500
TICKET_005630,PROD_011,1,2500
TICKET_005631,PROD_015,1,2800
TICKET_005632,PROD_006,1,2500
TICKET_005632,PROD_004,1,4800
TICKET_005633,PROD_018,1,2800
TICKET_005634,PROD_006,1,2500
TICKET_005635,PROD_031,1,4500
TICKET_005635,PROD_003,1,4500
TICKET_005636,PROD_001,2,2500
TICKET_005637,PROD_006,1,2500
TICKET_005637,PROD_028,1,2000
TICKET_005638,PROD_029,1,3000
TICKET_005639,PROD_013,1,3500
TICKET_005640,PROD_035,1,7500
TICKET_005641,PROD_021,1,3500
TICKET_005642,PROD_006,1,2500
TICKET_005642,PROD_028,1,2000
TICKET_005643,PROD_012,1,3000
TICKET_005644,PROD_019,1,3200
TICKET_005644,PROD_012,1,3000
TICKET_005645,PROD_012,1,3000
TICKET_005646,PROD_021,1,3500
TICKET_005646,PROD_009,1,5000
TICKET_005646,PROD_010,1,3500
TICKET_005646,PROD_001,1,2500
TICKET_005647,PROD_001,1,2500
TICKET_005648,PROD_021,1,3500
TICKET_005649,PROD_019,1,3200
TICKET_005649,PROD_012,1,3000
TICKET_005650,PROD_010,1,3500
TICKET_005650,PROD_016,1,2500
TICKET_005650,PROD_019,1,3200
TICKET_005650,PROD_018,1,2800
TICKET_005651,PROD_028,1,2000
TICKET_005652,PROD_023,1,3500
TICKET_005653,PROD_015,1,2800
TICKET_005653,PROD_024,1,3000
TICKET_005654,PROD_017,1,2800
TICKET_005654,PROD_009,1,5000
TICKET_005655,PROD_031,1,4500
TICKET_005656,PROD_021,1,3500
TICKET_005657,PROD_031,1,4500
TICKET_005657,PROD_011,1,2500
TICKET_005657,PROD_018,1,2800
TICKET_005658,PROD_034,1,6500
TICKET_005659,PROD_006,1,2500
TICKET_005659,PROD_028,1,2000
TICKET_005660,PROD_002,1,3500
TICKET_005660,PROD_031,1,4500
TICKET_005661,PROD_033,1,1500
TICKET_005662,PROD_016,1,2500
TICKET_005663,PROD_021,1,3500
TICKET_005663,PROD_009,1,5000
TICKET_005664,PROD_003,1,4500
TICKET_005665,PROD_018,1,2800
TICKET_005666,PROD_006,1,2500
TICKET_005666,PROD_028,1,2000
TICKET_005666,PROD_035,1,7500
TICKET_005666,PROD_013,1,3500
TICKET_005667,PROD_013,1,3500
TICKET_005668,PROD_002,1,3500
TICKET_005668,PROD_027,1,2500
TICKET_005669,PROD_019,1,3200
TICKET_005669,PROD_012,1,3000
TICKET_005670,PROD_012,1,3000
TICKET_005670,PROD_024,1,3000
TICKET_005671,PROD_021,1,3500
TICKET_005671,PROD_009,1,5000
TICKET_005671,PROD_018,1,2800
TICKET_005672,PROD_001,1,2500
TICKET_005673,PROD_010,1,3500
TICKET_005673,PROD_016,1,2500
TICKET_005673,PROD_028,1,2000
TICKET_005674,PROD_027,1,2500
TICKET_005675,PROD_002,1,3500
TICKET_005675,PROD_017,1,2800
TICKET_005676,PROD_016,1,2500
TICKET_005677,PROD_011,1,2500
TICKET_005678,PROD_012,1,3000
TICKET_005678,PROD_024,1,3000
TICKET_005679,PROD_002,1,3500
TICKET_005679,PROD_017,1,2800
TICKET_005679,PROD_018,1,2800
TICKET_005679,PROD_024,1,3000
TICKET_005680,PROD_001,2,2500
TICKET_005680,PROD_016,1,2500
TICKET_005681,PROD_018,1,2800
TICKET_005682,PROD_005,1,4000
TICKET_005683,PROD_002,1,3500
TICKET_005684,PROD_024,1,3000
TICKET_005684,PROD_013,1,3500
TICKET_005685,PROD_001,1,2500
TICKET_005685,PROD_015,1,2800
TICKET_005686,PROD_031,1,4500
TICKET_005686,PROD_027,1,2500
TICKET_005686,PROD_006,1,2500
TICKET_005687,PROD_002,1,3500
TICKET_005688,PROD_029,1,3000
TICKET_005688,PROD_035,1,7500
TICKET_005689,PROD_012,1,3000
TICKET_005689,PROD_024,1,3000
TICKET_005690,PROD_012,1,3000
TICKET_005690,PROD_024,2,3000
TICKET_005690,PROD_016,1,2500
TICKET_005691,PROD_001,1,2500
TICKET_005691,PROD_015,1,2800
TICKET_005691,PROD_019,1,3200
TICKET_005691,PROD_035,1,7500
TICKET_005692,PROD_034,1,6500
TICKET_005693,PROD_003,1,4500
TICKET_005694,PROD_021,1,3500
TICKET_005695,PROD_005,1,4000
TICKET_005696,PROD_002,1,3500
TICKET_005696,PROD_017,1,2800
TICKET_005697,PROD_012,1,3000
TICKET_005697,PROD_024,1,3000
TICKET_005697,PROD_003,1,4500
TICKET_005697,PROD_009,1,5000
TICKET_005698,PROD_001,2,2500
TICKET_005699,PROD_031,1,4500
TICKET_005699,PROD_003,1,4500
TICKET_005699,PROD_015,1,2800
TICKET_005700,PROD_021,1,3500
TICKET_005700,PROD_012,1,3000
TICKET_005701,PROD_018,1,2800
TICKET_005702,PROD_031,1,4500
TICKET_005702,PROD_003,1,4500
TICKET_005703,PROD_035,1,7500
TICKET_005704,PROD_012,1,3000
TICKET_005704,PROD_024,1,3000
TICKET_005704,PROD_029,1,3000
TICKET_005704,PROD_010,1,3500
TICKET_005705,PROD_001,1,2500
TICKET_005706,PROD_022,1,3500
TICKET_005707,PROD_001,1,2500
TICKET_005708,PROD_005,1,4000
TICKET_005709,PROD_003,1,4500
TICKET_005709,PROD_023,1,3500
TICKET_005710,PROD_010,1,3500
TICKET_005710,PROD_022,1,3500
TICKET_005710,PROD_013,1,3500
TICKET_005711,PROD_026,1,3500
TICKET_005712,PROD_010,1,3500
TICKET_005712,PROD_016,1,2500
TICKET_005712,PROD_027,1,2500
TICKET_005712,PROD_035,1,7500
TICKET_005713,PROD_032,1,2500
TICKET_005714,PROD_021,1,3500
TICKET_005714,PROD_009,1,5000
TICKET_005714,PROD_001,1,2500
TICKET_005715,PROD_001,1,2500
TICKET_005715,PROD_009,1,5000
TICKET_005716,PROD_003,1,4500
TICKET_005717,PROD_021,1,3500
TICKET_005718,PROD_006,1,2500
TICKET_005718,PROD_028,1,2000
TICKET_005718,PROD_022,1,3500
TICKET_005719,PROD_002,1,3500
TICKET_005719,PROD_017,1,2800
TICKET_005719,PROD_027,1,2500
TICKET_005719,PROD_010,1,3500
TICKET_005720,PROD_018,1,2800
TICKET_005720,PROD_034,1,6500
TICKET_005721,PROD_019,1,3200
TICKET_005721,PROD_031,1,4500
TICKET_005721,PROD_012,1,3000
TICKET_005722,PROD_006,1,2500
TICKET_005723,PROD_021,1,3500
TICKET_005723,PROD_009,1,5000
TICKET_005724,PROD_006,1,2500
TICKET_005725,PROD_025,1,3500
TICKET_005726,PROD_004,1,4800
TICKET_005727,PROD_006,1,2500
TICKET_005727,PROD_028,1,2000
TICKET_005728,PROD_015,1,2800
TICKET_005729,PROD_014,1,3800
TICKET_005730,PROD_003,1,4500
TICKET_005730,PROD_026,1,3500
TICKET_005731,PROD_019,1,3200
TICKET_005731,PROD_012,1,3000
TICKET_005732,PROD_019,1,3200
TICKET_005732,PROD_012,1,3000
TICKET_005732,PROD_004,1,4800
TICKET_005733,PROD_001,2,2500
TICKET_005733,PROD_015,1,2800
TICKET_005733,PROD_010,1,3500
TICKET_005734,PROD_001,1,2500
TICKET_005734,PROD_015,1,2800
TICKET_005734,PROD_031,1,4500
TICKET_005734,PROD_035,1,7500
TICKET_005735,PROD_012,1,3000
TICKET_005735,PROD_018,1,2800
TICKET_005736,PROD_021,1,3500
TICKET_005736,PROD_009,1,5000
TICKET_005737,PROD_001,1,2500
TICKET_005737,PROD_015,1,2800
TICKET_005737,PROD_021,1,3500
TICKET_005738,PROD_029,1,3000
TICKET_005739,PROD_002,1,3500
TICKET_005740,PROD_031,1,4500
TICKET_005740,PROD_003,1,4500
TICKET_005740,PROD_026,1,3500
TICKET_005740,PROD_032,1,2500
TICKET_005741,PROD_009,1,5000
TICKET_005742,PROD_010,1,3500
TICKET_005743,PROD_001,2,2500
TICKET_005743,PROD_006,1,2500
TICKET_005744,PROD_002,1,3500
TICKET_005744,PROD_017,1,2800
TICKET_005744,PROD_028,1,2000
TICKET_005744,PROD_001,1,2500
TICKET_005745,PROD_003,1,4500
TICKET_005745,PROD_023,1,3500
TICKET_005746,PROD_003,1,4500
TICKET_005746,PROD_023,1,3500
TICKET_005747,PROD_006,1,2500
TICKET_005748,PROD_031,1,4500
TICKET_005748,PROD_003,1,4500
TICKET_005748,PROD_012,1,3000
TICKET_005749,PROD_016,1,2500
TICKET_005750,PROD_010,1,3500
TICKET_005751,PROD_001,1,2500
TICKET_005752,PROD_020,1,3200
TICKET_005753,PROD_012,1,3000
TICKET_005753,PROD_010,1,3500
TICKET_005753,PROD_009,1,5000
TICKET_005754,PROD_002,1,3500
TICKET_005754,PROD_017,1,2800
TICKET_005754,PROD_004,1,4800
TICKET_005754,PROD_003,1,4500
TICKET_005755,PROD_012,1,3000
TICKET_005756,PROD_012,1,3000
TICKET_005756,PROD_024,1,3000
TICKET_005756,PROD_021,1,3500
TICKET_005756,PROD_025,1,3500
TICKET_005757,PROD_006,1,2500
TICKET_005757,PROD_028,1,2000
TICKET_005757,PROD_035,1,7500
TICKET_005757,PROD_023,1,3500
TICKET_005758,PROD_012,1,3000
TICKET_005759,PROD_018,1,2800
TICKET_005760,PROD_031,1,4500
TICKET_005761,PROD_003,1,4500
TICKET_005761,PROD_023,1,3500
TICKET_005761,PROD_035,1,7500
TICKET_005761,PROD_033,1,1500
TICKET_005762,PROD_019,1,3200
TICKET_005762,PROD_012,1,3000
TICKET_005763,PROD_021,1,3500
TICKET_005763,PROD_009,1,5000
TICKET_005763,PROD_025,1,3500
TICKET_005763,PROD_020,1,3200
TICKET_005764,PROD_010,2,3500
TICKET_005764,PROD_001,1,2500
TICKET_005765,PROD_010,1,3500
TICKET_005765,PROD_016,1,2500
TICKET_005765,PROD_021,1,3500
TICKET_005766,PROD_012,1,3000
TICKET_005766,PROD_024,1,3000
TICKET_005766,PROD_020,1,3200
TICKET_005766,PROD_002,1,3500
TICKET_005767,PROD_003,1,4500
TICKET_005767,PROD_023,1,3500
TICKET_005768,PROD_012,1,3000
TICKET_005768,PROD_003,1,4500
TICKET_005769,PROD_021,1,3500
TICKET_005770,PROD_018,1,2800
TICKET_005771,PROD_001,1,2500
TICKET_005771,PROD_015,1,2800
TICKET_005772,PROD_021,1,3500
TICKET_005772,PROD_009,1,5000
TICKET_005772,PROD_001,1,2500
TICKET_005772,PROD_004,1,4800
TICKET_005773,PROD_019,1,3200
TICKET_005773,PROD_012,1,3000
TICKET_005774,PROD_035,1,7500
TICKET_005775,PROD_021,1,3500
TICKET_005775,PROD_009,1,5000
TICKET_005775,PROD_028,1,2000
TICKET_005776,PROD_031,1,4500
TICKET_005776,PROD_003,1,4500
TICKET_005777,PROD_031,1,4500
TICKET_005777,PROD_003,1,4500
TICKET_005778,PROD_008,1,3200
TICKET_005779,PROD_001,1,2500
TICKET_005779,PROD_034,1,6500
TICKET_005779,PROD_035,1,7500
TICKET_005780,PROD_019,1,3200
TICKET_005780,PROD_012,1,3000
TICKET_005780,PROD_025,1,3500
TICKET_005780,PROD_021,1,3500
TICKET_005781,PROD_019,1,3200
TICKET_005782,PROD_023,1,3500
TICKET_005783,PROD_010,1,3500
TICKET_005783,PROD_016,1,2500
TICKET_005783,PROD_011,1,2500
TICKET_005784,PROD_012,1,3000
TICKET_005784,PROD_008,1,3200
TICKET_005784,PROD_009,1,5000
TICKET_005785,PROD_029,1,3000
TICKET_005786,PROD_021,1,3500
TICKET_005786,PROD_009,1,5000
TICKET_005786,PROD_018,1,2800
TICKET_005787,PROD_004,1,4800
TICKET_005787,PROD_024,1,3000
TICKET_005788,PROD_031,1,4500
TICKET_005788,PROD_003,1,4500
TICKET_005788,PROD_026,1,3500
TICKET_005789,PROD_002,1,3500
TICKET_005789,PROD_004,1,4800
TICKET_005790,PROD_031,1,4500
TICKET_005790,PROD_013,1,3500
TICKET_005791,PROD_010,1,3500
TICKET_005791,PROD_016,1,2500
TICKET_005791,PROD_035,1,7500
TICKET_005792,PROD_019,1,3200
TICKET_005792,PROD_012,1,3000
TICKET_005792,PROD_026,1,3500
TICKET_005793,PROD_006,1,2500
TICKET_005794,PROD_033,1,1500
TICKET_005795,PROD_001,2,2500
TICKET_005796,PROD_014,1,3800
TICKET_005796,PROD_028,1,2000
TICKET_005797,PROD_002,1,3500
TICKET_005797,PROD_017,1,2800
TICKET_005797,PROD_001,1,2500
TICKET_005798,PROD_018,1,2800
TICKET_005799,PROD_001,1,2500
TICKET_005799,PROD_029,1,3000
TICKET_005800,PROD_003,1,4500
TICKET_005800,PROD_023,1,3500
TICKET_005801,PROD_009,1,5000
TICKET_005802,PROD_021,1,3500
TICKET_005803,PROD_019,1,3200
TICKET_005804,PROD_012,1,3000
TICKET_005804,PROD_024,1,3000
TICKET_005804,PROD_034,1,6500
TICKET_005804,PROD_028,1,2000
TICKET_005805,PROD_012,1,3000
TICKET_005806,PROD_001,1,2500
TICKET_005806,PROD_015,1,2800
TICKET_005806,PROD_013,1,3500
TICKET_005806,PROD_034,1,6500
TICKET_005807,PROD_030,1,4500
TICKET_005807,PROD_002,1,3500
TICKET_005808,PROD_030,1,4500
TICKET_005809,PROD_010,1,3500
TICKET_005809,PROD_016,1,2500
TICKET_005809,PROD_008,1,3200
TICKET_005810,PROD_016,1,2500
TICKET_005811,PROD_002,1,3500
TICKET_005811,PROD_017,1,2800
TICKET_005812,PROD_003,1,4500
TICKET_005812,PROD_023,1,3500
TICKET_005813,PROD_031,1,4500
TICKET_005814,PROD_006,1,2500
TICKET_005814,PROD_012,1,3000
TICKET_005814,PROD_005,1,4000
TICKET_005815,PROD_021,2,3500
TICKET_005816,PROD_031,1,4500
TICKET_005817,PROD_021,1,3500
TICKET_005818,PROD_006,1,2500
TICKET_005819,PROD_028,1,2000
TICKET_005820,PROD_001,1,2500
TICKET_005820,PROD_015,1,2800
TICKET_005821,PROD_001,1,2500
TICKET_005821,PROD_015,1,2800
TICKET_005821,PROD_004,1,4800
TICKET_005822,PROD_033,1,1500
TICKET_005823,PROD_002,1,3500
TICKET_005823,PROD_017,1,2800
TICKET_005824,PROD_029,1,3000
TICKET_005824,PROD_020,1,3200
TICKET_005825,PROD_021,1,3500
TICKET_005826,PROD_023,1,3500
TICKET_005827,PROD_031,1,4500
TICKET_005827,PROD_003,1,4500
TICKET_005827,PROD_018,1,2800
TICKET_005828,PROD_033,1,1500
TICKET_005828,PROD_032,1,2500
TICKET_005829,PROD_010,1,3500
TICKET_005829,PROD_016,1,2500
TICKET_005829,PROD_027,1,2500
TICKET_005829,PROD_035,1,7500
TICKET_005830,PROD_010,1,3500
TICKET_005830,PROD_016,1,2500
TICKET_005830,PROD_014,1,3800
TICKET_005830,PROD_034,1,6500
TICKET_005831,PROD_003,1,4500
TICKET_005831,PROD_023,1,3500
TICKET_005832,PROD_006,1,2500
TICKET_005832,PROD_028,1,2000
TICKET_005832,PROD_007,1,4500
TICKET_005833,PROD_003,1,4500
TICKET_005833,PROD_023,1,3500
TICKET_005834,PROD_012,1,3000
TICKET_005834,PROD_024,1,3000
TICKET_005834,PROD_006,1,2500
TICKET_005834,PROD_026,1,3500
TICKET_005835,PROD_019,1,3200
TICKET_005835,PROD_012,1,3000
TICKET_005836,PROD_032,1,2500
TICKET_005837,PROD_021,1,3500
TICKET_005837,PROD_009,1,5000
TICKET_005837,PROD_002,1,3500
TICKET_005838,PROD_025,1,3500
TICKET_005839,PROD_032,1,2500
TICKET_005840,PROD_012,1,3000
TICKET_005840,PROD_024,1,3000
TICKET_005841,PROD_002,1,3500
TICKET_005841,PROD_017,1,2800
TICKET_005841,PROD_028,1,2000
TICKET_005842,PROD_019,1,3200
TICKET_005843,PROD_021,1,3500
TICKET_005843,PROD_009,1,5000
TICKET_005844,PROD_001,1,2500
TICKET_005844,PROD_015,1,2800
TICKET_005844,PROD_009,1,5000
TICKET_005845,PROD_021,1,3500
TICKET_005845,PROD_009,1,5000
TICKET_005846,PROD_020,1,3200
TICKET_005847,PROD_021,1,3500
TICKET_005847,PROD_009,1,5000
TICKET_005847,PROD_030,1,4500
TICKET_005847,PROD_031,1,4500
TICKET_005848,PROD_035,1,7500
TICKET_005849,PROD_001,2,2500
TICKET_005849,PROD_025,1,3500
TICKET_005849,PROD_026,1,3500
TICKET_005850,PROD_014,1,3800
TICKET_005851,PROD_006,1,2500
TICKET_005852,PROD_035,1,7500
TICKET_005853,PROD_003,1,4500
TICKET_005853,PROD_023,1,3500
TICKET_005854,PROD_019,1,3200
TICKET_005854,PROD_012,1,3000
TICKET_005854,PROD_035,1,7500
TICKET_005854,PROD_034,1,6500
TICKET_005855,PROD_016,1,2500
TICKET_005856,PROD_014,1,3800
TICKET_005857,PROD_029,1,3000
TICKET_005858,PROD_031,1,4500
TICKET_005858,PROD_003,1,4500
TICKET_005858,PROD_032,1,2500
TICKET_005859,PROD_019,1,3200
TICKET_005859,PROD_005,1,4000
TICKET_005859,PROD_029,1,3000
TICKET_005860,PROD_002,1,3500
TICKET_005861,PROD_004,1,4800
TICKET_005862,PROD_018,1,2800
TICKET_005863,PROD_027,1,2500
TICKET_005863,PROD_006,1,2500
TICKET_005864,PROD_012,1,3000
TICKET_005865,PROD_002,1,3500
TICKET_005865,PROD_017,1,2800
TICKET_005866,PROD_008,1,3200
TICKET_005867,PROD_003,1,4500
TICKET_005868,PROD_001,1,2500
TICKET_005869,PROD_019,1,3200
TICKET_005869,PROD_012,1,3000
TICKET_005869,PROD_031,1,4500
TICKET_005869,PROD_008,1,3200
TICKET_005870,PROD_002,1,3500
TICKET_005870,PROD_017,1,2800
TICKET_005870,PROD_028,1,2000
TICKET_005870,PROD_010,1,3500
TICKET_005871,PROD_004,1,4800
TICKET_005872,PROD_001,1,2500
TICKET_005872,PROD_013,1,3500
TICKET_005872,PROD_004,1,4800
TICKET_005873,PROD_019,1,3200
TICKET_005873,PROD_012,1,3000
TICKET_005873,PROD_002,1,3500
TICKET_005873,PROD_023,1,3500
TICKET_005874,PROD_031,2,4500
TICKET_005874,PROD_003,1,4500
TICKET_005874,PROD_002,1,3500
TICKET_005875,PROD_001,1,2500
TICKET_005875,PROD_015,1,2800
TICKET_005876,PROD_019,1,3200
TICKET_005876,PROD_009,1,5000
TICKET_005876,PROD_018,1,2800
TICKET_005877,PROD_006,1,2500
TICKET_005878,PROD_001,1,2500
TICKET_005878,PROD_015,1,2800
TICKET_005879,PROD_006,1,2500
TICKET_005879,PROD_008,1,3200
TICKET_005879,PROD_022,1,3500
TICKET_005880,PROD_035,1,7500
TICKET_005881,PROD_019,1,3200
TICKET_005881,PROD_012,1,3000
TICKET_005881,PROD_003,1,4500
TICKET_005882,PROD_019,1,3200
TICKET_005882,PROD_012,1,3000
TICKET_005882,PROD_033,1,1500
TICKET_005882,PROD_026,1,3500
TICKET_005883,PROD_003,1,4500
TICKET_005884,PROD_034,1,6500
TICKET_005885,PROD_006,1,2500
TICKET_005886,PROD_019,1,3200
TICKET_005886,PROD_012,1,3000
TICKET_005887,PROD_026,1,3500
TICKET_005888,PROD_019,1,3200
TICKET_005888,PROD_012,1,3000
TICKET_005889,PROD_035,1,7500
TICKET_005890,PROD_012,1,3000
TICKET_005890,PROD_024,1,3000
TICKET_005891,PROD_019,1,3200
TICKET_005891,PROD_012,1,3000
TICKET_005891,PROD_013,1,3500
TICKET_005892,PROD_026,1,3500
TICKET_005893,PROD_003,1,4500
TICKET_005893,PROD_023,1,3500
TICKET_005894,PROD_017,1,2800
TICKET_005895,PROD_012,1,3000
TICKET_005896,PROD_013,1,3500
TICKET_005897,PROD_031,1,4500
TICKET_005897,PROD_018,1,2800
TICKET_005897,PROD_002,1,3500
TICKET_005898,PROD_001,1,2500
TICKET_005898,PROD_015,1,2800
TICKET_005898,PROD_028,1,2000
TICKET_005898,PROD_021,1,3500
TICKET_005899,PROD_031,1,4500
TICKET_005900,PROD_021,1,3500
TICKET_005900,PROD_009,1,5000
TICKET_005901,PROD_027,1,2500
TICKET_005902,PROD_021,1,3500
TICKET_005902,PROD_009,1,5000
TICKET_005903,PROD_019,1,3200
TICKET_005903,PROD_012,1,3000
TICKET_005904,PROD_021,1,3500
TICKET_005904,PROD_002,1,3500
TICKET_005905,PROD_003,1,4500
TICKET_005905,PROD_023,1,3500
TICKET_005906,PROD_010,1,3500
TICKET_005907,PROD_001,1,2500
TICKET_005907,PROD_015,1,2800
TICKET_005908,PROD_010,1,3500
TICKET_005909,PROD_022,1,3500
TICKET_005910,PROD_031,1,4500
TICKET_005910,PROD_003,1,4500
TICKET_005911,PROD_006,1,2500
TICKET_005912,PROD_029,1,3000
TICKET_005912,PROD_015,1,2800
TICKET_005913,PROD_029,1,3000
TICKET_005913,PROD_035,1,7500
TICKET_005914,PROD_034,1,6500
TICKET_005915,PROD_001,1,2500
TICKET_005915,PROD_015,1,2800
TICKET_005915,PROD_035,1,7500
TICKET_005915,PROD_026,1,3500
TICKET_005916,PROD_031,1,4500
TICKET_005916,PROD_003,1,4500
TICKET_005916,PROD_024,1,3000
TICKET_005917,PROD_009,1,5000
TICKET_005918,PROD_020,1,3200
TICKET_005919,PROD_003,1,4500
TICKET_005920,PROD_014,1,3800
TICKET_005921,PROD_003,1,4500
TICKET_005921,PROD_023,1,3500
TICKET_005922,PROD_015,1,2800
TICKET_005923,PROD_010,1,3500
TICKET_005923,PROD_016,1,2500
TICKET_005923,PROD_029,1,3000
TICKET_005923,PROD_015,1,2800
TICKET_005924,PROD_021,1,3500
TICKET_005924,PROD_009,1,5000
TICKET_005925,PROD_012,1,3000
TICKET_005926,PROD_021,1,3500
TICKET_005926,PROD_009,1,5000
TICKET_005927,PROD_024,1,3000
TICKET_005927,PROD_003,1,4500
TICKET_005928,PROD_035,1,7500
TICKET_005928,PROD_018,1,2800
TICKET_005929,PROD_021,1,3500
TICKET_005929,PROD_009,1,5000
TICKET_005929,PROD_035,1,7500
TICKET_005929,PROD_031,1,4500
TICKET_005930,PROD_019,1,3200
TICKET_005930,PROD_001,1,2500
TICKET_005930,PROD_013,1,3500
TICKET_005931,PROD_002,1,3500
TICKET_005931,PROD_001,1,2500
TICKET_005931,PROD_032,1,2500
TICKET_005932,PROD_029,1,3000
TICKET_005933,PROD_035,1,7500
TICKET_005934,PROD_017,1,2800
TICKET_005935,PROD_001,1,2500
TICKET_005935,PROD_015,1,2800
TICKET_005935,PROD_021,1,3500
TICKET_005936,PROD_012,1,3000
TICKET_005936,PROD_024,1,3000
TICKET_005937,PROD_010,1,3500
TICKET_005938,PROD_010,1,3500
TICKET_005939,PROD_019,1,3200
TICKET_005939,PROD_012,1,3000
TICKET_005940,PROD_021,1,3500
TICKET_005940,PROD_003,1,4500
TICKET_005940,PROD_029,1,3000
TICKET_005941,PROD_012,1,3000
TICKET_005942,PROD_006,1,2500
TICKET_005942,PROD_028,1,2000
TICKET_005943,PROD_010,1,3500
TICKET_005943,PROD_016,1,2500
TICKET_005943,PROD_033,1,1500
TICKET_005943,PROD_004,1,4800
TICKET_005944,PROD_003,1,4500
TICKET_005944,PROD_004,1,4800
TICKET_005945,PROD_025,1,3500
TICKET_005945,PROD_008,1,3200
TICKET_005946,PROD_019,1,3200
TICKET_005946,PROD_012,1,3000
TICKET_005946,PROD_031,2,4500
TICKET_005947,PROD_001,1,2500
TICKET_005947,PROD_015,1,2800
TICKET_005948,PROD_001,1,2500
TICKET_005949,PROD_021,1,3500
TICKET_005950,PROD_010,1,3500
TICKET_005950,PROD_016,1,2500
TICKET_005950,PROD_008,1,3200
TICKET_005950,PROD_019,1,3200
TICKET_005951,PROD_035,1,7500
TICKET_005952,PROD_029,1,3000
TICKET_005953,PROD_026,1,3500
TICKET_005954,PROD_018,1,2800
TICKET_005955,PROD_010,1,3500
TICKET_005955,PROD_016,1,2500
TICKET_005956,PROD_014,1,3800
TICKET_005957,PROD_001,1,2500
TICKET_005957,PROD_035,1,7500
TICKET_005958,PROD_021,1,3500
TICKET_005959,PROD_026,1,3500
TICKET_005959,PROD_002,1,3500
TICKET_005960,PROD_029,1,3000
TICKET_005961,PROD_001,1,2500
TICKET_005961,PROD_034,1,6500
TICKET_005961,PROD_021,1,3500
TICKET_005962,PROD_012,1,3000
TICKET_005962,PROD_024,1,3000
TICKET_005963,PROD_012,1,3000
TICKET_005964,PROD_019,1,3200
TICKET_005964,PROD_018,1,2800
TICKET_005965,PROD_007,1,4500
TICKET_005966,PROD_027,1,2500
TICKET_005967,PROD_015,1,2800
TICKET_005968,PROD_012,1,3000
TICKET_005969,PROD_014,1,3800
TICKET_005970,PROD_034,1,6500
TICKET_005970,PROD_016,1,2500
TICKET_005971,PROD_020,1,3200
TICKET_005972,PROD_001,1,2500
TICKET_005972,PROD_015,1,2800
TICKET_005973,PROD_028,1,2000
TICKET_005974,PROD_012,1,3000
TICKET_005975,PROD_001,1,2500
TICKET_005975,PROD_015,1,2800
TICKET_005976,PROD_001,1,2500
TICKET_005976,PROD_015,1,2800
TICKET_005977,PROD_001,1,2500
TICKET_005978,PROD_021,1,3500
TICKET_005979,PROD_003,1,4500
TICKET_005980,PROD_001,1,2500
TICKET_005981,PROD_019,1,3200
TICKET_005981,PROD_012,1,3000
TICKET_005982,PROD_003,1,4500
TICKET_005982,PROD_023,1,3500
TICKET_005983,PROD_006,1,2500
TICKET_005983,PROD_028,1,2000
TICKET_005984,PROD_035,1,7500
TICKET_005985,PROD_035,1,7500
TICKET_005986,PROD_011,1,2500
TICKET_005987,PROD_015,1,2800
TICKET_005988,PROD_007,1,4500
TICKET_005989,PROD_035,1,7500
TICKET_005990,PROD_006,1,2500
TICKET_005991,PROD_003,1,4500
TICKET_005991,PROD_023,1,3500
TICKET_005992,PROD_001,1,2500
TICKET_005993,PROD_001,1,2500
TICKET_005993,PROD_015,1,2800
TICKET_005994,PROD_006,1,2500
TICKET_005994,PROD_034,1,6500
TICKET_005995,PROD_019,1,3200
TICKET_005995,PROD_012,1,3000
TICKET_005996,PROD_027,1,2500
TICKET_005997,PROD_015,1,2800
TICKET_005998,PROD_022,1,3500
TICKET_005999,PROD_010,1,3500
TICKET_005999,PROD_016,1,2500
TICKET_005999,PROD_007,1,4500
TICKET_005999,PROD_009,1,5000
TICKET_006000,PROD_012,1,3000
TICKET_006001,PROD_010,1,3500
TICKET_006001,PROD_002,1,3500
TICKET_006002,PROD_031,1,4500
TICKET_006003,PROD_022,1,3500
TICKET_006004,PROD_002,1,3500
TICKET_006005,PROD_001,1,2500
TICKET_006006,PROD_006,1,2500
TICKET_006006,PROD_028,1,2000
TICKET_006006,PROD_001,1,2500
TICKET_006007,PROD_031,1,4500
TICKET_006007,PROD_003,1,4500
TICKET_006008,PROD_031,1,4500
TICKET_006009,PROD_003,1,4500
TICKET_006009,PROD_023,1,3500
TICKET_006010,PROD_001,1,2500
TICKET_006010,PROD_015,1,2800
TICKET_006011,PROD_012,1,3000
TICKET_006011,PROD_024,1,3000
TICKET_006012,PROD_010,1,3500
TICKET_006013,PROD_031,1,4500
TICKET_006013,PROD_003,1,4500
TICKET_006014,PROD_020,1,3200
TICKET_006014,PROD_010,1,3500
TICKET_006015,PROD_019,1,3200
TICKET_006015,PROD_012,1,3000
TICKET_006016,PROD_028,1,2000
TICKET_006017,PROD_001,1,2500
TICKET_006018,PROD_006,1,2500
TICKET_006018,PROD_028,1,2000
TICKET_006018,PROD_034,1,6500
TICKET_006018,PROD_003,1,4500
TICKET_006019,PROD_033,1,1500
TICKET_006020,PROD_002,1,3500
TICKET_006021,PROD_003,1,4500
TICKET_006021,PROD_023,1,3500
TICKET_006022,PROD_006,1,2500
TICKET_006023,PROD_003,1,4500
TICKET_006023,PROD_005,1,4000
TICKET_006023,PROD_024,1,3000
TICKET_006024,PROD_003,1,4500
TICKET_006024,PROD_023,1,3500
TICKET_006025,PROD_034,1,6500
TICKET_006026,PROD_032,1,2500
TICKET_006027,PROD_013,1,3500
TICKET_006028,PROD_004,1,4800
TICKET_006028,PROD_005,1,4000
TICKET_006029,PROD_001,1,2500
TICKET_006029,PROD_026,1,3500
TICKET_006029,PROD_005,1,4000
TICKET_006030,PROD_024,1,3000
TICKET_006031,PROD_010,1,3500
TICKET_006032,PROD_021,1,3500
TICKET_006032,PROD_009,1,5000
TICKET_006033,PROD_003,2,4500
TICKET_006033,PROD_034,1,6500
TICKET_006034,PROD_021,1,3500
TICKET_006034,PROD_009,1,5000
TICKET_006034,PROD_032,1,2500
TICKET_006035,PROD_021,1,3500
TICKET_006036,PROD_002,1,3500
TICKET_006036,PROD_017,1,2800
TICKET_006036,PROD_009,1,5000
TICKET_006036,PROD_008,1,3200
TICKET_006037,PROD_034,1,6500
TICKET_006037,PROD_021,1,3500
TICKET_006038,PROD_020,1,3200
TICKET_006039,PROD_019,1,3200
TICKET_006039,PROD_012,1,3000
TICKET_006040,PROD_008,1,3200
TICKET_006041,PROD_010,1,3500
TICKET_006041,PROD_016,1,2500
TICKET_006041,PROD_007,1,4500
TICKET_006041,PROD_021,1,3500
TICKET_006042,PROD_009,1,5000
TICKET_006043,PROD_006,1,2500
TICKET_006043,PROD_034,1,6500
TICKET_006044,PROD_022,1,3500
TICKET_006044,PROD_029,1,3000
TICKET_006045,PROD_028,1,2000
TICKET_006046,PROD_003,1,4500
TICKET_006046,PROD_031,1,4500
TICKET_006047,PROD_010,1,3500
TICKET_006047,PROD_016,1,2500
TICKET_006048,PROD_001,1,2500
TICKET_006049,PROD_024,1,3000
TICKET_006050,PROD_003,1,4500
TICKET_006050,PROD_023,1,3500
TICKET_006050,PROD_005,1,4000
TICKET_006051,PROD_002,1,3500
TICKET_006051,PROD_017,1,2800
TICKET_006052,PROD_009,1,5000
TICKET_006053,PROD_012,1,3000
TICKET_006053,PROD_024,1,3000
TICKET_006053,PROD_011,1,2500
TICKET_006054,PROD_021,1,3500
TICKET_006055,PROD_013,1,3500
TICKET_006056,PROD_007,1,4500
TICKET_006057,PROD_003,1,4500
TICKET_006058,PROD_019,1,3200
TICKET_006058,PROD_012,1,3000
TICKET_006059,PROD_017,1,2800
TICKET_006060,PROD_024,1,3000
TICKET_006060,PROD_015,1,2800
TICKET_006061,PROD_013,1,3500
TICKET_006062,PROD_012,1,3000
TICKET_006062,PROD_002,1,3500
TICKET_006063,PROD_019,1,3200
TICKET_006063,PROD_012,1,3000
TICKET_006064,PROD_001,1,2500
TICKET_006065,PROD_003,1,4500
TICKET_006065,PROD_023,1,3500
TICKET_006065,PROD_006,1,2500
TICKET_006066,PROD_003,1,4500
TICKET_006066,PROD_023,1,3500
TICKET_006067,PROD_013,1,3500
TICKET_006068,PROD_021,1,3500
TICKET_006068,PROD_013,1,3500
TICKET_006068,PROD_004,1,4800
TICKET_006069,PROD_030,1,4500
TICKET_006070,PROD_006,1,2500
TICKET_006071,PROD_001,1,2500
TICKET_006071,PROD_023,1,3500
TICKET_006072,PROD_006,1,2500
TICKET_006072,PROD_028,1,2000
TICKET_006072,PROD_022,1,3500
TICKET_006072,PROD_004,1,4800
TICKET_006073,PROD_003,2,4500
TICKET_006073,PROD_035,1,7500
TICKET_006074,PROD_004,1,4800
TICKET_006075,PROD_019,1,3200
TICKET_006075,PROD_012,1,3000
TICKET_006076,PROD_010,1,3500
TICKET_006076,PROD_016,1,2500
TICKET_006077,PROD_012,1,3000
TICKET_006077,PROD_024,1,3000
TICKET_006077,PROD_025,1,3500
TICKET_006078,PROD_019,1,3200
TICKET_006078,PROD_012,1,3000
TICKET_006078,PROD_033,1,1500
TICKET_006079,PROD_002,1,3500
TICKET_006079,PROD_017,1,2800
TICKET_006079,PROD_026,1,3500
TICKET_006079,PROD_032,1,2500
TICKET_006080,PROD_003,1,4500
TICKET_006080,PROD_023,1,3500
TICKET_006080,PROD_031,1,4500
TICKET_006081,PROD_012,1,3000
TICKET_006081,PROD_024,1,3000
TICKET_006082,PROD_003,1,4500
TICKET_006082,PROD_023,1,3500
TICKET_006083,PROD_002,1,3500
TICKET_006083,PROD_017,1,2800
TICKET_006084,PROD_002,1,3500
TICKET_006084,PROD_017,1,2800
TICKET_006085,PROD_031,1,4500
TICKET_006085,PROD_003,1,4500
TICKET_006086,PROD_021,1,3500
TICKET_006086,PROD_009,1,5000
TICKET_006087,PROD_001,2,2500
TICKET_006088,PROD_019,1,3200
TICKET_006089,PROD_001,1,2500
TICKET_006089,PROD_004,1,4800
TICKET_006090,PROD_032,1,2500
TICKET_006091,PROD_021,2,3500
TICKET_006092,PROD_021,1,3500
TICKET_006092,PROD_009,1,5000
TICKET_006093,PROD_012,1,3000
TICKET_006094,PROD_031,1,4500
TICKET_006094,PROD_029,1,3000
TICKET_006094,PROD_013,1,3500
TICKET_006095,PROD_002,1,3500
TICKET_006095,PROD_017,1,2800
TICKET_006095,PROD_025,1,3500
TICKET_006096,PROD_001,1,2500
TICKET_006096,PROD_028,1,2000
TICKET_006096,PROD_006,1,2500
TICKET_006097,PROD_001,1,2500
TICKET_006097,PROD_015,1,2800
TICKET_006098,PROD_028,1,2000
TICKET_006099,PROD_006,1,2500
TICKET_006099,PROD_028,1,2000
TICKET_006100,PROD_006,1,2500
TICKET_006101,PROD_025,1,3500
TICKET_006102,PROD_002,1,3500
TICKET_006102,PROD_017,1,2800
TICKET_006103,PROD_001,1,2500
TICKET_006103,PROD_015,1,2800
TICKET_006103,PROD_031,1,4500
TICKET_006103,PROD_002,1,3500
TICKET_006104,PROD_005,1,4000
TICKET_006105,PROD_001,1,2500
TICKET_006105,PROD_020,1,3200
TICKET_006106,PROD_012,1,3000
TICKET_006106,PROD_024,1,3000
TICKET_006107,PROD_028,1,2000
TICKET_006108,PROD_020,1,3200
TICKET_006109,PROD_010,1,3500
TICKET_006109,PROD_016,1,2500
TICKET_006109,PROD_014,1,3800
TICKET_006110,PROD_019,1,3200
TICKET_006110,PROD_012,1,3000
TICKET_006110,PROD_024,1,3000
TICKET_006111,PROD_021,1,3500
TICKET_006111,PROD_009,1,5000
TICKET_006111,PROD_010,1,3500
TICKET_006112,PROD_012,1,3000
TICKET_006113,PROD_031,1,4500
TICKET_006114,PROD_031,1,4500
TICKET_006114,PROD_005,1,4000
TICKET_006114,PROD_020,1,3200
TICKET_006115,PROD_019,1,3200
TICKET_006116,PROD_006,1,2500
TICKET_006117,PROD_001,1,2500
TICKET_006118,PROD_035,1,7500
TICKET_006119,PROD_001,1,2500
TICKET_006119,PROD_020,1,3200
TICKET_006120,PROD_010,1,3500
TICKET_006120,PROD_016,1,2500
TICKET_006121,PROD_011,1,2500
TICKET_006122,PROD_019,1,3200
TICKET_006122,PROD_007,1,4500
TICKET_006123,PROD_003,1,4500
TICKET_006123,PROD_023,1,3500
TICKET_006124,PROD_001,1,2500
TICKET_006124,PROD_015,1,2800
TICKET_006124,PROD_021,1,3500
TICKET_006125,PROD_010,1,3500
TICKET_006125,PROD_016,1,2500
TICKET_006125,PROD_009,1,5000
TICKET_006126,PROD_004,1,4800
TICKET_006126,PROD_019,1,3200
TICKET_006127,PROD_019,1,3200
TICKET_006127,PROD_003,1,4500
TICKET_006128,PROD_012,1,3000
TICKET_006128,PROD_024,1,3000
TICKET_006129,PROD_010,2,3500
TICKET_006129,PROD_016,1,2500
TICKET_006129,PROD_027,1,2500
TICKET_006130,PROD_006,1,2500
TICKET_006131,PROD_019,1,3200
TICKET_006132,PROD_001,1,2500
TICKET_006133,PROD_010,1,3500
TICKET_006134,PROD_011,1,2500
TICKET_006135,PROD_002,1,3500
TICKET_006135,PROD_017,1,2800
TICKET_006136,PROD_006,1,2500
TICKET_006137,PROD_003,1,4500
TICKET_006138,PROD_011,1,2500
TICKET_006139,PROD_022,1,3500
TICKET_006140,PROD_021,1,3500
TICKET_006140,PROD_009,1,5000
TICKET_006141,PROD_031,1,4500
TICKET_006141,PROD_002,1,3500
TICKET_006142,PROD_002,1,3500
TICKET_006143,PROD_022,1,3500
TICKET_006143,PROD_017,1,2800
TICKET_006144,PROD_010,1,3500
TICKET_006144,PROD_016,1,2500
TICKET_006144,PROD_025,1,3500
TICKET_006145,PROD_002,1,3500
TICKET_006145,PROD_017,1,2800
TICKET_006146,PROD_032,1,2500
TICKET_006147,PROD_020,1,3200
TICKET_006148,PROD_001,1,2500
TICKET_006148,PROD_015,1,2800
TICKET_006148,PROD_010,1,3500
TICKET_006148,PROD_022,1,3500
TICKET_006149,PROD_031,1,4500
TICKET_006150,PROD_015,1,2800
TICKET_006151,PROD_019,1,3200
TICKET_006151,PROD_012,1,3000
TICKET_006151,PROD_034,1,6500
TICKET_006152,PROD_021,1,3500
TICKET_006153,PROD_034,1,6500
TICKET_006154,PROD_001,1,2500
TICKET_006155,PROD_001,1,2500
TICKET_006155,PROD_015,1,2800
TICKET_006156,PROD_024,1,3000
TICKET_006157,PROD_001,1,2500
TICKET_006158,PROD_001,2,2500
TICKET_006158,PROD_031,1,4500
TICKET_006159,PROD_001,1,2500
TICKET_006160,PROD_031,1,4500
TICKET_006160,PROD_003,1,4500
TICKET_006161,PROD_002,1,3500
TICKET_006161,PROD_017,2,2800
TICKET_006162,PROD_019,1,3200
TICKET_006162,PROD_012,1,3000
TICKET_006162,PROD_020,1,3200
TICKET_006163,PROD_012,1,3000
TICKET_006163,PROD_024,1,3000
TICKET_006164,PROD_012,1,3000
TICKET_006165,PROD_014,1,3800
TICKET_006166,PROD_006,1,2500
TICKET_006167,PROD_021,1,3500
TICKET_006168,PROD_006,1,2500
TICKET_006168,PROD_028,1,2000
TICKET_006169,PROD_010,1,3500
TICKET_006169,PROD_015,1,2800
TICKET_006170,PROD_008,1,3200
TICKET_006171,PROD_006,1,2500
TICKET_006172,PROD_001,1,2500
TICKET_006172,PROD_034,1,6500
TICKET_006173,PROD_021,1,3500
TICKET_006174,PROD_001,1,2500
TICKET_006174,PROD_015,1,2800
TICKET_006174,PROD_024,1,3000
TICKET_006175,PROD_014,1,3800
TICKET_006176,PROD_008,1,3200
TICKET_006177,PROD_006,1,2500
TICKET_006177,PROD_028,2,2000
TICKET_006178,PROD_001,1,2500
TICKET_006179,PROD_021,1,3500
TICKET_006180,PROD_011,1,2500
TICKET_006181,PROD_003,1,4500
TICKET_006181,PROD_023,1,3500
TICKET_006181,PROD_002,1,3500
TICKET_006182,PROD_012,1,3000
TICKET_006183,PROD_001,1,2500
TICKET_006184,PROD_001,2,2500
TICKET_006185,PROD_003,1,4500
TICKET_006185,PROD_023,1,3500
TICKET_006185,PROD_004,1,4800
TICKET_006185,PROD_012,1,3000
TICKET_006186,PROD_002,1,3500
TICKET_006187,PROD_019,1,3200
TICKET_006187,PROD_012,1,3000
TICKET_006188,PROD_031,1,4500
TICKET_006188,PROD_003,1,4500
TICKET_006189,PROD_021,1,3500
TICKET_006189,PROD_009,1,5000
TICKET_006190,PROD_019,1,3200
TICKET_006190,PROD_013,1,3500
TICKET_006191,PROD_003,1,4500
TICKET_006191,PROD_023,1,3500
TICKET_006192,PROD_001,1,2500
TICKET_006192,PROD_015,1,2800
TICKET_006193,PROD_025,1,3500
TICKET_006194,PROD_019,1,3200
TICKET_006194,PROD_012,1,3000
TICKET_006194,PROD_030,1,4500
TICKET_006194,PROD_005,1,4000
TICKET_006195,PROD_021,1,3500
TICKET_006195,PROD_009,1,5000
TICKET_006195,PROD_028,1,2000
TICKET_006195,PROD_003,1,4500
TICKET_006196,PROD_031,1,4500
TICKET_006196,PROD_003,1,4500
TICKET_006196,PROD_019,1,3200
TICKET_006197,PROD_035,1,7500
TICKET_006198,PROD_001,1,2500
TICKET_006198,PROD_003,1,4500
TICKET_006198,PROD_005,1,4000
TICKET_006199,PROD_021,1,3500
TICKET_006199,PROD_009,1,5000
TICKET_006199,PROD_019,1,3200
TICKET_006199,PROD_015,1,2800
TICKET_006200,PROD_032,1,2500
TICKET_006201,PROD_010,1,3500
TICKET_006201,PROD_023,1,3500
TICKET_006202,PROD_006,1,2500
TICKET_006203,PROD_034,1,6500
TICKET_006204,PROD_001,1,2500
TICKET_006204,PROD_015,1,2800
TICKET_006204,PROD_035,1,7500
TICKET_006205,PROD_033,1,1500
TICKET_006205,PROD_010,1,3500
TICKET_006206,PROD_001,1,2500
TICKET_006206,PROD_015,1,2800
TICKET_006206,PROD_010,1,3500
TICKET_006207,PROD_003,1,4500
TICKET_006208,PROD_001,1,2500
TICKET_006209,PROD_003,1,4500
TICKET_006209,PROD_023,1,3500
TICKET_006209,PROD_014,1,3800
TICKET_006209,PROD_016,1,2500
TICKET_006210,PROD_002,1,3500
TICKET_006210,PROD_017,1,2800
TICKET_006210,PROD_034,1,6500
TICKET_006210,PROD_035,1,7500
TICKET_006211,PROD_008,1,3200
TICKET_006212,PROD_001,1,2500
TICKET_006213,PROD_021,1,3500
TICKET_006214,PROD_024,1,3000
TICKET_006215,PROD_028,1,2000
TICKET_006216,PROD_010,1,3500
TICKET_006216,PROD_016,1,2500
TICKET_006216,PROD_022,1,3500
TICKET_006217,PROD_012,1,3000
TICKET_006217,PROD_024,2,3000
TICKET_006217,PROD_017,1,2800
TICKET_006218,PROD_018,1,2800
TICKET_006219,PROD_006,1,2500
TICKET_006220,PROD_008,1,3200
TICKET_006221,PROD_005,1,4000
TICKET_006222,PROD_025,1,3500
TICKET_006223,PROD_010,1,3500
TICKET_006223,PROD_016,1,2500
TICKET_006223,PROD_035,1,7500
TICKET_006224,PROD_006,1,2500
TICKET_006225,PROD_002,1,3500
TICKET_006225,PROD_017,1,2800
TICKET_006225,PROD_009,2,5000
TICKET_006226,PROD_003,1,4500
TICKET_006227,PROD_013,1,3500
TICKET_006228,PROD_001,1,2500
TICKET_006228,PROD_016,1,2500
TICKET_006229,PROD_012,1,3000
TICKET_006229,PROD_024,1,3000
TICKET_006230,PROD_004,1,4800
TICKET_006231,PROD_002,1,3500
TICKET_006231,PROD_017,1,2800
TICKET_006232,PROD_026,1,3500
TICKET_006232,PROD_035,1,7500
TICKET_006233,PROD_007,1,4500
TICKET_006234,PROD_006,1,2500
TICKET_006234,PROD_028,1,2000
TICKET_006234,PROD_035,1,7500
TICKET_006235,PROD_002,1,3500
TICKET_006235,PROD_017,1,2800
TICKET_006236,PROD_006,1,2500
TICKET_006237,PROD_001,1,2500
TICKET_006237,PROD_028,1,2000
TICKET_006237,PROD_034,1,6500
TICKET_006238,PROD_006,1,2500
TICKET_006238,PROD_028,1,2000
TICKET_006238,PROD_026,1,3500
TICKET_006239,PROD_023,1,3500
TICKET_006240,PROD_006,1,2500
TICKET_006240,PROD_028,1,2000
TICKET_006241,PROD_019,1,3200
TICKET_006242,PROD_001,2,2500
TICKET_006242,PROD_015,1,2800
TICKET_006243,PROD_010,1,3500
TICKET_006243,PROD_016,1,2500
TICKET_006244,PROD_003,1,4500
TICKET_006244,PROD_028,1,2000
TICKET_006245,PROD_012,1,3000
TICKET_006245,PROD_013,1,3500
TICKET_006246,PROD_002,1,3500
TICKET_006247,PROD_016,1,2500
TICKET_006248,PROD_003,1,4500
TICKET_006249,PROD_006,1,2500
TICKET_006249,PROD_028,1,2000
TICKET_006250,PROD_001,1,2500
TICKET_006250,PROD_015,1,2800
TICKET_006251,PROD_031,1,4500
TICKET_006251,PROD_003,1,4500
TICKET_006252,PROD_019,1,3200
TICKET_006253,PROD_005,1,4000
TICKET_006254,PROD_020,1,3200
TICKET_006254,PROD_012,1,3000
TICKET_006255,PROD_006,1,2500
TICKET_006255,PROD_014,1,3800
TICKET_006256,PROD_005,1,4000
TICKET_006257,PROD_003,1,4500
TICKET_006257,PROD_023,1,3500
TICKET_006258,PROD_031,1,4500
TICKET_006259,PROD_002,1,3500
TICKET_006259,PROD_017,1,2800
TICKET_006260,PROD_003,1,4500
TICKET_006261,PROD_006,1,2500
TICKET_006261,PROD_032,1,2500
TICKET_006262,PROD_007,1,4500
TICKET_006263,PROD_030,1,4500
TICKET_006264,PROD_002,1,3500
TICKET_006265,PROD_006,1,2500
TICKET_006266,PROD_021,1,3500
TICKET_006266,PROD_009,1,5000
TICKET_006267,PROD_028,1,2000
TICKET_006268,PROD_021,1,3500
TICKET_006269,PROD_013,1,3500
TICKET_006270,PROD_003,1,4500
TICKET_006270,PROD_023,1,3500
TICKET_006271,PROD_003,1,4500
TICKET_006271,PROD_023,1,3500
TICKET_006271,PROD_035,1,7500
TICKET_006272,PROD_021,1,3500
TICKET_006272,PROD_009,2,5000
TICKET_006273,PROD_018,1,2800
TICKET_006274,PROD_011,1,2500
TICKET_006275,PROD_029,1,3000
TICKET_006276,PROD_001,1,2500
TICKET_006276,PROD_019,1,3200
TICKET_006276,PROD_003,1,4500
TICKET_006277,PROD_027,1,2500
TICKET_006278,PROD_021,1,3500
TICKET_006279,PROD_001,2,2500
TICKET_006279,PROD_003,1,4500
TICKET_006280,PROD_018,1,2800
TICKET_006281,PROD_031,1,4500
TICKET_006281,PROD_003,1,4500
TICKET_006282,PROD_027,1,2500
TICKET_006283,PROD_012,1,3000
TICKET_006283,PROD_024,1,3000
TICKET_006283,PROD_018,1,2800
TICKET_006284,PROD_013,1,3500
TICKET_006284,PROD_034,1,6500
TICKET_006285,PROD_021,1,3500
TICKET_006285,PROD_009,1,5000
TICKET_006285,PROD_001,1,2500
TICKET_006286,PROD_025,1,3500
TICKET_006287,PROD_002,1,3500
TICKET_006287,PROD_017,1,2800
TICKET_006287,PROD_029,1,3000
TICKET_006287,PROD_022,1,3500
TICKET_006288,PROD_012,1,3000
TICKET_006289,PROD_012,1,3000
TICKET_006290,PROD_031,1,4500
TICKET_006291,PROD_021,1,3500
TICKET_006291,PROD_034,1,6500
TICKET_006291,PROD_023,1,3500
TICKET_006292,PROD_003,1,4500
TICKET_006292,PROD_023,1,3500
TICKET_006292,PROD_016,1,2500
TICKET_006293,PROD_002,2,3500
TICKET_006293,PROD_017,1,2800
TICKET_006293,PROD_031,1,4500
TICKET_006294,PROD_001,1,2500
TICKET_006294,PROD_015,1,2800
TICKET_006295,PROD_006,1,2500
TICKET_006296,PROD_001,1,2500
TICKET_006297,PROD_027,1,2500
TICKET_006298,PROD_021,1,3500
TICKET_006298,PROD_009,1,5000
TICKET_006299,PROD_019,1,3200
TICKET_006300,PROD_021,1,3500
TICKET_006300,PROD_009,1,5000
TICKET_006301,PROD_012,1,3000
TICKET_006301,PROD_024,1,3000
TICKET_006301,PROD_011,1,2500
TICKET_006302,PROD_021,1,3500
TICKET_006302,PROD_009,1,5000
TICKET_006302,PROD_017,1,2800
TICKET_006303,PROD_006,2,2500
TICKET_006303,PROD_028,1,2000
TICKET_006303,PROD_005,1,4000
TICKET_006304,PROD_028,1,2000
TICKET_006305,PROD_022,1,3500
TICKET_006306,PROD_010,1,3500
TICKET_006306,PROD_016,1,2500
TICKET_006306,PROD_034,1,6500
TICKET_006307,PROD_034,1,6500
TICKET_006308,PROD_019,1,3200
TICKET_006308,PROD_012,1,3000
TICKET_006309,PROD_013,1,3500
TICKET_006310,PROD_003,1,4500
TICKET_006310,PROD_008,1,3200
TICKET_006311,PROD_010,1,3500
TICKET_006311,PROD_016,1,2500
TICKET_006311,PROD_034,1,6500
TICKET_006311,PROD_023,1,3500
TICKET_006312,PROD_002,1,3500
TICKET_006312,PROD_017,1,2800
TICKET_006313,PROD_010,1,3500
TICKET_006313,PROD_016,1,2500
TICKET_006314,PROD_001,1,2500
TICKET_006315,PROD_031,1,4500
TICKET_006315,PROD_003,1,4500
TICKET_006316,PROD_019,1,3200
TICKET_006316,PROD_013,1,3500
TICKET_006317,PROD_006,1,2500
TICKET_006317,PROD_028,1,2000
TICKET_006318,PROD_025,1,3500
TICKET_006319,PROD_012,1,3000
TICKET_006319,PROD_024,1,3000
TICKET_006320,PROD_003,1,4500
TICKET_006321,PROD_001,2,2500
TICKET_006321,PROD_004,1,4800
TICKET_006322,PROD_019,1,3200
TICKET_006322,PROD_012,1,3000
TICKET_006323,PROD_035,1,7500
TICKET_006323,PROD_034,1,6500
TICKET_006324,PROD_025,1,3500
TICKET_006325,PROD_031,1,4500
TICKET_006326,PROD_031,1,4500
TICKET_006327,PROD_020,1,3200
TICKET_006327,PROD_023,1,3500
TICKET_006328,PROD_028,1,2000
TICKET_006329,PROD_014,1,3800
TICKET_006330,PROD_035,1,7500
TICKET_006331,PROD_018,1,2800
TICKET_006332,PROD_003,1,4500
TICKET_006332,PROD_023,1,3500
TICKET_006333,PROD_012,1,3000
TICKET_006333,PROD_024,1,3000
TICKET_006334,PROD_031,1,4500
TICKET_006335,PROD_001,1,2500
TICKET_006335,PROD_015,1,2800
TICKET_006336,PROD_025,1,3500
TICKET_006337,PROD_020,1,3200
TICKET_006338,PROD_010,1,3500
TICKET_006339,PROD_010,1,3500
TICKET_006339,PROD_016,1,2500
TICKET_006340,PROD_031,1,4500
TICKET_006341,PROD_006,1,2500
TICKET_006341,PROD_028,1,2000
TICKET_006341,PROD_033,1,1500
TICKET_006342,PROD_021,1,3500
TICKET_006342,PROD_009,1,5000
TICKET_006342,PROD_008,1,3200
TICKET_006343,PROD_001,2,2500
TICKET_006344,PROD_029,1,3000
TICKET_006345,PROD_006,1,2500
TICKET_006345,PROD_028,1,2000
TICKET_006345,PROD_021,1,3500
TICKET_006346,PROD_019,1,3200
TICKET_006346,PROD_012,1,3000
TICKET_006346,PROD_026,1,3500
TICKET_006346,PROD_004,1,4800
TICKET_006347,PROD_001,2,2500
TICKET_006347,PROD_020,1,3200
TICKET_006348,PROD_010,1,3500
TICKET_006348,PROD_016,1,2500
TICKET_006349,PROD_008,1,3200
TICKET_006350,PROD_021,1,3500
TICKET_006350,PROD_009,1,5000
TICKET_006351,PROD_006,1,2500
TICKET_006351,PROD_028,1,2000
TICKET_006352,PROD_012,1,3000
TICKET_006352,PROD_008,1,3200
TICKET_006352,PROD_014,1,3800
TICKET_006353,PROD_002,1,3500
TICKET_006353,PROD_026,1,3500
TICKET_006354,PROD_028,1,2000
TICKET_006355,PROD_005,1,4000
TICKET_006356,PROD_002,1,3500
TICKET_006356,PROD_017,1,2800
TICKET_006356,PROD_034,1,6500
TICKET_006357,PROD_033,1,1500
TICKET_006358,PROD_012,2,3000
TICKET_006358,PROD_024,1,3000
TICKET_006359,PROD_009,1,5000
TICKET_006360,PROD_003,1,4500
TICKET_006360,PROD_015,1,2800
TICKET_006360,PROD_008,1,3200
TICKET_006361,PROD_021,1,3500
TICKET_006361,PROD_009,1,5000
TICKET_006361,PROD_008,1,3200
TICKET_006362,PROD_010,1,3500
TICKET_006363,PROD_023,1,3500
TICKET_006364,PROD_012,1,3000
TICKET_006364,PROD_024,1,3000
TICKET_006365,PROD_003,1,4500
TICKET_006366,PROD_021,1,3500
TICKET_006366,PROD_009,1,5000
TICKET_006367,PROD_021,1,3500
TICKET_006367,PROD_009,1,5000
TICKET_006368,PROD_012,1,3000
TICKET_006368,PROD_024,1,3000
TICKET_006369,PROD_010,1,3500
TICKET_006369,PROD_016,1,2500
TICKET_006370,PROD_031,1,4500
TICKET_006370,PROD_003,1,4500
TICKET_006370,PROD_020,1,3200
TICKET_006370,PROD_027,1,2500
TICKET_006371,PROD_021,1,3500
TICKET_006371,PROD_009,1,5000
TICKET_006371,PROD_002,1,3500
TICKET_006372,PROD_003,1,4500
TICKET_006372,PROD_023,1,3500
TICKET_006373,PROD_012,1,3000
TICKET_006373,PROD_024,1,3000
TICKET_006373,PROD_025,1,3500
TICKET_006374,PROD_006,1,2500
TICKET_006374,PROD_028,1,2000
TICKET_006374,PROD_004,1,4800
TICKET_006375,PROD_012,1,3000
TICKET_006375,PROD_024,1,3000
TICKET_006376,PROD_012,1,3000
TICKET_006377,PROD_017,1,2800
TICKET_006377,PROD_020,1,3200
TICKET_006378,PROD_014,1,3800
TICKET_006378,PROD_034,1,6500
TICKET_006379,PROD_019,1,3200
TICKET_006379,PROD_035,1,7500
TICKET_006380,PROD_028,1,2000
TICKET_006380,PROD_007,1,4500
TICKET_006381,PROD_010,1,3500
TICKET_006381,PROD_016,1,2500
TICKET_006382,PROD_006,1,2500
TICKET_006382,PROD_028,1,2000
TICKET_006383,PROD_010,1,3500
TICKET_006383,PROD_016,1,2500
TICKET_006384,PROD_031,1,4500
TICKET_006384,PROD_003,1,4500
TICKET_006385,PROD_012,1,3000
TICKET_006385,PROD_024,1,3000
TICKET_006386,PROD_011,1,2500
TICKET_006387,PROD_004,1,4800
TICKET_006388,PROD_021,1,3500
TICKET_006388,PROD_009,1,5000
TICKET_006389,PROD_031,1,4500
TICKET_006389,PROD_003,1,4500
TICKET_006389,PROD_027,1,2500
TICKET_006389,PROD_022,1,3500
TICKET_006390,PROD_012,1,3000
TICKET_006390,PROD_024,1,3000
TICKET_006390,PROD_013,1,3500
TICKET_006390,PROD_018,1,2800
TICKET_006391,PROD_012,1,3000
TICKET_006392,PROD_006,1,2500
TICKET_006393,PROD_006,1,2500
TICKET_006393,PROD_028,1,2000
TICKET_006393,PROD_032,1,2500
TICKET_006394,PROD_001,1,2500
TICKET_006394,PROD_015,1,2800
TICKET_006395,PROD_010,1,3500
TICKET_006396,PROD_006,1,2500
TICKET_006396,PROD_009,1,5000
TICKET_006397,PROD_001,1,2500
TICKET_006397,PROD_015,1,2800
TICKET_006398,PROD_031,1,4500
TICKET_006398,PROD_003,1,4500
TICKET_006399,PROD_011,1,2500
TICKET_006400,PROD_001,1,2500
TICKET_006401,PROD_001,1,2500
TICKET_006401,PROD_003,1,4500
TICKET_006401,PROD_010,1,3500
TICKET_006402,PROD_002,1,3500
TICKET_006402,PROD_017,1,2800
TICKET_006402,PROD_009,1,5000
TICKET_006403,PROD_001,1,2500
TICKET_006403,PROD_015,1,2800
TICKET_006403,PROD_019,1,3200
TICKET_006403,PROD_032,1,2500
TICKET_006404,PROD_006,1,2500
TICKET_006404,PROD_028,1,2000
TICKET_006404,PROD_007,1,4500
TICKET_006405,PROD_031,1,4500
TICKET_006405,PROD_003,1,4500
TICKET_006406,PROD_034,1,6500
TICKET_006407,PROD_015,1,2800
TICKET_006408,PROD_027,1,2500
TICKET_006409,PROD_001,1,2500
TICKET_006409,PROD_031,1,4500
TICKET_006410,PROD_003,1,4500
TICKET_006411,PROD_024,1,3000
TICKET_006412,PROD_034,1,6500
TICKET_006413,PROD_001,1,2500
TICKET_006414,PROD_002,1,3500
TICKET_006414,PROD_017,1,2800
TICKET_006414,PROD_008,1,3200
TICKET_006414,PROD_028,1,2000
TICKET_006415,PROD_027,1,2500
TICKET_006416,PROD_004,1,4800
TICKET_006417,PROD_010,1,3500
TICKET_006417,PROD_016,1,2500
TICKET_006417,PROD_023,1,3500
TICKET_006418,PROD_004,1,4800
TICKET_006419,PROD_019,1,3200
TICKET_006419,PROD_012,1,3000
TICKET_006420,PROD_001,1,2500
TICKET_006421,PROD_017,1,2800
TICKET_006422,PROD_031,1,4500
TICKET_006422,PROD_003,1,4500
TICKET_006422,PROD_028,1,2000
TICKET_006423,PROD_016,1,2500
TICKET_006424,PROD_025,1,3500
TICKET_006425,PROD_003,1,4500
TICKET_006425,PROD_023,1,3500
TICKET_006426,PROD_003,1,4500
TICKET_006427,PROD_031,1,4500
TICKET_006428,PROD_006,1,2500
TICKET_006428,PROD_029,1,3000
TICKET_006429,PROD_001,1,2500
TICKET_006429,PROD_015,1,2800
TICKET_006430,PROD_001,2,2500
TICKET_006431,PROD_004,1,4800
TICKET_006431,PROD_017,1,2800
TICKET_006432,PROD_006,1,2500
TICKET_006432,PROD_028,1,2000
TICKET_006433,PROD_035,1,7500
TICKET_006433,PROD_028,1,2000
TICKET_006434,PROD_014,1,3800
TICKET_006435,PROD_031,1,4500
TICKET_006436,PROD_002,1,3500
TICKET_006437,PROD_001,1,2500
TICKET_006437,PROD_015,1,2800
TICKET_006437,PROD_032,1,2500
TICKET_006438,PROD_007,1,4500
TICKET_006438,PROD_027,1,2500
TICKET_006439,PROD_013,1,3500
TICKET_006440,PROD_001,1,2500
TICKET_006440,PROD_015,1,2800
TICKET_006441,PROD_035,1,7500
TICKET_006442,PROD_012,1,3000
TICKET_006442,PROD_020,1,3200
TICKET_006443,PROD_003,2,4500
TICKET_006443,PROD_023,1,3500
TICKET_006444,PROD_001,1,2500
TICKET_006444,PROD_015,1,2800
TICKET_006445,PROD_006,1,2500
TICKET_006445,PROD_013,1,3500
TICKET_006445,PROD_025,1,3500
TICKET_006446,PROD_019,1,3200
TICKET_006447,PROD_033,1,1500
TICKET_006448,PROD_023,1,3500
TICKET_006449,PROD_001,1,2500
TICKET_006450,PROD_033,1,1500
TICKET_006451,PROD_021,1,3500
TICKET_006451,PROD_009,1,5000
TICKET_006452,PROD_010,1,3500
TICKET_006453,PROD_010,1,3500
TICKET_006453,PROD_016,1,2500
TICKET_006453,PROD_029,1,3000
TICKET_006454,PROD_034,1,6500
TICKET_006455,PROD_016,1,2500
TICKET_006456,PROD_019,1,3200
TICKET_006456,PROD_012,1,3000
TICKET_006457,PROD_019,1,3200
TICKET_006458,PROD_012,1,3000
TICKET_006458,PROD_024,1,3000
TICKET_006458,PROD_033,1,1500
TICKET_006458,PROD_019,1,3200
TICKET_006459,PROD_003,1,4500
TICKET_006459,PROD_023,1,3500
TICKET_006460,PROD_001,1,2500
TICKET_006461,PROD_012,1,3000
TICKET_006461,PROD_024,1,3000
TICKET_006461,PROD_023,1,3500
TICKET_006462,PROD_034,1,6500
TICKET_006463,PROD_003,1,4500
TICKET_006463,PROD_023,1,3500
TICKET_006463,PROD_010,1,3500
TICKET_006464,PROD_021,1,3500
TICKET_006464,PROD_009,1,5000
TICKET_006465,PROD_028,1,2000
TICKET_006465,PROD_035,1,7500
TICKET_006466,PROD_026,1,3500
TICKET_006467,PROD_035,1,7500
TICKET_006468,PROD_006,1,2500
TICKET_006468,PROD_011,1,2500
TICKET_006469,PROD_007,1,4500
TICKET_006470,PROD_008,1,3200
TICKET_006471,PROD_010,1,3500
TICKET_006471,PROD_016,1,2500
TICKET_006472,PROD_007,1,4500
TICKET_006473,PROD_001,2,2500
TICKET_006473,PROD_003,1,4500
TICKET_006474,PROD_013,1,3500
TICKET_006475,PROD_034,1,6500
TICKET_006476,PROD_001,1,2500
TICKET_006476,PROD_007,1,4500
TICKET_006477,PROD_034,1,6500
TICKET_006478,PROD_021,1,3500
TICKET_006478,PROD_009,1,5000
TICKET_006479,PROD_012,1,3000
TICKET_006479,PROD_024,1,3000
TICKET_006480,PROD_031,1,4500
TICKET_006480,PROD_003,1,4500
TICKET_006480,PROD_019,1,3200
TICKET_006481,PROD_004,1,4800
TICKET_006482,PROD_028,1,2000
TICKET_006482,PROD_029,1,3000
TICKET_006483,PROD_021,1,3500
TICKET_006483,PROD_009,1,5000
TICKET_006484,PROD_010,1,3500
TICKET_006484,PROD_016,1,2500
TICKET_006484,PROD_005,1,4000
TICKET_006485,PROD_009,1,5000
TICKET_006486,PROD_035,1,7500
TICKET_006487,PROD_010,1,3500
TICKET_006487,PROD_016,1,2500
TICKET_006488,PROD_012,1,3000
TICKET_006489,PROD_001,1,2500
TICKET_006489,PROD_015,1,2800
TICKET_006490,PROD_031,1,4500
TICKET_006490,PROD_009,1,5000
TICKET_006491,PROD_032,1,2500
TICKET_006492,PROD_018,1,2800
TICKET_006493,PROD_007,1,4500
TICKET_006494,PROD_024,1,3000
TICKET_006495,PROD_002,1,3500
TICKET_006495,PROD_017,1,2800
TICKET_006495,PROD_029,1,3000
TICKET_006496,PROD_004,1,4800
TICKET_006496,PROD_012,1,3000
TICKET_006497,PROD_029,1,3000
TICKET_006498,PROD_002,1,3500
TICKET_006498,PROD_019,1,3200
TICKET_006498,PROD_012,1,3000
TICKET_006499,PROD_029,1,3000
TICKET_006499,PROD_021,1,3500
TICKET_006500,PROD_019,1,3200
TICKET_006500,PROD_012,1,3000
TICKET_006501,PROD_001,1,2500
TICKET_006501,PROD_010,1,3500
TICKET_006501,PROD_034,1,6500
TICKET_006502,PROD_006,1,2500
TICKET_006503,PROD_017,1,2800
TICKET_006504,PROD_008,1,3200
TICKET_006505,PROD_010,1,3500
TICKET_006506,PROD_006,1,2500
TICKET_006507,PROD_012,2,3000
TICKET_006508,PROD_001,2,2500
TICKET_006508,PROD_028,1,2000
TICKET_006509,PROD_034,1,6500
TICKET_006510,PROD_014,1,3800
TICKET_006511,PROD_007,1,4500
TICKET_006512,PROD_003,1,4500
TICKET_006513,PROD_031,1,4500
TICKET_006513,PROD_003,1,4500
TICKET_006513,PROD_009,1,5000
TICKET_006513,PROD_015,1,2800
TICKET_006514,PROD_018,1,2800
TICKET_006515,PROD_001,1,2500
TICKET_006515,PROD_015,1,2800
TICKET_006516,PROD_009,1,5000
TICKET_006517,PROD_018,1,2800
TICKET_006517,PROD_035,1,7500
TICKET_006518,PROD_017,1,2800
TICKET_006519,PROD_003,1,4500
TICKET_006519,PROD_023,1,3500
TICKET_006519,PROD_018,1,2800
TICKET_006519,PROD_026,1,3500
TICKET_006520,PROD_019,1,3200
TICKET_006521,PROD_019,1,3200
TICKET_006521,PROD_012,1,3000
TICKET_006521,PROD_004,1,4800
TICKET_006522,PROD_002,1,3500
TICKET_006522,PROD_025,1,3500
TICKET_006522,PROD_026,1,3500
TICKET_006523,PROD_002,1,3500
TICKET_006523,PROD_017,1,2800
TICKET_006524,PROD_026,1,3500
TICKET_006525,PROD_021,1,3500
TICKET_006525,PROD_009,1,5000
TICKET_006525,PROD_004,1,4800
TICKET_006525,PROD_029,1,3000
TICKET_006526,PROD_019,1,3200
TICKET_006527,PROD_031,1,4500
TICKET_006527,PROD_003,1,4500
TICKET_006528,PROD_003,1,4500
TICKET_006528,PROD_023,1,3500
TICKET_006529,PROD_025,1,3500
TICKET_006530,PROD_034,1,6500
TICKET_006531,PROD_001,1,2500
TICKET_006532,PROD_001,1,2500
TICKET_006532,PROD_015,1,2800
TICKET_006532,PROD_014,1,3800
TICKET_006533,PROD_006,1,2500
TICKET_006533,PROD_028,1,2000
TICKET_006533,PROD_013,1,3500
TICKET_006533,PROD_022,1,3500
TICKET_006534,PROD_031,1,4500
TICKET_006534,PROD_003,1,4500
TICKET_006535,PROD_034,1,6500
TICKET_006536,PROD_019,1,3200
TICKET_006537,PROD_006,1,2500
TICKET_006537,PROD_028,1,2000
TICKET_006538,PROD_001,1,2500
TICKET_006539,PROD_010,1,3500
TICKET_006539,PROD_016,1,2500
TICKET_006539,PROD_023,1,3500
TICKET_006540,PROD_024,1,3000
TICKET_006541,PROD_010,1,3500
TICKET_006541,PROD_016,1,2500
TICKET_006541,PROD_002,1,3500
TICKET_006541,PROD_031,1,4500
TICKET_006542,PROD_017,1,2800
TICKET_006543,PROD_002,1,3500
TICKET_006544,PROD_026,1,3500
TICKET_006545,PROD_012,1,3000
TICKET_006545,PROD_024,1,3000
TICKET_006545,PROD_025,1,3500
TICKET_006546,PROD_012,1,3000
TICKET_006547,PROD_019,1,3200
TICKET_006547,PROD_012,1,3000
TICKET_006548,PROD_001,1,2500
TICKET_006549,PROD_001,1,2500
TICKET_006550,PROD_006,1,2500
TICKET_006550,PROD_028,1,2000
TICKET_006550,PROD_012,1,3000
TICKET_006551,PROD_021,1,3500
TICKET_006551,PROD_009,1,5000
TICKET_006551,PROD_012,1,3000
TICKET_006552,PROD_001,1,2500
TICKET_006552,PROD_015,1,2800
TICKET_006552,PROD_019,1,3200
TICKET_006552,PROD_026,1,3500
TICKET_006553,PROD_027,1,2500
TICKET_006554,PROD_007,1,4500
TICKET_006555,PROD_031,1,4500
TICKET_006555,PROD_025,1,3500
TICKET_006556,PROD_012,1,3000
TICKET_006556,PROD_019,1,3200
TICKET_006557,PROD_003,1,4500
TICKET_006557,PROD_018,1,2800
TICKET_006557,PROD_031,1,4500
TICKET_006558,PROD_012,1,3000
TICKET_006558,PROD_024,1,3000
TICKET_006559,PROD_019,1,3200
TICKET_006559,PROD_012,1,3000
TICKET_006560,PROD_026,1,3500
TICKET_006561,PROD_001,1,2500
TICKET_006562,PROD_001,2,2500
TICKET_006562,PROD_026,1,3500
TICKET_006563,PROD_017,1,2800
TICKET_006564,PROD_019,1,3200
TICKET_006564,PROD_012,1,3000
TICKET_006565,PROD_003,1,4500
TICKET_006566,PROD_021,1,3500
TICKET_006566,PROD_009,1,5000
TICKET_006566,PROD_002,1,3500
TICKET_006566,PROD_018,1,2800
TICKET_006567,PROD_019,1,3200
TICKET_006567,PROD_012,1,3000
TICKET_006568,PROD_023,1,3500
TICKET_006569,PROD_009,1,5000
TICKET_006570,PROD_006,1,2500
TICKET_006570,PROD_028,1,2000
TICKET_006570,PROD_024,1,3000
TICKET_006571,PROD_025,1,3500
TICKET_006572,PROD_010,1,3500
TICKET_006573,PROD_010,1,3500
TICKET_006574,PROD_021,1,3500
TICKET_006574,PROD_019,1,3200
TICKET_006575,PROD_010,2,3500
TICKET_006575,PROD_016,1,2500
TICKET_006576,PROD_021,1,3500
TICKET_006576,PROD_009,1,5000
TICKET_006577,PROD_022,1,3500
TICKET_006578,PROD_001,1,2500
TICKET_006578,PROD_015,1,2800
TICKET_006579,PROD_006,1,2500
TICKET_006579,PROD_009,1,5000
TICKET_006579,PROD_012,1,3000
TICKET_006580,PROD_031,1,4500
TICKET_006580,PROD_020,1,3200
TICKET_006581,PROD_035,1,7500
TICKET_006582,PROD_019,1,3200
TICKET_006582,PROD_012,1,3000
TICKET_006583,PROD_002,1,3500
TICKET_006583,PROD_017,1,2800
TICKET_006584,PROD_001,1,2500
TICKET_006584,PROD_026,1,3500
TICKET_006585,PROD_012,1,3000
TICKET_006585,PROD_024,1,3000
TICKET_006586,PROD_010,1,3500
TICKET_006586,PROD_016,1,2500
TICKET_006586,PROD_026,1,3500
TICKET_006586,PROD_035,1,7500
TICKET_006587,PROD_007,1,4500
TICKET_006588,PROD_007,1,4500
TICKET_006589,PROD_010,1,3500
TICKET_006589,PROD_016,1,2500
TICKET_006589,PROD_031,1,4500
TICKET_006589,PROD_034,1,6500
TICKET_006590,PROD_019,1,3200
TICKET_006590,PROD_012,1,3000
TICKET_006591,PROD_012,1,3000
TICKET_006592,PROD_001,1,2500
TICKET_006593,PROD_012,1,3000
TICKET_006594,PROD_003,1,4500
TICKET_006594,PROD_023,1,3500
TICKET_006594,PROD_014,1,3800
TICKET_006595,PROD_012,1,3000
TICKET_006595,PROD_024,1,3000
TICKET_006595,PROD_013,1,3500
TICKET_006595,PROD_027,1,2500
TICKET_006596,PROD_017,1,2800
TICKET_006597,PROD_012,1,3000
TICKET_006597,PROD_024,1,3000
TICKET_006597,PROD_025,1,3500
TICKET_006597,PROD_013,1,3500
TICKET_006598,PROD_001,2,2500
TICKET_006599,PROD_002,1,3500
TICKET_006599,PROD_018,1,2800
TICKET_006600,PROD_001,1,2500
TICKET_006600,PROD_015,1,2800
TICKET_006600,PROD_032,1,2500
TICKET_006600,PROD_022,1,3500
TICKET_006601,PROD_001,1,2500
TICKET_006601,PROD_015,1,2800
TICKET_006601,PROD_026,1,3500
TICKET_006602,PROD_031,1,4500
TICKET_006603,PROD_031,1,4500
TICKET_006603,PROD_003,1,4500
TICKET_006604,PROD_022,1,3500
TICKET_006604,PROD_009,1,5000
TICKET_006605,PROD_018,1,2800
TICKET_006606,PROD_027,1,2500
TICKET_006607,PROD_001,1,2500
TICKET_006607,PROD_015,1,2800
TICKET_006608,PROD_023,1,3500
TICKET_006608,PROD_035,1,7500
TICKET_006609,PROD_003,1,4500
TICKET_006610,PROD_006,1,2500
TICKET_006611,PROD_001,1,2500
TICKET_006612,PROD_021,1,3500
TICKET_006612,PROD_009,1,5000
TICKET_006612,PROD_035,1,7500
TICKET_006613,PROD_001,1,2500
TICKET_006614,PROD_013,1,3500
TICKET_006614,PROD_002,1,3500
TICKET_006615,PROD_004,1,4800
TICKET_006615,PROD_006,1,2500
TICKET_006616,PROD_012,1,3000
TICKET_006617,PROD_002,1,3500
TICKET_006617,PROD_017,1,2800
TICKET_006617,PROD_022,1,3500
TICKET_006618,PROD_012,1,3000
TICKET_006618,PROD_024,1,3000
TICKET_006619,PROD_001,1,2500
TICKET_006619,PROD_015,1,2800
TICKET_006620,PROD_003,1,4500
TICKET_006620,PROD_023,1,3500
TICKET_006621,PROD_010,1,3500
TICKET_006621,PROD_016,1,2500
TICKET_006622,PROD_010,1,3500
TICKET_006622,PROD_016,1,2500
TICKET_006623,PROD_019,1,3200
TICKET_006623,PROD_012,1,3000
TICKET_006623,PROD_034,1,6500
TICKET_006624,PROD_026,1,3500
TICKET_006625,PROD_001,1,2500
TICKET_006626,PROD_021,1,3500
TICKET_006626,PROD_009,1,5000
TICKET_006626,PROD_002,1,3500
TICKET_006626,PROD_029,1,3000
TICKET_006627,PROD_009,1,5000
TICKET_006628,PROD_001,1,2500
TICKET_006628,PROD_015,1,2800
TICKET_006628,PROD_029,1,3000
TICKET_006628,PROD_007,1,4500
TICKET_006629,PROD_010,1,3500
TICKET_006629,PROD_016,1,2500
TICKET_006629,PROD_031,1,4500
TICKET_006630,PROD_001,2,2500
TICKET_006630,PROD_008,1,3200
TICKET_006630,PROD_027,1,2500
TICKET_006631,PROD_022,1,3500
TICKET_006632,PROD_019,1,3200
TICKET_006632,PROD_012,1,3000
TICKET_006632,PROD_026,1,3500
TICKET_006632,PROD_004,1,4800
TICKET_006633,PROD_025,1,3500
TICKET_006634,PROD_001,1,2500
TICKET_006634,PROD_015,1,2800
TICKET_006635,PROD_003,1,4500
TICKET_006635,PROD_023,1,3500
TICKET_006635,PROD_008,1,3200
TICKET_006636,PROD_028,1,2000
TICKET_006637,PROD_027,1,2500
TICKET_006638,PROD_012,1,3000
TICKET_006638,PROD_024,1,3000
TICKET_006639,PROD_023,1,3500
TICKET_006640,PROD_006,1,2500
TICKET_006640,PROD_025,1,3500
TICKET_006640,PROD_034,1,6500
TICKET_006641,PROD_021,1,3500
TICKET_006642,PROD_001,1,2500
TICKET_006642,PROD_015,1,2800
TICKET_006643,PROD_019,1,3200
TICKET_006643,PROD_012,1,3000
TICKET_006643,PROD_035,1,7500
TICKET_006644,PROD_001,1,2500
TICKET_006644,PROD_015,1,2800
TICKET_006644,PROD_029,1,3000
TICKET_006645,PROD_033,1,1500
TICKET_006646,PROD_021,1,3500
TICKET_006646,PROD_009,1,5000
TICKET_006646,PROD_003,1,4500
TICKET_006647,PROD_018,1,2800
TICKET_006648,PROD_031,1,4500
TICKET_006648,PROD_003,1,4500
TICKET_006649,PROD_011,1,2500
TICKET_006650,PROD_034,1,6500
TICKET_006651,PROD_031,1,4500
TICKET_006651,PROD_003,1,4500
TICKET_006651,PROD_013,1,3500
TICKET_006652,PROD_021,1,3500
TICKET_006653,PROD_001,1,2500
TICKET_006654,PROD_031,1,4500
TICKET_006655,PROD_001,1,2500
TICKET_006655,PROD_015,1,2800
TICKET_006656,PROD_021,1,3500
TICKET_006656,PROD_009,1,5000
TICKET_006657,PROD_002,1,3500
TICKET_006657,PROD_017,1,2800
TICKET_006657,PROD_026,1,3500
TICKET_006658,PROD_003,1,4500
TICKET_006659,PROD_002,1,3500
TICKET_006659,PROD_017,1,2800
TICKET_006660,PROD_031,1,4500
TICKET_006661,PROD_003,2,4500
TICKET_006661,PROD_023,1,3500
TICKET_006662,PROD_001,1,2500
TICKET_006662,PROD_015,1,2800
TICKET_006662,PROD_028,2,2000
TICKET_006663,PROD_010,1,3500
TICKET_006663,PROD_016,1,2500
TICKET_006664,PROD_013,1,3500
TICKET_006665,PROD_010,1,3500
TICKET_006666,PROD_033,1,1500
TICKET_006667,PROD_021,1,3500
TICKET_006667,PROD_009,1,5000
TICKET_006668,PROD_002,1,3500
TICKET_006668,PROD_017,1,2800
TICKET_006668,PROD_010,1,3500
TICKET_006669,PROD_003,1,4500
TICKET_006670,PROD_002,1,3500
TICKET_006671,PROD_022,1,3500
TICKET_006672,PROD_032,1,2500
TICKET_006673,PROD_031,1,4500
TICKET_006673,PROD_003,1,4500
TICKET_006673,PROD_034,1,6500
TICKET_006674,PROD_030,1,4500
TICKET_006675,PROD_021,1,3500
TICKET_006675,PROD_009,1,5000
TICKET_006676,PROD_029,1,3000
TICKET_006676,PROD_009,1,5000
TICKET_006677,PROD_019,1,3200
TICKET_006677,PROD_012,1,3000
TICKET_006678,PROD_001,1,2500
TICKET_006678,PROD_015,1,2800
TICKET_006679,PROD_031,1,4500
TICKET_006679,PROD_019,1,3200
TICKET_006679,PROD_018,1,2800
TICKET_006680,PROD_019,1,3200
TICKET_006681,PROD_024,1,3000
TICKET_006682,PROD_012,1,3000
TICKET_006683,PROD_003,1,4500
TICKET_006683,PROD_023,1,3500
TICKET_006684,PROD_016,1,2500
TICKET_006685,PROD_012,1,3000
TICKET_006686,PROD_003,1,4500
TICKET_006687,PROD_019,1,3200
TICKET_006687,PROD_018,1,2800
TICKET_006687,PROD_001,1,2500
TICKET_006688,PROD_001,1,2500
TICKET_006689,PROD_012,2,3000
TICKET_006689,PROD_024,1,3000
TICKET_006689,PROD_007,1,4500
TICKET_006690,PROD_006,1,2500
TICKET_006690,PROD_028,1,2000
TICKET_006690,PROD_005,1,4000
TICKET_006690,PROD_009,1,5000
TICKET_006691,PROD_012,1,3000
TICKET_006692,PROD_012,1,3000
TICKET_006692,PROD_024,1,3000
TICKET_006693,PROD_021,1,3500
TICKET_006693,PROD_009,1,5000
TICKET_006693,PROD_012,1,3000
TICKET_006693,PROD_034,1,6500
TICKET_006694,PROD_013,1,3500
TICKET_006695,PROD_030,1,4500
TICKET_006696,PROD_001,1,2500
TICKET_006697,PROD_019,1,3200
TICKET_006697,PROD_012,1,3000
TICKET_006697,PROD_029,1,3000
TICKET_006698,PROD_028,1,2000
TICKET_006699,PROD_032,1,2500
TICKET_006700,PROD_010,1,3500
TICKET_006700,PROD_016,1,2500
TICKET_006700,PROD_026,1,3500
TICKET_006701,PROD_031,1,4500
TICKET_006701,PROD_003,1,4500
TICKET_006702,PROD_001,1,2500
TICKET_006703,PROD_005,1,4000
TICKET_006704,PROD_031,1,4500
TICKET_006705,PROD_030,1,4500
TICKET_006706,PROD_004,1,4800
TICKET_006707,PROD_031,1,4500
TICKET_006708,PROD_005,1,4000
TICKET_006708,PROD_020,1,3200
TICKET_006709,PROD_021,1,3500
TICKET_006709,PROD_009,1,5000
TICKET_006709,PROD_010,1,3500
TICKET_006709,PROD_029,1,3000
TICKET_006710,PROD_019,1,3200
TICKET_006710,PROD_012,1,3000
TICKET_006710,PROD_034,1,6500
TICKET_006711,PROD_001,2,2500
TICKET_006712,PROD_012,1,3000
TICKET_006712,PROD_008,1,3200
TICKET_006713,PROD_019,1,3200
TICKET_006714,PROD_002,1,3500
TICKET_006714,PROD_017,1,2800
TICKET_006714,PROD_018,1,2800
TICKET_006715,PROD_008,1,3200
TICKET_006715,PROD_017,1,2800
TICKET_006716,PROD_013,1,3500
TICKET_006717,PROD_035,1,7500
TICKET_006718,PROD_001,2,2500
TICKET_006719,PROD_010,1,3500
TICKET_006719,PROD_016,1,2500
TICKET_006719,PROD_023,1,3500
TICKET_006719,PROD_005,1,4000
TICKET_006720,PROD_001,1,2500
TICKET_006720,PROD_015,1,2800
TICKET_006721,PROD_019,1,3200
TICKET_006721,PROD_012,1,3000
TICKET_006721,PROD_001,1,2500
TICKET_006721,PROD_034,1,6500
TICKET_006722,PROD_012,1,3000
TICKET_006723,PROD_021,1,3500
TICKET_006723,PROD_009,1,5000
TICKET_006724,PROD_010,1,3500
TICKET_006724,PROD_016,1,2500
TICKET_006725,PROD_013,1,3500
TICKET_006726,PROD_010,1,3500
TICKET_006726,PROD_016,1,2500
TICKET_006727,PROD_012,1,3000
TICKET_006727,PROD_024,1,3000
TICKET_006727,PROD_017,1,2800
TICKET_006728,PROD_031,1,4500
TICKET_006728,PROD_003,1,4500
TICKET_006729,PROD_019,1,3200
TICKET_006729,PROD_012,1,3000
TICKET_006730,PROD_020,1,3200
TICKET_006731,PROD_001,1,2500
TICKET_006732,PROD_019,1,3200
TICKET_006732,PROD_012,1,3000
TICKET_006733,PROD_001,2,2500
TICKET_006734,PROD_003,1,4500
TICKET_006734,PROD_023,1,3500
TICKET_006734,PROD_026,1,3500
TICKET_006735,PROD_031,1,4500
TICKET_006735,PROD_003,1,4500
TICKET_006735,PROD_026,1,3500
TICKET_006736,PROD_021,1,3500
TICKET_006736,PROD_009,1,5000
TICKET_006736,PROD_004,1,4800
TICKET_006736,PROD_003,1,4500
TICKET_006737,PROD_002,1,3500
TICKET_006737,PROD_017,1,2800
TICKET_006738,PROD_001,1,2500
TICKET_006738,PROD_015,1,2800
TICKET_006739,PROD_012,1,3000
TICKET_006739,PROD_024,1,3000
TICKET_006740,PROD_004,1,4800
TICKET_006741,PROD_028,1,2000
TICKET_006742,PROD_010,1,3500
TICKET_006742,PROD_016,1,2500
TICKET_006743,PROD_001,1,2500
TICKET_006744,PROD_001,2,2500
TICKET_006745,PROD_034,1,6500
TICKET_006745,PROD_013,1,3500
TICKET_006746,PROD_014,1,3800
TICKET_006747,PROD_031,1,4500
TICKET_006748,PROD_020,1,3200
TICKET_006749,PROD_035,1,7500
TICKET_006749,PROD_012,1,3000
TICKET_006750,PROD_032,1,2500
TICKET_006751,PROD_002,1,3500
TICKET_006751,PROD_017,1,2800
TICKET_006752,PROD_002,1,3500
TICKET_006753,PROD_033,1,1500
TICKET_006754,PROD_031,1,4500
TICKET_006754,PROD_016,1,2500
TICKET_006755,PROD_009,1,5000
TICKET_006755,PROD_034,1,6500
TICKET_006756,PROD_012,1,3000
TICKET_006756,PROD_024,1,3000
TICKET_006756,PROD_008,1,3200
TICKET_006757,PROD_001,1,2500
TICKET_006757,PROD_015,1,2800
TICKET_006757,PROD_016,1,2500
TICKET_006758,PROD_010,1,3500
TICKET_006758,PROD_034,1,6500
TICKET_006759,PROD_012,1,3000
TICKET_006759,PROD_024,1,3000
TICKET_006760,PROD_002,1,3500
TICKET_006760,PROD_017,1,2800
TICKET_006760,PROD_026,1,3500
TICKET_006760,PROD_003,1,4500
TICKET_006761,PROD_031,1,4500
TICKET_006762,PROD_019,1,3200
TICKET_006762,PROD_015,1,2800
TICKET_006763,PROD_019,1,3200
TICKET_006763,PROD_012,1,3000
TICKET_006763,PROD_018,1,2800
TICKET_006764,PROD_019,1,3200
TICKET_006764,PROD_018,1,2800
TICKET_006764,PROD_013,1,3500
TICKET_006765,PROD_004,1,4800
TICKET_006766,PROD_012,1,3000
TICKET_006767,PROD_002,1,3500
TICKET_006767,PROD_015,1,2800
TICKET_006767,PROD_032,1,2500
TICKET_006768,PROD_034,1,6500
TICKET_006769,PROD_017,1,2800
TICKET_006770,PROD_019,1,3200
TICKET_006770,PROD_012,1,3000
TICKET_006771,PROD_003,1,4500
TICKET_006772,PROD_012,1,3000
TICKET_006773,PROD_001,1,2500
TICKET_006774,PROD_035,1,7500
TICKET_006775,PROD_001,1,2500
TICKET_006776,PROD_010,1,3500
TICKET_006777,PROD_031,1,4500
TICKET_006778,PROD_005,1,4000
TICKET_006779,PROD_010,1,3500
TICKET_006779,PROD_016,1,2500
TICKET_006779,PROD_027,1,2500
TICKET_006780,PROD_003,1,4500
TICKET_006780,PROD_023,1,3500
TICKET_006780,PROD_002,1,3500
TICKET_006780,PROD_024,1,3000
TICKET_006781,PROD_001,1,2500
TICKET_006781,PROD_021,1,3500
TICKET_006781,PROD_014,1,3800
TICKET_006782,PROD_004,1,4800
TICKET_006783,PROD_030,1,4500
TICKET_006784,PROD_001,1,2500
TICKET_006784,PROD_015,1,2800
TICKET_006784,PROD_018,1,2800
TICKET_006784,PROD_031,1,4500
TICKET_006785,PROD_006,1,2500
TICKET_006786,PROD_001,1,2500
TICKET_006787,PROD_021,1,3500
TICKET_006787,PROD_009,1,5000
TICKET_006788,PROD_003,1,4500
TICKET_006788,PROD_023,1,3500
TICKET_006789,PROD_010,1,3500
TICKET_006789,PROD_016,1,2500
TICKET_006789,PROD_002,1,3500
TICKET_006790,PROD_012,1,3000
TICKET_006790,PROD_024,1,3000
TICKET_006790,PROD_006,1,2500
TICKET_006790,PROD_034,1,6500
TICKET_006791,PROD_001,1,2500
TICKET_006791,PROD_015,1,2800
TICKET_006791,PROD_028,1,2000
TICKET_006792,PROD_019,1,3200
TICKET_006793,PROD_013,1,3500
TICKET_006794,PROD_006,1,2500
TICKET_006794,PROD_030,1,4500
TICKET_006795,PROD_019,1,3200
TICKET_006795,PROD_012,1,3000
TICKET_006795,PROD_008,1,3200
TICKET_006796,PROD_001,2,2500
TICKET_006796,PROD_012,1,3000
TICKET_006797,PROD_006,1,2500
TICKET_006798,PROD_017,1,2800
TICKET_006799,PROD_019,1,3200
TICKET_006799,PROD_012,1,3000
TICKET_006800,PROD_008,1,3200
TICKET_006801,PROD_035,1,7500
TICKET_006801,PROD_003,1,4500
TICKET_006802,PROD_031,1,4500
TICKET_006802,PROD_003,1,4500
TICKET_006803,PROD_021,1,3500
TICKET_006803,PROD_025,1,3500
TICKET_006804,PROD_015,1,2800
TICKET_006805,PROD_022,1,3500
TICKET_006806,PROD_021,1,3500
TICKET_006806,PROD_013,1,3500
TICKET_006807,PROD_006,1,2500
TICKET_006807,PROD_028,1,2000
TICKET_006807,PROD_031,1,4500
TICKET_006808,PROD_004,1,4800
TICKET_006808,PROD_010,1,3500
TICKET_006809,PROD_015,1,2800
TICKET_006810,PROD_021,1,3500
TICKET_006810,PROD_009,1,5000
TICKET_006810,PROD_007,1,4500
TICKET_006810,PROD_030,1,4500
TICKET_006811,PROD_010,1,3500
TICKET_006812,PROD_028,1,2000
TICKET_006813,PROD_011,1,2500
TICKET_006814,PROD_021,1,3500
TICKET_006814,PROD_009,1,5000
TICKET_006815,PROD_031,1,4500
TICKET_006816,PROD_019,1,3200
TICKET_006817,PROD_007,1,4500
TICKET_006818,PROD_034,1,6500
TICKET_006819,PROD_035,1,7500
TICKET_006820,PROD_019,1,3200
TICKET_006821,PROD_021,1,3500
TICKET_006822,PROD_001,1,2500
TICKET_006822,PROD_015,1,2800
TICKET_006823,PROD_019,1,3200
TICKET_006824,PROD_016,1,2500
TICKET_006825,PROD_001,1,2500
TICKET_006825,PROD_015,1,2800
TICKET_006826,PROD_002,1,3500
TICKET_006826,PROD_017,1,2800
TICKET_006827,PROD_021,1,3500
TICKET_006828,PROD_001,1,2500
TICKET_006829,PROD_003,1,4500
TICKET_006829,PROD_023,1,3500
TICKET_006829,PROD_004,1,4800
TICKET_006829,PROD_026,1,3500
TICKET_006830,PROD_003,2,4500
TICKET_006831,PROD_006,1,2500
TICKET_006831,PROD_012,1,3000
TICKET_006832,PROD_006,1,2500
TICKET_006832,PROD_028,1,2000
TICKET_006832,PROD_016,1,2500
TICKET_006833,PROD_001,2,2500
TICKET_006833,PROD_023,1,3500
TICKET_006834,PROD_031,1,4500
TICKET_006835,PROD_023,1,3500
TICKET_006835,PROD_019,1,3200
TICKET_006836,PROD_012,1,3000
TICKET_006836,PROD_024,1,3000
TICKET_006837,PROD_001,1,2500
TICKET_006837,PROD_015,1,2800
TICKET_006838,PROD_003,1,4500
TICKET_006838,PROD_023,1,3500
TICKET_006838,PROD_024,1,3000
TICKET_006839,PROD_001,1,2500
TICKET_006840,PROD_026,1,3500
TICKET_006841,PROD_030,1,4500
TICKET_006842,PROD_014,1,3800
TICKET_006842,PROD_021,1,3500
TICKET_006843,PROD_031,1,4500
TICKET_006843,PROD_003,1,4500
TICKET_006844,PROD_012,1,3000
TICKET_006845,PROD_001,2,2500
TICKET_006845,PROD_013,1,3500
TICKET_006845,PROD_032,1,2500
TICKET_006846,PROD_002,1,3500
TICKET_006846,PROD_001,1,2500
TICKET_006847,PROD_026,1,3500
TICKET_006848,PROD_021,2,3500
TICKET_006849,PROD_021,1,3500
TICKET_006850,PROD_012,1,3000
TICKET_006850,PROD_002,1,3500
TICKET_006851,PROD_035,1,7500
TICKET_006852,PROD_006,1,2500
TICKET_006852,PROD_028,1,2000
TICKET_006852,PROD_001,1,2500
TICKET_006852,PROD_002,1,3500
TICKET_006853,PROD_001,1,2500
TICKET_006853,PROD_031,1,4500
TICKET_006854,PROD_001,1,2500
TICKET_006854,PROD_015,1,2800
TICKET_006855,PROD_021,1,3500
TICKET_006855,PROD_009,1,5000
TICKET_006855,PROD_018,1,2800
TICKET_006856,PROD_010,1,3500
TICKET_006856,PROD_016,1,2500
TICKET_006856,PROD_018,1,2800
TICKET_006857,PROD_006,1,2500
TICKET_006858,PROD_001,1,2500
TICKET_006858,PROD_015,1,2800
TICKET_006859,PROD_003,1,4500
TICKET_006859,PROD_034,1,6500
TICKET_006860,PROD_032,1,2500
TICKET_006861,PROD_001,1,2500
TICKET_006862,PROD_031,1,4500
TICKET_006863,PROD_006,1,2500
TICKET_006864,PROD_012,1,3000
TICKET_006865,PROD_006,1,2500
TICKET_006866,PROD_001,1,2500
TICKET_006866,PROD_015,1,2800
TICKET_006867,PROD_010,1,3500
TICKET_006868,PROD_014,1,3800
TICKET_006869,PROD_031,1,4500
TICKET_006869,PROD_003,1,4500
TICKET_006870,PROD_002,1,3500
TICKET_006870,PROD_017,1,2800
TICKET_006871,PROD_019,1,3200
TICKET_006872,PROD_031,1,4500
TICKET_006872,PROD_003,1,4500
TICKET_006872,PROD_014,1,3800
TICKET_006873,PROD_010,1,3500
TICKET_006873,PROD_016,1,2500
TICKET_006874,PROD_012,1,3000
TICKET_006875,PROD_010,1,3500
TICKET_006876,PROD_002,1,3500
TICKET_006877,PROD_031,1,4500
TICKET_006877,PROD_003,1,4500
TICKET_006878,PROD_001,1,2500
TICKET_006879,PROD_031,1,4500
TICKET_006880,PROD_021,1,3500
TICKET_006880,PROD_009,1,5000
TICKET_006881,PROD_003,1,4500
TICKET_006882,PROD_001,1,2500
TICKET_006882,PROD_022,1,3500
TICKET_006883,PROD_003,1,4500
TICKET_006884,PROD_017,1,2800
TICKET_006885,PROD_031,1,4500
TICKET_006885,PROD_003,1,4500
TICKET_006885,PROD_005,1,4000
TICKET_006886,PROD_001,1,2500
TICKET_006886,PROD_015,1,2800
TICKET_006887,PROD_012,1,3000
TICKET_006887,PROD_024,1,3000
TICKET_006887,PROD_022,1,3500
TICKET_006888,PROD_001,1,2500
TICKET_006888,PROD_015,1,2800
TICKET_006889,PROD_001,1,2500
TICKET_006889,PROD_015,1,2800
TICKET_006890,PROD_018,1,2800
TICKET_006890,PROD_008,1,3200
TICKET_006891,PROD_004,1,4800
TICKET_006892,PROD_012,1,3000
TICKET_006893,PROD_024,1,3000
TICKET_006894,PROD_003,1,4500
TICKET_006895,PROD_012,1,3000
TICKET_006896,PROD_010,1,3500
TICKET_006897,PROD_002,1,3500
TICKET_006898,PROD_001,1,2500
TICKET_006898,PROD_012,1,3000
TICKET_006899,PROD_003,1,4500
TICKET_006899,PROD_023,1,3500
TICKET_006900,PROD_003,2,4500
TICKET_006900,PROD_023,1,3500
TICKET_006901,PROD_026,1,3500
TICKET_006902,PROD_011,1,2500
TICKET_006903,PROD_006,1,2500
TICKET_006903,PROD_028,1,2000
TICKET_006904,PROD_010,1,3500
TICKET_006904,PROD_016,1,2500
TICKET_006904,PROD_007,1,4500
TICKET_006905,PROD_003,1,4500
TICKET_006905,PROD_005,1,4000
TICKET_006906,PROD_019,1,3200
TICKET_006906,PROD_012,1,3000
TICKET_006907,PROD_020,1,3200
TICKET_006908,PROD_009,1,5000
TICKET_006909,PROD_003,1,4500
TICKET_006909,PROD_023,1,3500
TICKET_006909,PROD_025,1,3500
TICKET_006910,PROD_001,1,2500
TICKET_006910,PROD_015,1,2800
TICKET_006911,PROD_031,1,4500
TICKET_006911,PROD_003,1,4500
TICKET_006911,PROD_033,1,1500
TICKET_006911,PROD_026,1,3500
TICKET_006912,PROD_001,1,2500
TICKET_006913,PROD_006,1,2500
TICKET_006913,PROD_028,1,2000
TICKET_006913,PROD_014,1,3800
TICKET_006913,PROD_009,1,5000
TICKET_006914,PROD_010,1,3500
TICKET_006914,PROD_013,1,3500
TICKET_006914,PROD_012,1,3000
TICKET_006915,PROD_019,1,3200
TICKET_006915,PROD_014,1,3800
TICKET_006916,PROD_019,1,3200
TICKET_006916,PROD_012,1,3000
TICKET_006916,PROD_028,1,2000
TICKET_006917,PROD_012,1,3000
TICKET_006917,PROD_024,1,3000
TICKET_006918,PROD_033,1,1500
TICKET_006919,PROD_008,1,3200
TICKET_006920,PROD_008,1,3200
TICKET_006920,PROD_031,1,4500
TICKET_006921,PROD_010,1,3500
TICKET_006921,PROD_016,1,2500
TICKET_006921,PROD_014,1,3800
TICKET_006921,PROD_003,1,4500
TICKET_006922,PROD_019,1,3200
TICKET_006923,PROD_001,1,2500
TICKET_006923,PROD_015,1,2800
TICKET_006924,PROD_010,1,3500
TICKET_006924,PROD_016,1,2500
TICKET_006925,PROD_002,2,3500
TICKET_006925,PROD_017,1,2800
TICKET_006925,PROD_035,1,7500
TICKET_006926,PROD_019,1,3200
TICKET_006926,PROD_012,1,3000
TICKET_006926,PROD_010,1,3500
TICKET_006926,PROD_002,1,3500
TICKET_006927,PROD_028,1,2000
TICKET_006928,PROD_014,1,3800
TICKET_006929,PROD_034,1,6500
TICKET_006930,PROD_031,1,4500
TICKET_006931,PROD_019,1,3200
TICKET_006931,PROD_012,1,3000
TICKET_006931,PROD_015,1,2800
TICKET_006931,PROD_018,1,2800
TICKET_006932,PROD_021,1,3500
TICKET_006932,PROD_009,1,5000
TICKET_006933,PROD_002,1,3500
TICKET_006933,PROD_017,1,2800
TICKET_006934,PROD_003,1,4500
TICKET_006934,PROD_023,1,3500
TICKET_006935,PROD_001,2,2500
TICKET_006935,PROD_002,1,3500
TICKET_006936,PROD_001,1,2500
TICKET_006936,PROD_034,1,6500
TICKET_006937,PROD_006,1,2500
TICKET_006937,PROD_002,1,3500
TICKET_006938,PROD_003,1,4500
TICKET_006938,PROD_023,1,3500
TICKET_006939,PROD_031,1,4500
TICKET_006939,PROD_003,1,4500
TICKET_006939,PROD_013,1,3500
TICKET_006940,PROD_001,1,2500
TICKET_006940,PROD_015,1,2800
TICKET_006940,PROD_012,1,3000
TICKET_006940,PROD_005,1,4000
TICKET_006941,PROD_035,1,7500
TICKET_006942,PROD_012,1,3000
TICKET_006942,PROD_024,1,3000
TICKET_006943,PROD_022,1,3500
TICKET_006944,PROD_010,1,3500
TICKET_006944,PROD_016,1,2500
TICKET_006945,PROD_015,1,2800
TICKET_006946,PROD_003,1,4500
TICKET_006946,PROD_023,1,3500
TICKET_006947,PROD_001,2,2500
TICKET_006948,PROD_001,1,2500
TICKET_006948,PROD_015,1,2800
TICKET_006948,PROD_014,1,3800
TICKET_006949,PROD_011,1,2500
TICKET_006950,PROD_012,1,3000
TICKET_006950,PROD_024,1,3000
TICKET_006951,PROD_002,1,3500
TICKET_006951,PROD_017,1,2800
TICKET_006951,PROD_007,1,4500
TICKET_006952,PROD_003,1,4500
TICKET_006952,PROD_004,1,4800
TICKET_006953,PROD_008,1,3200
TICKET_006954,PROD_018,1,2800
TICKET_006955,PROD_021,1,3500
TICKET_006956,PROD_021,1,3500
TICKET_006956,PROD_009,1,5000
TICKET_006957,PROD_030,1,4500
TICKET_006958,PROD_001,2,2500
TICKET_006959,PROD_030,1,4500
TICKET_006959,PROD_032,1,2500
TICKET_006960,PROD_010,1,3500
TICKET_006960,PROD_016,1,2500
TICKET_006961,PROD_002,1,3500
TICKET_006961,PROD_017,1,2800
TICKET_006961,PROD_021,1,3500
TICKET_006961,PROD_012,1,3000
TICKET_006962,PROD_006,1,2500
TICKET_006962,PROD_028,1,2000
TICKET_006962,PROD_013,1,3500
TICKET_006962,PROD_019,1,3200
TICKET_006963,PROD_014,1,3800
TICKET_006964,PROD_006,1,2500
TICKET_006965,PROD_034,1,6500
TICKET_006965,PROD_022,1,3500
TICKET_006966,PROD_009,1,5000
TICKET_006966,PROD_034,1,6500
TICKET_006967,PROD_007,1,4500
TICKET_006968,PROD_003,1,4500
TICKET_006968,PROD_023,1,3500
TICKET_006968,PROD_008,1,3200
TICKET_006969,PROD_012,1,3000
TICKET_006970,PROD_002,1,3500
TICKET_006970,PROD_017,1,2800
TICKET_006971,PROD_012,1,3000
TICKET_006972,PROD_016,1,2500
TICKET_006973,PROD_035,1,7500
TICKET_006974,PROD_013,1,3500
TICKET_006975,PROD_019,1,3200
TICKET_006975,PROD_012,1,3000
TICKET_006975,PROD_010,1,3500
TICKET_006975,PROD_034,1,6500
TICKET_006976,PROD_012,1,3000
TICKET_006976,PROD_025,1,3500
TICKET_006977,PROD_001,1,2500
TICKET_006977,PROD_011,1,2500
TICKET_006977,PROD_030,1,4500
TICKET_006978,PROD_001,1,2500
TICKET_006979,PROD_019,1,3200
TICKET_006980,PROD_001,1,2500
TICKET_006980,PROD_015,1,2800
TICKET_006981,PROD_019,1,3200
TICKET_006981,PROD_012,1,3000
TICKET_006981,PROD_026,1,3500
TICKET_006982,PROD_021,1,3500
TICKET_006982,PROD_009,1,5000
TICKET_006982,PROD_027,1,2500
TICKET_006982,PROD_002,1,3500
TICKET_006983,PROD_019,1,3200
TICKET_006983,PROD_012,1,3000
TICKET_006983,PROD_028,1,2000
TICKET_006984,PROD_019,1,3200
TICKET_006984,PROD_012,1,3000
TICKET_006985,PROD_033,1,1500
TICKET_006986,PROD_035,1,7500
TICKET_006987,PROD_021,1,3500
TICKET_006987,PROD_008,1,3200
TICKET_006988,PROD_004,1,4800
TICKET_006989,PROD_012,1,3000
TICKET_006989,PROD_024,1,3000
TICKET_006990,PROD_033,1,1500
TICKET_006990,PROD_016,1,2500
TICKET_006991,PROD_005,1,4000
TICKET_006992,PROD_026,1,3500
TICKET_006992,PROD_015,1,2800
TICKET_006993,PROD_031,1,4500
TICKET_006993,PROD_035,1,7500
TICKET_006994,PROD_002,1,3500
TICKET_006994,PROD_017,1,2800
TICKET_006994,PROD_010,1,3500
TICKET_006995,PROD_006,1,2500
TICKET_006995,PROD_005,1,4000
TICKET_006996,PROD_001,2,2500
TICKET_006997,PROD_003,1,4500
TICKET_006998,PROD_031,1,4500
TICKET_006998,PROD_003,1,4500
TICKET_006998,PROD_018,1,2800
TICKET_006999,PROD_021,1,3500
TICKET_006999,PROD_009,1,5000
TICKET_006999,PROD_004,1,4800
TICKET_007000,PROD_001,1,2500
TICKET_007000,PROD_015,1,2800
TICKET_007001,PROD_024,1,3000
TICKET_007002,PROD_003,1,4500
TICKET_007002,PROD_023,1,3500
TICKET_007002,PROD_013,1,3500
TICKET_007002,PROD_015,1,2800
TICKET_007003,PROD_002,1,3500
TICKET_007003,PROD_017,1,2800
TICKET_007003,PROD_020,1,3200
TICKET_007003,PROD_013,1,3500
TICKET_007004,PROD_031,1,4500
TICKET_007005,PROD_010,1,3500
TICKET_007005,PROD_016,1,2500
TICKET_007006,PROD_001,1,2500
TICKET_007006,PROD_015,1,2800
TICKET_007007,PROD_010,1,3500
TICKET_007007,PROD_016,1,2500
TICKET_007007,PROD_029,1,3000
TICKET_007008,PROD_002,1,3500
TICKET_007008,PROD_017,1,2800
TICKET_007009,PROD_001,2,2500
TICKET_007010,PROD_021,1,3500
TICKET_007010,PROD_009,1,5000
TICKET_007011,PROD_027,1,2500
TICKET_007012,PROD_017,1,2800
TICKET_007013,PROD_010,1,3500
TICKET_007014,PROD_032,1,2500
TICKET_007015,PROD_019,1,3200
TICKET_007015,PROD_012,1,3000
TICKET_007015,PROD_010,1,3500
TICKET_007015,PROD_002,1,3500
TICKET_007016,PROD_031,1,4500
TICKET_007016,PROD_003,1,4500
TICKET_007016,PROD_010,1,3500
TICKET_007016,PROD_013,1,3500
TICKET_007017,PROD_010,1,3500
TICKET_007017,PROD_016,1,2500
TICKET_007017,PROD_009,1,5000
TICKET_007017,PROD_018,1,2800
TICKET_007018,PROD_001,1,2500
TICKET_007018,PROD_015,1,2800
TICKET_007019,PROD_001,1,2500
TICKET_007019,PROD_015,1,2800
TICKET_007020,PROD_003,1,4500
TICKET_007020,PROD_023,1,3500
TICKET_007020,PROD_012,1,3000
TICKET_007020,PROD_005,1,4000
TICKET_007021,PROD_003,1,4500
TICKET_007021,PROD_023,1,3500
TICKET_007022,PROD_026,1,3500
TICKET_007022,PROD_025,1,3500
TICKET_007023,PROD_010,1,3500
TICKET_007023,PROD_020,1,3200
TICKET_007023,PROD_008,1,3200
TICKET_007024,PROD_021,1,3500
TICKET_007025,PROD_019,1,3200
TICKET_007025,PROD_012,1,3000
TICKET_007025,PROD_029,1,3000
TICKET_007025,PROD_010,1,3500
TICKET_007026,PROD_006,1,2500
TICKET_007026,PROD_028,2,2000
TICKET_007026,PROD_002,1,3500
TICKET_007027,PROD_018,1,2800
TICKET_007028,PROD_006,1,2500
TICKET_007028,PROD_028,1,2000
TICKET_007029,PROD_001,1,2500
TICKET_007030,PROD_021,1,3500
TICKET_007031,PROD_001,1,2500
TICKET_007031,PROD_015,1,2800
TICKET_007032,PROD_035,1,7500
TICKET_007033,PROD_002,1,3500
TICKET_007033,PROD_017,1,2800
TICKET_007033,PROD_025,1,3500
TICKET_007034,PROD_021,1,3500
TICKET_007035,PROD_003,2,4500
TICKET_007035,PROD_023,1,3500
TICKET_007035,PROD_005,1,4000
TICKET_007036,PROD_018,1,2800
TICKET_007037,PROD_012,1,3000
TICKET_007037,PROD_009,1,5000
TICKET_007038,PROD_012,1,3000
TICKET_007038,PROD_003,1,4500
TICKET_007039,PROD_010,1,3500
TICKET_007039,PROD_016,1,2500
TICKET_007039,PROD_023,1,3500
TICKET_007039,PROD_008,1,3200
TICKET_007040,PROD_019,1,3200
TICKET_007040,PROD_016,1,2500
TICKET_007040,PROD_026,1,3500
TICKET_007041,PROD_004,1,4800
TICKET_007041,PROD_023,1,3500
TICKET_007042,PROD_002,1,3500
TICKET_007042,PROD_019,1,3200
TICKET_007042,PROD_028,1,2000
TICKET_007043,PROD_023,1,3500
TICKET_007044,PROD_001,1,2500
TICKET_007044,PROD_015,1,2800
TICKET_007044,PROD_002,1,3500
TICKET_007045,PROD_031,1,4500
TICKET_007045,PROD_003,1,4500
TICKET_007045,PROD_035,1,7500
TICKET_007045,PROD_019,1,3200
TICKET_007046,PROD_010,1,3500
TICKET_007046,PROD_016,1,2500
TICKET_007046,PROD_019,1,3200
TICKET_007046,PROD_021,1,3500
TICKET_007047,PROD_031,1,4500
TICKET_007047,PROD_026,1,3500
TICKET_007048,PROD_002,1,3500
TICKET_007049,PROD_010,1,3500
TICKET_007049,PROD_016,1,2500
TICKET_007050,PROD_006,1,2500
TICKET_007051,PROD_001,1,2500
TICKET_007052,PROD_013,1,3500
TICKET_007053,PROD_002,1,3500
TICKET_007053,PROD_017,1,2800
TICKET_007054,PROD_021,1,3500
TICKET_007054,PROD_009,1,5000
TICKET_007055,PROD_010,1,3500
TICKET_007056,PROD_001,2,2500
TICKET_007056,PROD_032,1,2500
TICKET_007057,PROD_003,1,4500
TICKET_007058,PROD_031,1,4500
TICKET_007058,PROD_003,1,4500
TICKET_007058,PROD_007,1,4500
TICKET_007059,PROD_035,1,7500
TICKET_007060,PROD_035,1,7500
TICKET_007060,PROD_015,1,2800
TICKET_007061,PROD_003,1,4500
TICKET_007061,PROD_023,1,3500
TICKET_007062,PROD_001,2,2500
TICKET_007062,PROD_015,1,2800
TICKET_007062,PROD_003,1,4500
TICKET_007063,PROD_019,1,3200
TICKET_007063,PROD_035,1,7500
TICKET_007064,PROD_031,1,4500
TICKET_007065,PROD_019,1,3200
TICKET_007065,PROD_012,1,3000
TICKET_007066,PROD_006,1,2500
TICKET_007067,PROD_003,1,4500
TICKET_007067,PROD_023,1,3500
TICKET_007067,PROD_008,1,3200
TICKET_007068,PROD_019,1,3200
TICKET_007068,PROD_012,1,3000
TICKET_007069,PROD_002,1,3500
TICKET_007069,PROD_017,1,2800
TICKET_007069,PROD_025,1,3500
TICKET_007070,PROD_015,1,2800
TICKET_007071,PROD_031,1,4500
TICKET_007072,PROD_012,1,3000
TICKET_007073,PROD_033,1,1500
TICKET_007074,PROD_026,1,3500
TICKET_007075,PROD_010,1,3500
TICKET_007075,PROD_016,1,2500
TICKET_007075,PROD_027,1,2500
TICKET_007075,PROD_031,1,4500
TICKET_007076,PROD_003,1,4500
TICKET_007077,PROD_013,1,3500
TICKET_007078,PROD_001,1,2500
TICKET_007079,PROD_028,1,2000
TICKET_007079,PROD_008,1,3200
TICKET_007080,PROD_021,1,3500
TICKET_007080,PROD_009,1,5000
TICKET_007081,PROD_034,1,6500
TICKET_007082,PROD_026,1,3500
TICKET_007083,PROD_010,1,3500
TICKET_007083,PROD_030,1,4500
TICKET_007083,PROD_008,1,3200
TICKET_007084,PROD_020,1,3200
TICKET_007085,PROD_031,1,4500
TICKET_007085,PROD_003,1,4500
TICKET_007085,PROD_002,1,3500
TICKET_007085,PROD_001,1,2500
TICKET_007086,PROD_003,1,4500
TICKET_007087,PROD_033,1,1500
TICKET_007088,PROD_010,1,3500
TICKET_007088,PROD_013,1,3500
TICKET_007088,PROD_029,1,3000
TICKET_007089,PROD_002,1,3500
TICKET_007089,PROD_017,1,2800
TICKET_007090,PROD_003,1,4500
TICKET_007090,PROD_023,1,3500
TICKET_007091,PROD_019,1,3200
TICKET_007091,PROD_035,1,7500
TICKET_007092,PROD_001,1,2500
TICKET_007092,PROD_015,1,2800
TICKET_007093,PROD_001,2,2500
TICKET_007093,PROD_015,1,2800
TICKET_007094,PROD_001,1,2500
TICKET_007094,PROD_015,1,2800
TICKET_007095,PROD_019,1,3200
TICKET_007096,PROD_021,1,3500
TICKET_007096,PROD_009,1,5000
TICKET_007097,PROD_001,1,2500
TICKET_007097,PROD_015,1,2800
TICKET_007097,PROD_035,1,7500
TICKET_007098,PROD_006,1,2500
TICKET_007098,PROD_028,1,2000
TICKET_007099,PROD_019,1,3200
TICKET_007099,PROD_034,1,6500
TICKET_007099,PROD_030,1,4500
TICKET_007100,PROD_022,1,3500
TICKET_007100,PROD_026,1,3500
TICKET_007101,PROD_012,1,3000
TICKET_007101,PROD_024,1,3000
TICKET_007102,PROD_010,1,3500
TICKET_007103,PROD_029,1,3000
TICKET_007104,PROD_007,1,4500
TICKET_007105,PROD_015,1,2800
TICKET_007105,PROD_009,1,5000
TICKET_007106,PROD_003,1,4500
TICKET_007107,PROD_034,1,6500
TICKET_007108,PROD_026,1,3500
TICKET_007108,PROD_034,1,6500
TICKET_007109,PROD_005,1,4000
TICKET_007110,PROD_009,1,5000
TICKET_007110,PROD_017,1,2800
TICKET_007111,PROD_016,1,2500
TICKET_007111,PROD_025,1,3500
TICKET_007112,PROD_012,1,3000
TICKET_007112,PROD_024,1,3000
TICKET_007113,PROD_019,1,3200
TICKET_007113,PROD_023,1,3500
TICKET_007114,PROD_029,1,3000
TICKET_007114,PROD_016,1,2500
TICKET_007115,PROD_003,1,4500
TICKET_007115,PROD_023,1,3500
TICKET_007116,PROD_025,1,3500
TICKET_007117,PROD_034,1,6500
TICKET_007118,PROD_003,1,4500
TICKET_007118,PROD_021,1,3500
TICKET_007119,PROD_006,1,2500
TICKET_007119,PROD_010,1,3500
TICKET_007119,PROD_001,1,2500
TICKET_007120,PROD_022,1,3500
TICKET_007121,PROD_019,1,3200
TICKET_007121,PROD_012,1,3000
TICKET_007121,PROD_003,1,4500
TICKET_007121,PROD_015,1,2800
TICKET_007122,PROD_033,1,1500
TICKET_007123,PROD_032,1,2500
TICKET_007124,PROD_001,1,2500
TICKET_007124,PROD_015,1,2800
TICKET_007125,PROD_012,1,3000
TICKET_007126,PROD_002,1,3500
TICKET_007127,PROD_028,1,2000
TICKET_007128,PROD_005,1,4000
TICKET_007129,PROD_006,1,2500
TICKET_007129,PROD_025,1,3500
TICKET_007130,PROD_022,1,3500
TICKET_007131,PROD_011,1,2500
TICKET_007132,PROD_029,1,3000
TICKET_007133,PROD_031,1,4500
TICKET_007134,PROD_001,1,2500
TICKET_007135,PROD_025,1,3500
TICKET_007135,PROD_012,1,3000
TICKET_007136,PROD_012,1,3000
TICKET_007136,PROD_024,1,3000
TICKET_007137,PROD_010,2,3500
TICKET_007137,PROD_004,1,4800
TICKET_007138,PROD_002,1,3500
TICKET_007138,PROD_017,1,2800
TICKET_007138,PROD_009,1,5000
TICKET_007139,PROD_029,1,3000
TICKET_007139,PROD_025,1,3500
TICKET_007140,PROD_010,1,3500
TICKET_007141,PROD_006,1,2500
TICKET_007141,PROD_028,1,2000
TICKET_007142,PROD_003,1,4500
TICKET_007142,PROD_023,1,3500
TICKET_007142,PROD_010,1,3500
TICKET_007143,PROD_012,1,3000
TICKET_007143,PROD_024,1,3000
TICKET_007143,PROD_009,1,5000
TICKET_007144,PROD_002,1,3500
TICKET_007144,PROD_017,2,2800
TICKET_007145,PROD_003,1,4500
TICKET_007145,PROD_023,1,3500
TICKET_007145,PROD_029,1,3000
TICKET_007146,PROD_019,1,3200
TICKET_007146,PROD_012,1,3000
TICKET_007146,PROD_004,1,4800
TICKET_007146,PROD_017,1,2800
TICKET_007147,PROD_003,1,4500
TICKET_007147,PROD_013,1,3500
TICKET_007148,PROD_004,1,4800
TICKET_007149,PROD_001,1,2500
TICKET_007149,PROD_015,1,2800
TICKET_007149,PROD_022,1,3500
TICKET_007150,PROD_002,1,3500
TICKET_007151,PROD_010,1,3500
TICKET_007151,PROD_016,1,2500
TICKET_007151,PROD_035,1,7500
TICKET_007151,PROD_020,1,3200
TICKET_007152,PROD_023,1,3500
TICKET_007152,PROD_019,1,3200
TICKET_007153,PROD_012,1,3000
TICKET_007153,PROD_008,1,3200
TICKET_007154,PROD_001,2,2500
TICKET_007154,PROD_031,1,4500
TICKET_007155,PROD_002,1,3500
TICKET_007155,PROD_004,1,4800
TICKET_007156,PROD_019,1,3200
TICKET_007157,PROD_002,1,3500
TICKET_007158,PROD_006,1,2500
TICKET_007159,PROD_025,1,3500
TICKET_007160,PROD_026,1,3500
TICKET_007161,PROD_002,1,3500
TICKET_007162,PROD_003,1,4500
TICKET_007162,PROD_023,1,3500
TICKET_007163,PROD_012,1,3000
TICKET_007164,PROD_018,1,2800
TICKET_007165,PROD_012,1,3000
TICKET_007166,PROD_025,1,3500
TICKET_007167,PROD_012,1,3000
TICKET_007167,PROD_034,1,6500
TICKET_007168,PROD_005,1,4000
TICKET_007169,PROD_019,1,3200
TICKET_007169,PROD_012,1,3000
TICKET_007169,PROD_009,1,5000
TICKET_007169,PROD_020,1,3200
TICKET_007170,PROD_007,1,4500
TICKET_007171,PROD_021,1,3500
TICKET_007171,PROD_009,1,5000
TICKET_007172,PROD_026,1,3500
TICKET_007172,PROD_035,1,7500
TICKET_007173,PROD_003,1,4500
TICKET_007173,PROD_023,1,3500
TICKET_007173,PROD_031,1,4500
TICKET_007174,PROD_021,1,3500
TICKET_007175,PROD_010,1,3500
TICKET_007175,PROD_016,1,2500
TICKET_007176,PROD_031,1,4500
TICKET_007177,PROD_010,2,3500
TICKET_007177,PROD_013,1,3500
TICKET_007178,PROD_027,1,2500
TICKET_007179,PROD_021,1,3500
TICKET_007179,PROD_003,1,4500
TICKET_007180,PROD_031,1,4500
TICKET_007180,PROD_003,1,4500
TICKET_007180,PROD_020,1,3200
TICKET_007180,PROD_012,1,3000
TICKET_007181,PROD_010,1,3500
TICKET_007181,PROD_016,1,2500
TICKET_007182,PROD_018,1,2800
TICKET_007182,PROD_010,1,3500
TICKET_007183,PROD_002,1,3500
TICKET_007183,PROD_017,1,2800
TICKET_007183,PROD_007,1,4500
TICKET_007183,PROD_028,1,2000
TICKET_007184,PROD_006,1,2500
TICKET_007185,PROD_010,1,3500
TICKET_007186,PROD_001,1,2500
TICKET_007186,PROD_015,1,2800
TICKET_007186,PROD_006,2,2500
TICKET_007187,PROD_028,1,2000
TICKET_007187,PROD_032,1,2500
TICKET_007188,PROD_012,1,3000
TICKET_007188,PROD_021,1,3500
TICKET_007189,PROD_003,1,4500
TICKET_007189,PROD_023,1,3500
TICKET_007190,PROD_001,2,2500
TICKET_007190,PROD_013,1,3500
TICKET_007191,PROD_021,1,3500
TICKET_007191,PROD_009,1,5000
TICKET_007192,PROD_019,1,3200
TICKET_007192,PROD_012,1,3000
TICKET_007193,PROD_021,1,3500
TICKET_007193,PROD_009,1,5000
TICKET_007193,PROD_029,1,3000
TICKET_007193,PROD_004,1,4800
TICKET_007194,PROD_019,1,3200
TICKET_007194,PROD_012,1,3000
TICKET_007194,PROD_024,1,3000
TICKET_007195,PROD_027,1,2500
TICKET_007195,PROD_026,1,3500
TICKET_007196,PROD_001,1,2500
TICKET_007196,PROD_015,1,2800
TICKET_007197,PROD_010,1,3500
TICKET_007197,PROD_016,1,2500
TICKET_007198,PROD_031,1,4500
TICKET_007198,PROD_017,1,2800
TICKET_007199,PROD_004,1,4800
TICKET_007200,PROD_031,1,4500
TICKET_007200,PROD_003,1,4500
TICKET_007200,PROD_027,1,2500
TICKET_007200,PROD_022,1,3500
TICKET_007201,PROD_019,1,3200
TICKET_007202,PROD_003,1,4500
TICKET_007203,PROD_010,1,3500
TICKET_007203,PROD_016,1,2500
TICKET_007203,PROD_006,1,2500
TICKET_007204,PROD_002,1,3500
TICKET_007204,PROD_017,1,2800
TICKET_007204,PROD_015,1,2800
TICKET_007204,PROD_009,1,5000
TICKET_007205,PROD_031,1,4500
TICKET_007205,PROD_003,1,4500
TICKET_007205,PROD_032,1,2500
TICKET_007206,PROD_021,1,3500
TICKET_007206,PROD_017,1,2800
TICKET_007206,PROD_020,1,3200
TICKET_007207,PROD_001,1,2500
TICKET_007208,PROD_012,1,3000
TICKET_007208,PROD_007,1,4500
TICKET_007208,PROD_017,1,2800
TICKET_007209,PROD_001,1,2500
TICKET_007209,PROD_015,1,2800
TICKET_007210,PROD_034,1,6500
TICKET_007211,PROD_034,1,6500
TICKET_007212,PROD_008,1,3200
TICKET_007213,PROD_012,1,3000
TICKET_007214,PROD_003,1,4500
TICKET_007214,PROD_023,1,3500
TICKET_007214,PROD_026,1,3500
TICKET_007214,PROD_010,1,3500
TICKET_007215,PROD_002,1,3500
TICKET_007215,PROD_017,1,2800
TICKET_007216,PROD_029,1,3000
TICKET_007217,PROD_003,1,4500
TICKET_007218,PROD_013,1,3500
TICKET_007219,PROD_006,1,2500
TICKET_007219,PROD_028,1,2000
TICKET_007219,PROD_002,1,3500
TICKET_007220,PROD_021,1,3500
TICKET_007220,PROD_031,1,4500
TICKET_007220,PROD_003,1,4500
TICKET_007221,PROD_010,1,3500
TICKET_007221,PROD_016,1,2500
TICKET_007222,PROD_001,2,2500
TICKET_007223,PROD_001,1,2500
TICKET_007224,PROD_034,1,6500
TICKET_007224,PROD_021,1,3500
TICKET_007225,PROD_006,1,2500
TICKET_007225,PROD_026,1,3500
TICKET_007225,PROD_002,1,3500
TICKET_007226,PROD_001,1,2500
TICKET_007226,PROD_021,1,3500
TICKET_007227,PROD_001,1,2500
TICKET_007227,PROD_015,1,2800
TICKET_007228,PROD_021,1,3500
TICKET_007228,PROD_010,1,3500
TICKET_007228,PROD_001,1,2500
TICKET_007229,PROD_003,1,4500
TICKET_007229,PROD_023,1,3500
TICKET_007230,PROD_010,1,3500
TICKET_007230,PROD_016,1,2500
TICKET_007231,PROD_014,1,3800
TICKET_007231,PROD_018,1,2800
TICKET_007232,PROD_023,1,3500
TICKET_007232,PROD_013,1,3500
TICKET_007233,PROD_031,1,4500
TICKET_007233,PROD_023,1,3500
TICKET_007234,PROD_035,1,7500
TICKET_007235,PROD_002,1,3500
TICKET_007236,PROD_019,1,3200
TICKET_007237,PROD_003,1,4500
TICKET_007237,PROD_023,1,3500
TICKET_007238,PROD_010,1,3500
TICKET_007238,PROD_016,1,2500
TICKET_007239,PROD_006,1,2500
TICKET_007240,PROD_024,1,3000
TICKET_007241,PROD_030,1,4500
TICKET_007242,PROD_011,1,2500
TICKET_007242,PROD_009,1,5000
TICKET_007243,PROD_019,1,3200
TICKET_007243,PROD_012,1,3000
TICKET_007243,PROD_006,1,2500
TICKET_007243,PROD_026,1,3500
TICKET_007244,PROD_031,1,4500
TICKET_007244,PROD_003,1,4500
TICKET_007244,PROD_012,1,3000
TICKET_007245,PROD_022,1,3500
TICKET_007246,PROD_001,1,2500
TICKET_007246,PROD_020,1,3200
TICKET_007246,PROD_025,1,3500
TICKET_007247,PROD_006,1,2500
TICKET_007247,PROD_028,1,2000
TICKET_007248,PROD_010,1,3500
TICKET_007248,PROD_032,1,2500
TICKET_007249,PROD_012,1,3000
TICKET_007250,PROD_015,1,2800
TICKET_007250,PROD_012,1,3000
TICKET_007251,PROD_012,1,3000
TICKET_007251,PROD_024,1,3000
TICKET_007251,PROD_028,1,2000
TICKET_007252,PROD_028,1,2000
TICKET_007253,PROD_019,1,3200
TICKET_007253,PROD_002,1,3500
TICKET_007254,PROD_019,1,3200
TICKET_007254,PROD_012,1,3000
TICKET_007255,PROD_021,1,3500
TICKET_007256,PROD_001,1,2500
TICKET_007256,PROD_015,1,2800
TICKET_007257,PROD_003,1,4500
TICKET_007257,PROD_023,1,3500
TICKET_007257,PROD_004,1,4800
TICKET_007258,PROD_003,1,4500
TICKET_007259,PROD_006,1,2500
TICKET_007259,PROD_010,1,3500
TICKET_007260,PROD_034,1,6500
TICKET_007261,PROD_006,1,2500
TICKET_007261,PROD_034,1,6500
TICKET_007262,PROD_019,1,3200
TICKET_007262,PROD_026,1,3500
TICKET_007263,PROD_003,1,4500
TICKET_007264,PROD_031,1,4500
TICKET_007264,PROD_003,1,4500
TICKET_007265,PROD_012,1,3000
TICKET_007265,PROD_024,1,3000
TICKET_007265,PROD_015,1,2800
TICKET_007265,PROD_001,1,2500
TICKET_007266,PROD_035,1,7500
TICKET_007266,PROD_020,1,3200
TICKET_007267,PROD_009,1,5000
TICKET_007268,PROD_033,1,1500
TICKET_007269,PROD_001,1,2500
TICKET_007269,PROD_008,1,3200
TICKET_007270,PROD_003,1,4500
TICKET_007270,PROD_010,1,3500
TICKET_007271,PROD_029,1,3000
TICKET_007272,PROD_035,1,7500
TICKET_007273,PROD_003,1,4500
TICKET_007273,PROD_025,1,3500
TICKET_007274,PROD_006,1,2500
TICKET_007274,PROD_028,1,2000
TICKET_007275,PROD_003,1,4500
TICKET_007275,PROD_023,1,3500
TICKET_007276,PROD_021,1,3500
TICKET_007276,PROD_006,1,2500
TICKET_007277,PROD_010,1,3500
TICKET_007277,PROD_016,1,2500
TICKET_007277,PROD_009,1,5000
TICKET_007278,PROD_021,1,3500
TICKET_007278,PROD_005,1,4000
TICKET_007279,PROD_021,1,3500
TICKET_007279,PROD_009,1,5000
TICKET_007280,PROD_031,1,4500
TICKET_007280,PROD_003,1,4500
TICKET_007281,PROD_002,1,3500
TICKET_007282,PROD_012,1,3000
TICKET_007282,PROD_024,1,3000
TICKET_007282,PROD_035,1,7500
TICKET_007283,PROD_010,1,3500
TICKET_007284,PROD_001,2,2500
TICKET_007284,PROD_024,1,3000
TICKET_007285,PROD_032,1,2500
TICKET_007285,PROD_001,1,2500
TICKET_007286,PROD_027,1,2500
TICKET_007287,PROD_001,1,2500
TICKET_007287,PROD_008,1,3200
TICKET_007287,PROD_025,1,3500
TICKET_007288,PROD_021,1,3500
TICKET_007288,PROD_009,1,5000
TICKET_007288,PROD_020,1,3200
TICKET_007288,PROD_026,1,3500
TICKET_007289,PROD_012,1,3000
TICKET_007290,PROD_008,1,3200
TICKET_007291,PROD_012,1,3000
TICKET_007291,PROD_024,1,3000
TICKET_007291,PROD_028,1,2000
TICKET_007292,PROD_019,1,3200
TICKET_007293,PROD_006,1,2500
TICKET_007293,PROD_028,1,2000
TICKET_007294,PROD_031,1,4500
TICKET_007294,PROD_003,1,4500
TICKET_007294,PROD_017,1,2800
TICKET_007295,PROD_003,1,4500
TICKET_007296,PROD_001,1,2500
TICKET_007296,PROD_015,1,2800
TICKET_007297,PROD_012,1,3000
TICKET_007298,PROD_006,1,2500
TICKET_007298,PROD_021,1,3500
TICKET_007298,PROD_029,1,3000
TICKET_007299,PROD_012,1,3000
TICKET_007300,PROD_019,1,3200
TICKET_007300,PROD_012,1,3000
TICKET_007301,PROD_006,1,2500
TICKET_007301,PROD_010,1,3500
TICKET_007302,PROD_006,1,2500
TICKET_007302,PROD_028,1,2000
TICKET_007302,PROD_026,1,3500
TICKET_007303,PROD_003,1,4500
TICKET_007303,PROD_023,2,3500
TICKET_007304,PROD_029,1,3000
TICKET_007304,PROD_002,1,3500
TICKET_007305,PROD_019,1,3200
TICKET_007305,PROD_012,1,3000
TICKET_007306,PROD_010,1,3500
TICKET_007307,PROD_007,1,4500
TICKET_007308,PROD_003,1,4500
TICKET_007309,PROD_002,1,3500
TICKET_007309,PROD_017,1,2800
TICKET_007310,PROD_027,1,2500
TICKET_007311,PROD_022,1,3500
TICKET_007312,PROD_001,2,2500
TICKET_007312,PROD_009,1,5000
TICKET_007313,PROD_029,1,3000
TICKET_007314,PROD_002,1,3500
TICKET_007315,PROD_004,1,4800
TICKET_007316,PROD_014,1,3800
TICKET_007317,PROD_012,1,3000
TICKET_007318,PROD_018,1,2800
TICKET_007319,PROD_002,1,3500
TICKET_007319,PROD_017,1,2800
TICKET_007319,PROD_003,1,4500
TICKET_007320,PROD_031,1,4500
TICKET_007321,PROD_002,1,3500
TICKET_007322,PROD_019,1,3200
TICKET_007322,PROD_012,1,3000
TICKET_007322,PROD_002,1,3500
TICKET_007323,PROD_002,1,3500
TICKET_007323,PROD_017,1,2800
TICKET_007323,PROD_029,1,3000
TICKET_007324,PROD_003,1,4500
TICKET_007324,PROD_023,1,3500
TICKET_007324,PROD_010,1,3500
TICKET_007325,PROD_033,1,1500
TICKET_007326,PROD_001,1,2500
TICKET_007326,PROD_015,1,2800
TICKET_007326,PROD_010,1,3500
TICKET_007327,PROD_021,1,3500
TICKET_007327,PROD_009,1,5000
TICKET_007328,PROD_001,1,2500
TICKET_007328,PROD_015,1,2800
TICKET_007329,PROD_031,1,4500
TICKET_007329,PROD_003,1,4500
TICKET_007330,PROD_031,1,4500
TICKET_007330,PROD_003,2,4500
TICKET_007331,PROD_001,1,2500
TICKET_007332,PROD_009,1,5000
TICKET_007332,PROD_012,1,3000
TICKET_007333,PROD_002,1,3500
TICKET_007333,PROD_017,1,2800
TICKET_007334,PROD_010,1,3500
TICKET_007334,PROD_016,1,2500
TICKET_007334,PROD_002,1,3500
TICKET_007334,PROD_004,1,4800
TICKET_007335,PROD_021,1,3500
TICKET_007335,PROD_009,1,5000
TICKET_007335,PROD_012,1,3000
TICKET_007336,PROD_012,1,3000
TICKET_007336,PROD_024,1,3000
TICKET_007336,PROD_020,1,3200
TICKET_007336,PROD_005,1,4000
TICKET_007337,PROD_002,2,3500
TICKET_007337,PROD_012,1,3000
TICKET_007338,PROD_010,1,3500
TICKET_007339,PROD_034,1,6500
TICKET_007340,PROD_031,1,4500
TICKET_007340,PROD_002,1,3500
TICKET_007341,PROD_008,1,3200
TICKET_007341,PROD_003,1,4500
TICKET_007342,PROD_002,1,3500
TICKET_007342,PROD_017,1,2800
TICKET_007342,PROD_028,1,2000
TICKET_007342,PROD_024,1,3000
TICKET_007343,PROD_002,1,3500
TICKET_007343,PROD_017,1,2800
TICKET_007343,PROD_008,1,3200
TICKET_007344,PROD_010,1,3500
TICKET_007344,PROD_016,1,2500
TICKET_007344,PROD_034,1,6500
TICKET_007345,PROD_031,1,4500
TICKET_007346,PROD_001,1,2500
TICKET_007346,PROD_015,1,2800
TICKET_007346,PROD_028,1,2000
TICKET_007347,PROD_006,1,2500
TICKET_007347,PROD_028,1,2000
TICKET_007348,PROD_016,1,2500
TICKET_007349,PROD_006,1,2500
TICKET_007349,PROD_028,1,2000
TICKET_007349,PROD_035,1,7500
TICKET_007349,PROD_012,1,3000
TICKET_007350,PROD_026,1,3500
TICKET_007351,PROD_006,1,2500
TICKET_007351,PROD_003,1,4500
TICKET_007352,PROD_011,1,2500
TICKET_007353,PROD_020,1,3200
TICKET_007353,PROD_033,1,1500
TICKET_007354,PROD_001,1,2500
TICKET_007354,PROD_015,1,2800
TICKET_007354,PROD_020,1,3200
TICKET_007355,PROD_003,1,4500
TICKET_007355,PROD_023,1,3500
TICKET_007356,PROD_034,1,6500
TICKET_007356,PROD_004,1,4800
TICKET_007357,PROD_003,1,4500
TICKET_007357,PROD_023,1,3500
TICKET_007357,PROD_031,1,4500
TICKET_007358,PROD_026,1,3500
TICKET_007359,PROD_001,1,2500
TICKET_007360,PROD_021,1,3500
TICKET_007360,PROD_027,1,2500
TICKET_007361,PROD_008,1,3200
TICKET_007362,PROD_020,1,3200
TICKET_007363,PROD_031,1,4500
TICKET_007364,PROD_006,1,2500
TICKET_007365,PROD_025,1,3500
TICKET_007366,PROD_017,1,2800
TICKET_007367,PROD_019,1,3200
TICKET_007367,PROD_012,1,3000
TICKET_007368,PROD_020,1,3200
TICKET_007369,PROD_012,1,3000
TICKET_007369,PROD_024,1,3000
TICKET_007370,PROD_010,1,3500
TICKET_007371,PROD_006,1,2500
TICKET_007372,PROD_021,1,3500
TICKET_007373,PROD_013,1,3500
TICKET_007374,PROD_003,1,4500
TICKET_007374,PROD_023,1,3500
TICKET_007374,PROD_029,1,3000
TICKET_007375,PROD_003,1,4500
TICKET_007375,PROD_023,1,3500
TICKET_007375,PROD_025,1,3500
TICKET_007375,PROD_013,1,3500
TICKET_007376,PROD_001,1,2500
TICKET_007376,PROD_015,1,2800
TICKET_007376,PROD_022,1,3500
TICKET_007377,PROD_008,1,3200
TICKET_007378,PROD_004,1,4800
TICKET_007379,PROD_021,1,3500
TICKET_007379,PROD_034,1,6500
TICKET_007379,PROD_018,1,2800
TICKET_007380,PROD_012,1,3000
TICKET_007381,PROD_035,1,7500
TICKET_007382,PROD_019,1,3200
TICKET_007382,PROD_012,1,3000
TICKET_007383,PROD_001,1,2500
TICKET_007384,PROD_001,1,2500
TICKET_007385,PROD_012,1,3000
TICKET_007385,PROD_024,1,3000
TICKET_007386,PROD_031,2,4500
TICKET_007387,PROD_001,1,2500
TICKET_007388,PROD_021,1,3500
TICKET_007389,PROD_019,1,3200
TICKET_007389,PROD_012,1,3000
TICKET_007389,PROD_018,1,2800
TICKET_007390,PROD_001,1,2500
TICKET_007391,PROD_014,1,3800
TICKET_007392,PROD_016,1,2500
TICKET_007393,PROD_021,1,3500
TICKET_007393,PROD_009,1,5000
TICKET_007394,PROD_004,1,4800
TICKET_007395,PROD_034,1,6500
TICKET_007396,PROD_008,1,3200
TICKET_007397,PROD_013,1,3500
TICKET_007398,PROD_021,1,3500
TICKET_007398,PROD_009,1,5000
TICKET_007399,PROD_002,1,3500
TICKET_007399,PROD_017,1,2800
TICKET_007400,PROD_020,1,3200
TICKET_007401,PROD_003,1,4500
TICKET_007401,PROD_023,1,3500
TICKET_007402,PROD_002,1,3500
TICKET_007403,PROD_006,1,2500
TICKET_007403,PROD_033,1,1500
TICKET_007404,PROD_028,1,2000
TICKET_007404,PROD_015,1,2800
TICKET_007405,PROD_010,1,3500
TICKET_007405,PROD_016,1,2500
TICKET_007405,PROD_008,1,3200
TICKET_007406,PROD_027,1,2500
TICKET_007407,PROD_019,1,3200
TICKET_007407,PROD_012,1,3000
TICKET_007408,PROD_012,1,3000
TICKET_007408,PROD_024,1,3000
TICKET_007408,PROD_029,1,3000
TICKET_007409,PROD_021,1,3500
TICKET_007409,PROD_022,1,3500
TICKET_007410,PROD_031,1,4500
TICKET_007411,PROD_034,1,6500
TICKET_007412,PROD_001,1,2500
TICKET_007413,PROD_012,1,3000
TICKET_007413,PROD_024,1,3000
TICKET_007414,PROD_006,1,2500
TICKET_007415,PROD_011,1,2500
TICKET_007416,PROD_002,1,3500
TICKET_007416,PROD_017,1,2800
TICKET_007417,PROD_005,1,4000
TICKET_007418,PROD_012,1,3000
TICKET_007418,PROD_032,1,2500
TICKET_007419,PROD_006,1,2500
TICKET_007420,PROD_001,2,2500
TICKET_007421,PROD_006,1,2500
TICKET_007421,PROD_028,1,2000
TICKET_007422,PROD_001,1,2500
TICKET_007422,PROD_015,1,2800
TICKET_007422,PROD_018,1,2800
TICKET_007423,PROD_006,1,2500
TICKET_007423,PROD_028,1,2000
TICKET_007423,PROD_027,1,2500
TICKET_007424,PROD_021,1,3500
TICKET_007424,PROD_009,2,5000
TICKET_007425,PROD_001,2,2500
TICKET_007425,PROD_018,1,2800
TICKET_007426,PROD_021,1,3500
TICKET_007426,PROD_009,1,5000
TICKET_007427,PROD_019,1,3200
TICKET_007427,PROD_035,1,7500
TICKET_007428,PROD_002,1,3500
TICKET_007428,PROD_017,2,2800
TICKET_007428,PROD_035,1,7500
TICKET_007429,PROD_021,1,3500
TICKET_007429,PROD_009,1,5000
TICKET_007430,PROD_003,1,4500
TICKET_007430,PROD_023,1,3500
TICKET_007430,PROD_020,1,3200
TICKET_007431,PROD_002,1,3500
TICKET_007431,PROD_017,1,2800
TICKET_007432,PROD_021,1,3500
TICKET_007433,PROD_024,1,3000
TICKET_007434,PROD_019,1,3200
TICKET_007434,PROD_012,1,3000
TICKET_007434,PROD_033,1,1500
TICKET_007435,PROD_010,1,3500
TICKET_007435,PROD_016,1,2500
TICKET_007435,PROD_019,1,3200
TICKET_007436,PROD_019,1,3200
TICKET_007436,PROD_012,1,3000
TICKET_007437,PROD_005,1,4000
TICKET_007438,PROD_032,1,2500
TICKET_007439,PROD_004,1,4800
TICKET_007440,PROD_012,1,3000
TICKET_007441,PROD_021,1,3500
TICKET_007441,PROD_009,1,5000
TICKET_007442,PROD_001,1,2500
TICKET_007443,PROD_035,1,7500
TICKET_007444,PROD_001,1,2500
TICKET_007444,PROD_008,1,3200
TICKET_007444,PROD_035,1,7500
TICKET_007445,PROD_019,1,3200
TICKET_007445,PROD_012,1,3000
TICKET_007445,PROD_010,1,3500
TICKET_007445,PROD_002,1,3500
TICKET_007446,PROD_031,1,4500
TICKET_007447,PROD_010,1,3500
TICKET_007447,PROD_016,1,2500
TICKET_007447,PROD_026,1,3500
TICKET_007447,PROD_015,1,2800
TICKET_007448,PROD_019,1,3200
TICKET_007449,PROD_002,1,3500
TICKET_007449,PROD_017,1,2800
TICKET_007450,PROD_031,1,4500
TICKET_007451,PROD_019,1,3200
TICKET_007451,PROD_012,1,3000
TICKET_007451,PROD_024,1,3000
TICKET_007452,PROD_002,1,3500
TICKET_007453,PROD_018,1,2800
TICKET_007454,PROD_021,1,3500
TICKET_007454,PROD_009,1,5000
TICKET_007454,PROD_024,1,3000
TICKET_007455,PROD_002,2,3500
TICKET_007455,PROD_017,1,2800
TICKET_007456,PROD_029,1,3000
TICKET_007457,PROD_001,1,2500
TICKET_007457,PROD_018,1,2800
TICKET_007458,PROD_029,1,3000
TICKET_007459,PROD_008,1,3200
TICKET_007460,PROD_002,2,3500
TICKET_007460,PROD_017,1,2800
TICKET_007461,PROD_003,1,4500
TICKET_007461,PROD_023,1,3500
TICKET_007462,PROD_012,1,3000
TICKET_007462,PROD_008,1,3200
TICKET_007462,PROD_025,1,3500
TICKET_007463,PROD_014,1,3800
TICKET_007464,PROD_002,1,3500
TICKET_007464,PROD_025,1,3500
TICKET_007464,PROD_031,1,4500
TICKET_007465,PROD_001,1,2500
TICKET_007465,PROD_015,1,2800
TICKET_007466,PROD_012,1,3000
TICKET_007467,PROD_012,1,3000
TICKET_007467,PROD_024,1,3000
TICKET_007467,PROD_017,1,2800
TICKET_007468,PROD_002,1,3500
TICKET_007468,PROD_034,1,6500
TICKET_007469,PROD_029,1,3000
TICKET_007470,PROD_029,1,3000
TICKET_007471,PROD_031,1,4500
TICKET_007471,PROD_003,1,4500
TICKET_007471,PROD_012,1,3000
TICKET_007472,PROD_009,1,5000
TICKET_007472,PROD_002,1,3500
TICKET_007473,PROD_010,1,3500
TICKET_007473,PROD_016,1,2500
TICKET_007473,PROD_023,1,3500
TICKET_007473,PROD_020,1,3200
TICKET_007474,PROD_006,1,2500
TICKET_007475,PROD_002,1,3500
TICKET_007475,PROD_017,1,2800
TICKET_007476,PROD_012,1,3000
TICKET_007476,PROD_010,1,3500
TICKET_007476,PROD_005,1,4000
TICKET_007477,PROD_002,1,3500
TICKET_007478,PROD_006,1,2500
TICKET_007478,PROD_003,1,4500
TICKET_007479,PROD_006,1,2500
TICKET_007479,PROD_008,1,3200
TICKET_007480,PROD_029,1,3000
TICKET_007481,PROD_001,1,2500
TICKET_007481,PROD_003,1,4500
TICKET_007481,PROD_016,1,2500
TICKET_007482,PROD_010,1,3500
TICKET_007482,PROD_016,1,2500
TICKET_007483,PROD_019,1,3200
TICKET_007483,PROD_035,1,7500
TICKET_007483,PROD_001,1,2500
TICKET_007484,PROD_010,1,3500
TICKET_007484,PROD_016,1,2500
TICKET_007484,PROD_034,1,6500
TICKET_007484,PROD_019,1,3200
TICKET_007485,PROD_023,1,3500
TICKET_007486,PROD_003,1,4500
TICKET_007486,PROD_023,1,3500
TICKET_007487,PROD_010,1,3500
TICKET_007487,PROD_016,1,2500
TICKET_007487,PROD_019,1,3200
TICKET_007488,PROD_001,1,2500
TICKET_007488,PROD_015,1,2800
TICKET_007488,PROD_032,1,2500
TICKET_007489,PROD_001,1,2500
TICKET_007489,PROD_015,1,2800
TICKET_007490,PROD_001,1,2500
TICKET_007491,PROD_021,1,3500
TICKET_007491,PROD_009,1,5000
TICKET_007492,PROD_001,1,2500
TICKET_007493,PROD_012,1,3000
TICKET_007493,PROD_024,1,3000
TICKET_007493,PROD_021,1,3500
TICKET_007494,PROD_001,1,2500
TICKET_007494,PROD_015,1,2800
TICKET_007495,PROD_001,1,2500
TICKET_007495,PROD_015,1,2800
TICKET_007495,PROD_035,1,7500
TICKET_007495,PROD_025,1,3500
TICKET_007496,PROD_010,1,3500
TICKET_007496,PROD_016,1,2500
TICKET_007496,PROD_035,1,7500
TICKET_007496,PROD_034,1,6500
TICKET_007497,PROD_006,1,2500
TICKET_007497,PROD_015,1,2800
TICKET_007497,PROD_020,1,3200
TICKET_007498,PROD_019,1,3200
TICKET_007498,PROD_012,1,3000
TICKET_007499,PROD_001,1,2500
TICKET_007499,PROD_012,1,3000
TICKET_007500,PROD_010,1,3500
TICKET_007500,PROD_016,1,2500
TICKET_007500,PROD_009,1,5000
TICKET_007501,PROD_025,1,3500
TICKET_007502,PROD_001,1,2500
TICKET_007502,PROD_015,1,2800
TICKET_007503,PROD_002,1,3500
TICKET_007503,PROD_017,1,2800
TICKET_007503,PROD_018,1,2800
TICKET_007504,PROD_020,1,3200
TICKET_007505,PROD_006,1,2500
TICKET_007506,PROD_002,1,3500
TICKET_007506,PROD_017,1,2800
TICKET_007506,PROD_026,1,3500
TICKET_007506,PROD_028,1,2000
TICKET_007507,PROD_002,1,3500
TICKET_007508,PROD_003,1,4500
TICKET_007508,PROD_023,2,3500
TICKET_007509,PROD_011,1,2500
TICKET_007510,PROD_021,1,3500
TICKET_007511,PROD_001,1,2500
TICKET_007512,PROD_023,1,3500
TICKET_007513,PROD_002,1,3500
TICKET_007513,PROD_017,1,2800
TICKET_007514,PROD_012,1,3000
TICKET_007514,PROD_024,1,3000
TICKET_007515,PROD_022,1,3500
TICKET_007516,PROD_002,2,3500
TICKET_007516,PROD_017,1,2800
TICKET_007516,PROD_035,1,7500
TICKET_007517,PROD_003,1,4500
TICKET_007517,PROD_023,1,3500
TICKET_007518,PROD_019,1,3200
TICKET_007519,PROD_001,1,2500
TICKET_007520,PROD_021,1,3500
TICKET_007520,PROD_009,1,5000
TICKET_007520,PROD_004,1,4800
TICKET_007521,PROD_006,1,2500
TICKET_007521,PROD_002,1,3500
TICKET_007522,PROD_028,1,2000
TICKET_007523,PROD_006,1,2500
TICKET_007524,PROD_001,1,2500
TICKET_007525,PROD_006,1,2500
TICKET_007525,PROD_028,1,2000
TICKET_007525,PROD_021,1,3500
TICKET_007526,PROD_031,1,4500
TICKET_007526,PROD_003,1,4500
TICKET_007527,PROD_019,1,3200
TICKET_007527,PROD_012,1,3000
TICKET_007527,PROD_022,1,3500
TICKET_007528,PROD_002,1,3500
TICKET_007528,PROD_017,1,2800
TICKET_007529,PROD_029,1,3000
TICKET_007530,PROD_019,1,3200
TICKET_007530,PROD_006,1,2500
TICKET_007531,PROD_031,1,4500
TICKET_007531,PROD_003,1,4500
TICKET_007532,PROD_002,2,3500
TICKET_007532,PROD_017,1,2800
TICKET_007533,PROD_002,1,3500
TICKET_007533,PROD_017,1,2800
TICKET_007533,PROD_026,1,3500
TICKET_007533,PROD_013,1,3500
TICKET_007534,PROD_016,1,2500
TICKET_007535,PROD_031,1,4500
TICKET_007535,PROD_003,1,4500
TICKET_007535,PROD_002,1,3500
TICKET_007536,PROD_031,1,4500
TICKET_007536,PROD_003,1,4500
TICKET_007536,PROD_008,1,3200
TICKET_007537,PROD_003,1,4500
TICKET_007538,PROD_001,1,2500
TICKET_007538,PROD_031,1,4500
TICKET_007539,PROD_031,1,4500
TICKET_007539,PROD_003,1,4500
TICKET_007540,PROD_035,1,7500
TICKET_007541,PROD_001,1,2500
TICKET_007541,PROD_015,1,2800
TICKET_007541,PROD_029,1,3000
TICKET_007541,PROD_027,1,2500
TICKET_007542,PROD_001,1,2500
TICKET_007543,PROD_020,1,3200
TICKET_007544,PROD_013,1,3500
TICKET_007544,PROD_001,1,2500
TICKET_007545,PROD_012,1,3000
TICKET_007545,PROD_024,1,3000
TICKET_007545,PROD_009,1,5000
TICKET_007546,PROD_021,1,3500
TICKET_007547,PROD_003,1,4500
TICKET_007547,PROD_023,1,3500
TICKET_007548,PROD_001,1,2500
TICKET_007549,PROD_019,1,3200
TICKET_007550,PROD_002,1,3500
TICKET_007551,PROD_010,1,3500
TICKET_007551,PROD_016,1,2500
TICKET_007551,PROD_024,1,3000
TICKET_007552,PROD_021,1,3500
TICKET_007552,PROD_009,1,5000
TICKET_007552,PROD_035,1,7500
TICKET_007553,PROD_001,1,2500
TICKET_007553,PROD_015,1,2800
TICKET_007554,PROD_034,1,6500
TICKET_007555,PROD_006,1,2500
TICKET_007555,PROD_001,1,2500
TICKET_007555,PROD_014,1,3800
TICKET_007556,PROD_031,1,4500
TICKET_007556,PROD_025,1,3500
TICKET_007557,PROD_031,1,4500
TICKET_007558,PROD_031,1,4500
TICKET_007558,PROD_013,1,3500
TICKET_007559,PROD_021,1,3500
TICKET_007559,PROD_009,1,5000
TICKET_007560,PROD_031,1,4500
TICKET_007561,PROD_012,1,3000
TICKET_007561,PROD_024,1,3000
TICKET_007562,PROD_010,1,3500
TICKET_007563,PROD_031,1,4500
TICKET_007563,PROD_003,1,4500
TICKET_007564,PROD_011,1,2500
TICKET_007565,PROD_026,1,3500
TICKET_007566,PROD_021,1,3500
TICKET_007567,PROD_021,1,3500
TICKET_007567,PROD_009,1,5000
TICKET_007568,PROD_006,1,2500
TICKET_007569,PROD_031,1,4500
TICKET_007569,PROD_003,1,4500
TICKET_007569,PROD_034,1,6500
TICKET_007570,PROD_010,1,3500
TICKET_007570,PROD_016,1,2500
TICKET_007571,PROD_031,1,4500
TICKET_007571,PROD_003,1,4500
TICKET_007572,PROD_031,1,4500
TICKET_007572,PROD_003,1,4500
TICKET_007572,PROD_029,1,3000
TICKET_007573,PROD_003,1,4500
TICKET_007573,PROD_023,1,3500
TICKET_007573,PROD_018,1,2800
TICKET_007574,PROD_018,1,2800
TICKET_007575,PROD_004,1,4800
TICKET_007576,PROD_021,1,3500
TICKET_007577,PROD_002,1,3500
TICKET_007577,PROD_029,1,3000
TICKET_007577,PROD_018,1,2800
TICKET_007578,PROD_003,1,4500
TICKET_007578,PROD_023,1,3500
TICKET_007579,PROD_031,1,4500
TICKET_007580,PROD_006,1,2500
TICKET_007580,PROD_021,1,3500
TICKET_007580,PROD_012,1,3000
TICKET_007581,PROD_022,1,3500
TICKET_007582,PROD_001,1,2500
TICKET_007582,PROD_035,1,7500
TICKET_007583,PROD_032,1,2500
TICKET_007584,PROD_012,2,3000
TICKET_007585,PROD_019,1,3200
TICKET_007585,PROD_012,1,3000
TICKET_007585,PROD_026,1,3500
TICKET_007585,PROD_024,1,3000
TICKET_007586,PROD_002,1,3500
TICKET_007586,PROD_017,1,2800
TICKET_007586,PROD_012,1,3000
TICKET_007587,PROD_015,1,2800
TICKET_007588,PROD_026,1,3500
TICKET_007589,PROD_010,2,3500
TICKET_007589,PROD_016,1,2500
TICKET_007589,PROD_029,1,3000
TICKET_007590,PROD_010,1,3500
TICKET_007590,PROD_016,1,2500
TICKET_007591,PROD_006,1,2500
TICKET_007592,PROD_021,1,3500
TICKET_007592,PROD_009,1,5000
TICKET_007592,PROD_024,1,3000
TICKET_007592,PROD_004,1,4800
TICKET_007593,PROD_009,1,5000
TICKET_007594,PROD_021,1,3500
TICKET_007594,PROD_003,1,4500
TICKET_007595,PROD_017,1,2800
TICKET_007596,PROD_001,1,2500
TICKET_007596,PROD_015,1,2800
TICKET_007596,PROD_032,1,2500
TICKET_007597,PROD_032,1,2500
TICKET_007598,PROD_031,1,4500
TICKET_007598,PROD_003,1,4500
TICKET_007599,PROD_018,1,2800
TICKET_007600,PROD_012,1,3000
TICKET_007601,PROD_003,1,4500
TICKET_007601,PROD_023,1,3500
TICKET_007601,PROD_014,1,3800
TICKET_007602,PROD_029,1,3000
TICKET_007603,PROD_006,1,2500
TICKET_007603,PROD_028,1,2000
TICKET_007604,PROD_021,1,3500
TICKET_007604,PROD_009,1,5000
TICKET_007604,PROD_035,1,7500
TICKET_007604,PROD_026,1,3500
TICKET_007605,PROD_008,1,3200
TICKET_007606,PROD_018,1,2800
TICKET_007607,PROD_020,1,3200
TICKET_007608,PROD_010,1,3500
TICKET_007608,PROD_016,1,2500
TICKET_007609,PROD_001,1,2500
TICKET_007610,PROD_006,1,2500
TICKET_007610,PROD_028,1,2000
TICKET_007610,PROD_003,1,4500
TICKET_007610,PROD_034,1,6500
TICKET_007611,PROD_021,1,3500
TICKET_007611,PROD_009,1,5000
TICKET_007612,PROD_033,1,1500
TICKET_007613,PROD_001,2,2500
TICKET_007614,PROD_031,1,4500
TICKET_007615,PROD_001,1,2500
TICKET_007615,PROD_034,1,6500
TICKET_007615,PROD_028,1,2000
TICKET_007616,PROD_021,1,3500
TICKET_007616,PROD_009,1,5000
TICKET_007617,PROD_002,1,3500
TICKET_007617,PROD_017,1,2800
TICKET_007618,PROD_001,2,2500
TICKET_007619,PROD_012,1,3000
TICKET_007619,PROD_033,1,1500
TICKET_007619,PROD_004,1,4800
TICKET_007620,PROD_019,1,3200
TICKET_007620,PROD_012,1,3000
TICKET_007621,PROD_026,1,3500
TICKET_007622,PROD_012,1,3000
TICKET_007622,PROD_024,1,3000
TICKET_007622,PROD_016,1,2500
TICKET_007622,PROD_008,1,3200
TICKET_007623,PROD_001,1,2500
TICKET_007624,PROD_012,1,3000
TICKET_007624,PROD_008,1,3200
TICKET_007625,PROD_010,1,3500
TICKET_007625,PROD_016,1,2500
TICKET_007626,PROD_021,1,3500
TICKET_007627,PROD_031,2,4500
TICKET_007627,PROD_003,1,4500
TICKET_007628,PROD_014,1,3800
TICKET_007628,PROD_018,1,2800
TICKET_007629,PROD_006,1,2500
TICKET_007629,PROD_028,1,2000
TICKET_007630,PROD_020,1,3200
TICKET_007631,PROD_015,1,2800
TICKET_007632,PROD_021,1,3500
TICKET_007632,PROD_009,1,5000
TICKET_007632,PROD_033,1,1500
TICKET_007633,PROD_031,1,4500
TICKET_007634,PROD_012,1,3000
TICKET_007635,PROD_017,1,2800
TICKET_007635,PROD_006,1,2500
TICKET_007636,PROD_001,1,2500
TICKET_007637,PROD_012,1,3000
TICKET_007637,PROD_024,1,3000
TICKET_007638,PROD_012,1,3000
TICKET_007639,PROD_031,1,4500
TICKET_007639,PROD_003,1,4500
TICKET_007639,PROD_030,1,4500
TICKET_007640,PROD_016,1,2500
TICKET_007641,PROD_010,1,3500
TICKET_007642,PROD_001,2,2500
TICKET_007642,PROD_029,1,3000
TICKET_007642,PROD_023,1,3500
TICKET_007643,PROD_021,1,3500
TICKET_007643,PROD_009,1,5000
TICKET_007644,PROD_001,1,2500
TICKET_007644,PROD_015,1,2800
TICKET_007644,PROD_013,1,3500
TICKET_007645,PROD_019,1,3200
TICKET_007645,PROD_012,1,3000
TICKET_007646,PROD_031,1,4500
TICKET_007647,PROD_011,1,2500
TICKET_007648,PROD_031,1,4500
TICKET_007648,PROD_003,1,4500
TICKET_007649,PROD_025,1,3500
TICKET_007650,PROD_002,1,3500
TICKET_007650,PROD_017,1,2800
TICKET_007651,PROD_031,1,4500
TICKET_007652,PROD_001,1,2500
TICKET_007653,PROD_007,1,4500
TICKET_007654,PROD_021,1,3500
TICKET_007654,PROD_009,1,5000
TICKET_007654,PROD_020,1,3200
TICKET_007654,PROD_028,1,2000
TICKET_007655,PROD_012,1,3000
TICKET_007655,PROD_024,1,3000
TICKET_007656,PROD_021,1,3500
TICKET_007656,PROD_009,1,5000
TICKET_007656,PROD_018,1,2800
TICKET_007657,PROD_021,1,3500
TICKET_007657,PROD_009,1,5000
TICKET_007657,PROD_028,1,2000
TICKET_007658,PROD_011,1,2500
TICKET_007659,PROD_006,1,2500
TICKET_007659,PROD_028,1,2000
TICKET_007659,PROD_004,1,4800
TICKET_007660,PROD_008,1,3200
TICKET_007661,PROD_010,1,3500
TICKET_007662,PROD_021,1,3500
TICKET_007663,PROD_004,1,4800
TICKET_007664,PROD_014,1,3800
TICKET_007665,PROD_019,1,3200
TICKET_007666,PROD_019,1,3200
TICKET_007666,PROD_012,1,3000
TICKET_007666,PROD_017,1,2800
TICKET_007667,PROD_002,1,3500
TICKET_007667,PROD_017,1,2800
TICKET_007668,PROD_010,1,3500
TICKET_007669,PROD_014,1,3800
TICKET_007670,PROD_017,1,2800
TICKET_007670,PROD_013,1,3500
TICKET_007671,PROD_010,1,3500
TICKET_007672,PROD_001,1,2500
TICKET_007672,PROD_024,1,3000
TICKET_007672,PROD_012,1,3000
TICKET_007673,PROD_035,1,7500
TICKET_007674,PROD_003,1,4500
TICKET_007674,PROD_023,1,3500
TICKET_007674,PROD_028,1,2000
TICKET_007674,PROD_019,1,3200
TICKET_007675,PROD_026,1,3500
TICKET_007676,PROD_032,1,2500
TICKET_007677,PROD_001,1,2500
TICKET_007677,PROD_015,1,2800
TICKET_007678,PROD_031,1,4500
TICKET_007678,PROD_003,1,4500
TICKET_007678,PROD_005,1,4000
TICKET_007678,PROD_008,1,3200
TICKET_007679,PROD_005,1,4000
TICKET_007680,PROD_019,1,3200
TICKET_007680,PROD_012,1,3000
TICKET_007681,PROD_031,1,4500
TICKET_007681,PROD_003,1,4500
TICKET_007681,PROD_034,1,6500
TICKET_007682,PROD_012,1,3000
TICKET_007683,PROD_012,1,3000
TICKET_007684,PROD_001,1,2500
TICKET_007685,PROD_012,1,3000
TICKET_007685,PROD_017,2,2800
TICKET_007686,PROD_006,1,2500
TICKET_007687,PROD_010,1,3500
TICKET_007687,PROD_016,1,2500
TICKET_007688,PROD_001,1,2500
TICKET_007688,PROD_010,1,3500
TICKET_007688,PROD_033,1,1500
TICKET_007689,PROD_031,1,4500
TICKET_007689,PROD_028,1,2000
TICKET_007690,PROD_018,1,2800
TICKET_007691,PROD_028,1,2000
TICKET_007692,PROD_008,1,3200
TICKET_007693,PROD_003,1,4500
TICKET_007693,PROD_023,1,3500
TICKET_007693,PROD_002,1,3500
TICKET_007694,PROD_012,1,3000
TICKET_007694,PROD_024,1,3000
TICKET_007695,PROD_020,1,3200
TICKET_007696,PROD_006,1,2500
TICKET_007696,PROD_003,1,4500
TICKET_007696,PROD_016,1,2500
TICKET_007697,PROD_008,1,3200
TICKET_007698,PROD_001,1,2500
TICKET_007698,PROD_015,1,2800
TICKET_007699,PROD_012,1,3000
TICKET_007700,PROD_032,1,2500
TICKET_007701,PROD_001,2,2500
TICKET_007702,PROD_019,1,3200
TICKET_007702,PROD_008,1,3200
TICKET_007703,PROD_001,1,2500
TICKET_007703,PROD_015,1,2800
TICKET_007704,PROD_002,1,3500
TICKET_007704,PROD_007,1,4500
TICKET_007705,PROD_013,1,3500
TICKET_007706,PROD_006,1,2500
TICKET_007706,PROD_018,1,2800
TICKET_007707,PROD_011,1,2500
TICKET_007708,PROD_001,2,2500
TICKET_007708,PROD_033,1,1500
TICKET_007708,PROD_014,1,3800
TICKET_007709,PROD_002,1,3500
TICKET_007709,PROD_017,1,2800
TICKET_007710,PROD_028,1,2000
TICKET_007711,PROD_031,1,4500
TICKET_007711,PROD_012,1,3000
TICKET_007711,PROD_008,1,3200
TICKET_007712,PROD_031,1,4500
TICKET_007713,PROD_026,1,3500
TICKET_007713,PROD_019,1,3200
TICKET_007714,PROD_035,1,7500
TICKET_007715,PROD_010,1,3500
TICKET_007715,PROD_016,1,2500
TICKET_007715,PROD_004,1,4800
TICKET_007716,PROD_012,1,3000
TICKET_007717,PROD_024,1,3000
TICKET_007718,PROD_006,1,2500
TICKET_007718,PROD_010,1,3500
TICKET_007719,PROD_002,1,3500
TICKET_007719,PROD_030,1,4500
TICKET_007720,PROD_003,1,4500
TICKET_007721,PROD_001,1,2500
TICKET_007722,PROD_021,1,3500
TICKET_007722,PROD_001,1,2500
TICKET_007723,PROD_001,1,2500
TICKET_007724,PROD_013,1,3500
TICKET_007725,PROD_006,1,2500
TICKET_007726,PROD_001,1,2500
TICKET_007726,PROD_015,1,2800
TICKET_007726,PROD_028,1,2000
TICKET_007727,PROD_024,1,3000
TICKET_007728,PROD_019,1,3200
TICKET_007728,PROD_012,1,3000
TICKET_007729,PROD_021,1,3500
TICKET_007729,PROD_009,1,5000
TICKET_007729,PROD_025,1,3500
TICKET_007730,PROD_012,1,3000
TICKET_007730,PROD_024,1,3000
TICKET_007730,PROD_029,1,3000
TICKET_007731,PROD_011,1,2500
TICKET_007732,PROD_013,1,3500
TICKET_007732,PROD_032,1,2500
TICKET_007733,PROD_001,2,2500
TICKET_007734,PROD_002,1,3500
TICKET_007734,PROD_017,1,2800
TICKET_007735,PROD_013,1,3500
TICKET_007736,PROD_005,1,4000
TICKET_007737,PROD_028,1,2000
TICKET_007738,PROD_022,1,3500
TICKET_007739,PROD_003,1,4500
TICKET_007739,PROD_023,1,3500
TICKET_007739,PROD_002,1,3500
TICKET_007739,PROD_014,1,3800
TICKET_007740,PROD_010,2,3500
TICKET_007740,PROD_016,1,2500
TICKET_007741,PROD_031,1,4500
TICKET_007741,PROD_003,1,4500
TICKET_007742,PROD_003,1,4500
TICKET_007742,PROD_023,1,3500
TICKET_007743,PROD_031,1,4500
TICKET_007743,PROD_018,1,2800
TICKET_007743,PROD_012,1,3000
TICKET_007744,PROD_030,1,4500
TICKET_007744,PROD_004,1,4800
TICKET_007745,PROD_021,1,3500
TICKET_007745,PROD_009,1,5000
TICKET_007745,PROD_030,1,4500
TICKET_007746,PROD_012,1,3000
TICKET_007746,PROD_024,1,3000
TICKET_007747,PROD_007,1,4500
TICKET_007747,PROD_014,1,3800
TICKET_007748,PROD_025,1,3500
TICKET_007749,PROD_001,2,2500
TICKET_007750,PROD_001,2,2500
TICKET_007751,PROD_012,1,3000
TICKET_007751,PROD_027,1,2500
TICKET_007752,PROD_030,1,4500
TICKET_007752,PROD_002,1,3500
TICKET_007753,PROD_021,1,3500
TICKET_007754,PROD_006,1,2500
TICKET_007754,PROD_028,1,2000
TICKET_007754,PROD_024,1,3000
TICKET_007755,PROD_009,1,5000
TICKET_007756,PROD_012,1,3000
TICKET_007756,PROD_024,1,3000
TICKET_007757,PROD_002,1,3500
TICKET_007758,PROD_009,1,5000
TICKET_007759,PROD_021,2,3500
TICKET_007759,PROD_027,1,2500
TICKET_007760,PROD_006,1,2500
TICKET_007760,PROD_028,1,2000
TICKET_007761,PROD_019,1,3200
TICKET_007762,PROD_006,1,2500
TICKET_007762,PROD_028,1,2000
TICKET_007762,PROD_017,1,2800
TICKET_007762,PROD_009,1,5000
TICKET_007763,PROD_001,1,2500
TICKET_007764,PROD_033,1,1500
TICKET_007765,PROD_001,2,2500
TICKET_007766,PROD_031,1,4500
TICKET_007766,PROD_003,1,4500
TICKET_007767,PROD_034,1,6500
TICKET_007768,PROD_012,1,3000
TICKET_007769,PROD_002,1,3500
TICKET_007770,PROD_002,1,3500
TICKET_007770,PROD_017,1,2800
TICKET_007771,PROD_002,1,3500
TICKET_007771,PROD_017,1,2800
TICKET_007772,PROD_001,2,2500
TICKET_007772,PROD_018,1,2800
TICKET_007772,PROD_008,1,3200
TICKET_007773,PROD_001,2,2500
TICKET_007773,PROD_029,1,3000
TICKET_007774,PROD_023,1,3500
TICKET_007775,PROD_019,1,3200
TICKET_007775,PROD_012,1,3000
TICKET_007775,PROD_028,1,2000
TICKET_007775,PROD_022,1,3500
TICKET_007776,PROD_019,1,3200
TICKET_007776,PROD_012,1,3000
TICKET_007777,PROD_034,1,6500
TICKET_007778,PROD_031,1,4500
TICKET_007779,PROD_012,1,3000
TICKET_007779,PROD_029,1,3000
TICKET_007780,PROD_011,1,2500
TICKET_007780,PROD_021,1,3500
TICKET_007781,PROD_021,1,3500
TICKET_007782,PROD_006,1,2500
TICKET_007782,PROD_028,1,2000
TICKET_007783,PROD_001,1,2500
TICKET_007783,PROD_015,1,2800
TICKET_007784,PROD_010,1,3500
TICKET_007784,PROD_016,1,2500
TICKET_007785,PROD_006,1,2500
TICKET_007786,PROD_001,1,2500
TICKET_007786,PROD_015,1,2800
TICKET_007786,PROD_027,1,2500
TICKET_007787,PROD_002,1,3500
TICKET_007787,PROD_017,1,2800
TICKET_007787,PROD_014,1,3800
TICKET_007788,PROD_031,1,4500
TICKET_007788,PROD_010,1,3500
TICKET_007789,PROD_006,1,2500
TICKET_007789,PROD_024,1,3000
TICKET_007790,PROD_006,1,2500
TICKET_007791,PROD_002,1,3500
TICKET_007791,PROD_017,1,2800
TICKET_007792,PROD_001,1,2500
TICKET_007792,PROD_015,1,2800
TICKET_007792,PROD_016,1,2500
TICKET_007793,PROD_012,1,3000
TICKET_007793,PROD_024,1,3000
TICKET_007793,PROD_028,1,2000
TICKET_007793,PROD_025,1,3500
TICKET_007794,PROD_029,1,3000
TICKET_007795,PROD_010,1,3500
TICKET_007795,PROD_016,1,2500
TICKET_007796,PROD_010,1,3500
TICKET_007797,PROD_031,1,4500
TICKET_007797,PROD_003,1,4500
TICKET_007797,PROD_026,1,3500
TICKET_007798,PROD_027,2,2500
TICKET_007799,PROD_017,1,2800
TICKET_007800,PROD_001,2,2500
TICKET_007800,PROD_011,1,2500
TICKET_007801,PROD_017,1,2800
TICKET_007801,PROD_013,1,3500
TICKET_007802,PROD_003,1,4500
TICKET_007802,PROD_023,1,3500
TICKET_007802,PROD_013,1,3500
TICKET_007802,PROD_018,1,2800
TICKET_007803,PROD_018,1,2800
TICKET_007803,PROD_017,1,2800
TICKET_007804,PROD_012,1,3000
TICKET_007804,PROD_028,1,2000
TICKET_007804,PROD_025,1,3500
TICKET_007805,PROD_019,1,3200
TICKET_007806,PROD_021,1,3500
TICKET_007806,PROD_027,1,2500
TICKET_007807,PROD_010,1,3500
TICKET_007807,PROD_016,1,2500
TICKET_007807,PROD_009,1,5000
TICKET_007808,PROD_006,1,2500
TICKET_007808,PROD_019,1,3200
TICKET_007808,PROD_004,1,4800
TICKET_007809,PROD_010,1,3500
TICKET_007809,PROD_016,1,2500
TICKET_007809,PROD_002,1,3500
TICKET_007810,PROD_006,1,2500
TICKET_007810,PROD_029,1,3000
TICKET_007810,PROD_034,1,6500
TICKET_007811,PROD_006,1,2500
TICKET_007812,PROD_001,1,2500
TICKET_007812,PROD_015,1,2800
TICKET_007812,PROD_025,1,3500
TICKET_007813,PROD_031,1,4500
TICKET_007814,PROD_001,2,2500
TICKET_007814,PROD_035,1,7500
TICKET_007814,PROD_019,1,3200
TICKET_007815,PROD_006,1,2500
TICKET_007815,PROD_028,1,2000
TICKET_007816,PROD_026,1,3500
TICKET_007817,PROD_003,1,4500
TICKET_007817,PROD_023,1,3500
TICKET_007817,PROD_031,1,4500
TICKET_007817,PROD_033,1,1500
TICKET_007818,PROD_026,1,3500
TICKET_007819,PROD_019,1,3200
TICKET_007819,PROD_012,1,3000
TICKET_007820,PROD_021,1,3500
TICKET_007821,PROD_016,1,2500
TICKET_007822,PROD_031,1,4500
TICKET_007823,PROD_002,1,3500
TICKET_007823,PROD_017,1,2800
TICKET_007824,PROD_006,1,2500
TICKET_007824,PROD_032,1,2500
TICKET_007825,PROD_010,1,3500
TICKET_007826,PROD_021,1,3500
TICKET_007826,PROD_009,1,5000
TICKET_007827,PROD_002,1,3500
TICKET_007827,PROD_017,1,2800
TICKET_007828,PROD_012,1,3000
TICKET_007829,PROD_003,1,4500
TICKET_007829,PROD_034,1,6500
TICKET_007829,PROD_033,1,1500
TICKET_007830,PROD_002,1,3500
TICKET_007830,PROD_017,1,2800
TICKET_007830,PROD_010,1,3500
TICKET_007830,PROD_021,1,3500
TICKET_007831,PROD_003,1,4500
TICKET_007831,PROD_023,1,3500
TICKET_007832,PROD_012,1,3000
TICKET_007832,PROD_020,1,3200
TICKET_007833,PROD_003,1,4500
TICKET_007833,PROD_023,1,3500
TICKET_007833,PROD_030,1,4500
TICKET_007833,PROD_001,1,2500
TICKET_007834,PROD_002,1,3500
TICKET_007834,PROD_017,1,2800
TICKET_007835,PROD_004,1,4800
TICKET_007836,PROD_031,1,4500
TICKET_007836,PROD_003,1,4500
TICKET_007837,PROD_002,1,3500
TICKET_007838,PROD_021,1,3500
TICKET_007838,PROD_034,1,6500
TICKET_007838,PROD_008,1,3200
TICKET_007839,PROD_010,1,3500
TICKET_007839,PROD_016,1,2500
TICKET_007840,PROD_014,1,3800
TICKET_007841,PROD_006,1,2500
TICKET_007842,PROD_019,1,3200
TICKET_007843,PROD_023,1,3500
TICKET_007843,PROD_017,1,2800
TICKET_007844,PROD_013,1,3500
TICKET_007845,PROD_026,1,3500
TICKET_007846,PROD_002,1,3500
TICKET_007847,PROD_021,1,3500
TICKET_007847,PROD_009,1,5000
TICKET_007848,PROD_031,1,4500
TICKET_007848,PROD_008,1,3200
TICKET_007849,PROD_001,1,2500
TICKET_007849,PROD_015,1,2800
TICKET_007850,PROD_012,1,3000
TICKET_007850,PROD_024,1,3000
TICKET_007851,PROD_019,1,3200
TICKET_007851,PROD_017,1,2800
TICKET_007851,PROD_031,1,4500
TICKET_007852,PROD_031,1,4500
TICKET_007852,PROD_025,1,3500
TICKET_007853,PROD_032,1,2500
TICKET_007854,PROD_006,1,2500
TICKET_007855,PROD_012,1,3000
TICKET_007856,PROD_001,1,2500
TICKET_007856,PROD_015,1,2800
TICKET_007856,PROD_008,1,3200
TICKET_007857,PROD_010,1,3500
TICKET_007857,PROD_016,1,2500
TICKET_007858,PROD_021,1,3500
TICKET_007859,PROD_019,1,3200
TICKET_007859,PROD_012,1,3000
TICKET_007860,PROD_012,1,3000
TICKET_007861,PROD_001,1,2500
TICKET_007861,PROD_015,1,2800
TICKET_007861,PROD_012,1,3000
TICKET_007862,PROD_001,1,2500
TICKET_007862,PROD_015,1,2800
TICKET_007862,PROD_016,1,2500
TICKET_007863,PROD_031,1,4500
TICKET_007864,PROD_013,1,3500
TICKET_007865,PROD_003,1,4500
TICKET_007865,PROD_023,1,3500
TICKET_007865,PROD_028,1,2000
TICKET_007866,PROD_002,1,3500
TICKET_007866,PROD_017,1,2800
TICKET_007866,PROD_016,1,2500
TICKET_007866,PROD_012,1,3000
TICKET_007867,PROD_014,1,3800
TICKET_007868,PROD_027,1,2500
TICKET_007869,PROD_031,1,4500
TICKET_007869,PROD_003,1,4500
TICKET_007869,PROD_013,1,3500
TICKET_007870,PROD_004,1,4800
TICKET_007871,PROD_015,1,2800
TICKET_007871,PROD_002,1,3500
TICKET_007872,PROD_003,1,4500
TICKET_007872,PROD_023,1,3500
TICKET_007873,PROD_006,1,2500
TICKET_007873,PROD_028,1,2000
TICKET_007874,PROD_007,1,4500
TICKET_007875,PROD_001,1,2500
TICKET_007876,PROD_020,1,3200
TICKET_007877,PROD_010,1,3500
TICKET_007877,PROD_029,1,3000
TICKET_007878,PROD_010,1,3500
TICKET_007878,PROD_016,1,2500
TICKET_007878,PROD_014,1,3800
TICKET_007878,PROD_029,1,3000
TICKET_007879,PROD_012,1,3000
TICKET_007879,PROD_024,1,3000
TICKET_007880,PROD_001,1,2500
TICKET_007881,PROD_019,1,3200
TICKET_007881,PROD_012,1,3000
TICKET_007881,PROD_011,1,2500
TICKET_007882,PROD_010,1,3500
TICKET_007882,PROD_016,1,2500
TICKET_007882,PROD_031,1,4500
TICKET_007883,PROD_002,1,3500
TICKET_007883,PROD_017,2,2800
TICKET_007884,PROD_003,1,4500
TICKET_007884,PROD_021,1,3500
TICKET_007885,PROD_021,1,3500
TICKET_007885,PROD_009,1,5000
TICKET_007885,PROD_034,1,6500
TICKET_007886,PROD_001,1,2500
TICKET_007886,PROD_004,1,4800
TICKET_007887,PROD_005,1,4000
TICKET_007887,PROD_021,1,3500
TICKET_007888,PROD_030,1,4500
TICKET_007889,PROD_008,1,3200
TICKET_007890,PROD_033,1,1500
TICKET_007891,PROD_006,1,2500
TICKET_007892,PROD_001,1,2500
TICKET_007893,PROD_003,1,4500
TICKET_007893,PROD_023,1,3500
TICKET_007894,PROD_021,1,3500
TICKET_007894,PROD_009,1,5000
TICKET_007894,PROD_012,1,3000
TICKET_007895,PROD_012,1,3000
TICKET_007896,PROD_031,1,4500
TICKET_007896,PROD_033,1,1500
TICKET_007897,PROD_002,1,3500
TICKET_007897,PROD_017,1,2800
TICKET_007897,PROD_009,1,5000
TICKET_007898,PROD_006,1,2500
TICKET_007898,PROD_004,1,4800
TICKET_007899,PROD_021,1,3500
TICKET_007900,PROD_006,1,2500
TICKET_007900,PROD_012,1,3000
TICKET_007901,PROD_023,1,3500
TICKET_007901,PROD_029,1,3000
TICKET_007902,PROD_026,1,3500
TICKET_007903,PROD_002,1,3500
TICKET_007903,PROD_017,1,2800
TICKET_007904,PROD_001,1,2500
TICKET_007905,PROD_031,1,4500
TICKET_007905,PROD_023,1,3500
TICKET_007906,PROD_031,1,4500
TICKET_007907,PROD_035,1,7500
TICKET_007908,PROD_031,2,4500
TICKET_007909,PROD_021,1,3500
TICKET_007910,PROD_012,1,3000
TICKET_007910,PROD_018,1,2800
TICKET_007911,PROD_001,1,2500
TICKET_007911,PROD_015,1,2800
TICKET_007912,PROD_023,1,3500
TICKET_007912,PROD_029,1,3000
TICKET_007913,PROD_007,1,4500
TICKET_007914,PROD_034,1,6500
TICKET_007915,PROD_028,1,2000
TICKET_007916,PROD_035,1,7500
TICKET_007916,PROD_033,1,1500
TICKET_007917,PROD_001,1,2500
TICKET_007917,PROD_015,1,2800
TICKET_007917,PROD_033,2,1500
TICKET_007918,PROD_002,1,3500
TICKET_007918,PROD_017,1,2800
TICKET_007919,PROD_002,1,3500
TICKET_007919,PROD_017,1,2800
TICKET_007919,PROD_014,1,3800
TICKET_007919,PROD_009,1,5000
TICKET_007920,PROD_001,1,2500
TICKET_007920,PROD_015,1,2800
TICKET_007921,PROD_001,1,2500
TICKET_007921,PROD_015,1,2800
TICKET_007921,PROD_027,1,2500
TICKET_007921,PROD_024,1,3000
TICKET_007922,PROD_024,1,3000
TICKET_007923,PROD_021,1,3500
TICKET_007924,PROD_002,1,3500
TICKET_007924,PROD_003,1,4500
TICKET_007925,PROD_012,1,3000
TICKET_007925,PROD_024,1,3000
TICKET_007925,PROD_021,1,3500
TICKET_007925,PROD_009,1,5000
TICKET_007926,PROD_002,1,3500
TICKET_007927,PROD_002,1,3500
TICKET_007928,PROD_001,1,2500
TICKET_007928,PROD_009,1,5000
TICKET_007929,PROD_024,1,3000
TICKET_007930,PROD_035,2,7500
TICKET_007931,PROD_025,1,3500
TICKET_007932,PROD_010,1,3500
TICKET_007932,PROD_016,1,2500
TICKET_007932,PROD_028,1,2000
TICKET_007932,PROD_025,1,3500
TICKET_007933,PROD_021,1,3500
TICKET_007934,PROD_019,1,3200
TICKET_007934,PROD_012,1,3000
TICKET_007935,PROD_002,1,3500
TICKET_007936,PROD_001,1,2500
TICKET_007936,PROD_015,1,2800
TICKET_007937,PROD_031,1,4500
TICKET_007937,PROD_003,1,4500
TICKET_007938,PROD_001,1,2500
TICKET_007938,PROD_015,1,2800
TICKET_007938,PROD_018,1,2800
TICKET_007939,PROD_002,1,3500
TICKET_007939,PROD_010,1,3500
TICKET_007940,PROD_035,1,7500
TICKET_007941,PROD_001,1,2500
TICKET_007941,PROD_012,1,3000
TICKET_007942,PROD_021,1,3500
TICKET_007943,PROD_021,1,3500
TICKET_007943,PROD_009,1,5000
TICKET_007943,PROD_035,1,7500
TICKET_007943,PROD_004,1,4800
TICKET_007944,PROD_012,1,3000
TICKET_007944,PROD_024,1,3000
TICKET_007945,PROD_001,1,2500
TICKET_007946,PROD_003,1,4500
TICKET_007946,PROD_035,1,7500
TICKET_007946,PROD_013,1,3500
TICKET_007947,PROD_001,1,2500
TICKET_007947,PROD_008,1,3200
TICKET_007947,PROD_010,1,3500
TICKET_007948,PROD_033,1,1500
TICKET_007948,PROD_032,1,2500
TICKET_007949,PROD_021,1,3500
TICKET_007949,PROD_026,1,3500
TICKET_007949,PROD_025,1,3500
TICKET_007950,PROD_019,1,3200
TICKET_007950,PROD_012,1,3000
TICKET_007951,PROD_006,1,2500
TICKET_007951,PROD_017,1,2800
TICKET_007952,PROD_001,1,2500
TICKET_007953,PROD_010,1,3500
TICKET_007953,PROD_016,1,2500
TICKET_007953,PROD_001,1,2500
TICKET_007954,PROD_020,1,3200
TICKET_007955,PROD_033,1,1500
TICKET_007956,PROD_006,1,2500
TICKET_007956,PROD_028,1,2000
TICKET_007957,PROD_006,1,2500
TICKET_007957,PROD_026,1,3500
TICKET_007958,PROD_008,1,3200
TICKET_007959,PROD_015,1,2800
TICKET_007960,PROD_010,1,3500
TICKET_007960,PROD_026,1,3500
TICKET_007960,PROD_001,1,2500
TICKET_007961,PROD_002,1,3500
TICKET_007961,PROD_017,1,2800
TICKET_007961,PROD_009,1,5000
TICKET_007962,PROD_011,1,2500
TICKET_007963,PROD_012,1,3000
TICKET_007963,PROD_024,1,3000
TICKET_007964,PROD_021,1,3500
TICKET_007964,PROD_009,1,5000
TICKET_007964,PROD_002,1,3500
TICKET_007964,PROD_010,1,3500
TICKET_007965,PROD_004,1,4800
TICKET_007966,PROD_001,2,2500
TICKET_007966,PROD_005,1,4000
TICKET_007966,PROD_021,1,3500
TICKET_007967,PROD_029,1,3000
TICKET_007968,PROD_031,1,4500
TICKET_007969,PROD_021,1,3500
TICKET_007970,PROD_020,1,3200
TICKET_007971,PROD_001,1,2500
TICKET_007972,PROD_006,1,2500
TICKET_007972,PROD_002,1,3500
TICKET_007973,PROD_002,1,3500
TICKET_007973,PROD_017,1,2800
TICKET_007973,PROD_008,1,3200
TICKET_007974,PROD_006,1,2500
TICKET_007974,PROD_028,1,2000
TICKET_007974,PROD_005,1,4000
TICKET_007975,PROD_006,1,2500
TICKET_007975,PROD_031,1,4500
TICKET_007976,PROD_035,1,7500
TICKET_007977,PROD_031,1,4500
TICKET_007977,PROD_003,1,4500
TICKET_007978,PROD_031,1,4500
TICKET_007978,PROD_002,1,3500
TICKET_007979,PROD_012,1,3000
TICKET_007980,PROD_006,1,2500
TICKET_007980,PROD_030,1,4500
TICKET_007981,PROD_002,1,3500
TICKET_007981,PROD_017,1,2800
TICKET_007981,PROD_013,1,3500
TICKET_007981,PROD_004,1,4800
TICKET_007982,PROD_021,2,3500
TICKET_007982,PROD_006,1,2500
TICKET_007983,PROD_012,1,3000
TICKET_007984,PROD_010,1,3500
TICKET_007984,PROD_016,1,2500
TICKET_007985,PROD_023,1,3500
TICKET_007985,PROD_034,1,6500
TICKET_007986,PROD_021,1,3500
TICKET_007987,PROD_012,1,3000
TICKET_007988,PROD_001,1,2500
TICKET_007988,PROD_015,1,2800
TICKET_007989,PROD_006,1,2500
TICKET_007989,PROD_029,1,3000
TICKET_007990,PROD_011,1,2500
TICKET_007991,PROD_008,1,3200
TICKET_007992,PROD_001,2,2500
TICKET_007993,PROD_002,1,3500
TICKET_007993,PROD_017,1,2800
TICKET_007993,PROD_007,1,4500
TICKET_007994,PROD_025,1,3500
TICKET_007995,PROD_003,1,4500
TICKET_007995,PROD_025,1,3500
TICKET_007995,PROD_021,1,3500
TICKET_007996,PROD_031,1,4500
TICKET_007996,PROD_003,1,4500
TICKET_007997,PROD_001,1,2500
TICKET_007998,PROD_001,1,2500
TICKET_007998,PROD_015,1,2800
TICKET_007999,PROD_002,1,3500
TICKET_007999,PROD_017,1,2800
TICKET_007999,PROD_019,1,3200
TICKET_007999,PROD_012,1,3000
TICKET_008000,PROD_021,1,3500
TICKET_008000,PROD_009,1,5000
TICKET_008000,PROD_014,1,3800
TICKET_008001,PROD_006,1,2500
TICKET_008001,PROD_028,1,2000
TICKET_008002,PROD_002,1,3500
TICKET_008002,PROD_017,1,2800
TICKET_008003,PROD_019,1,3200
TICKET_008003,PROD_012,2,3000
TICKET_008004,PROD_003,1,4500
TICKET_008004,PROD_023,1,3500
TICKET_008005,PROD_006,1,2500
TICKET_008005,PROD_028,1,2000
TICKET_008005,PROD_002,1,3500
TICKET_008006,PROD_012,1,3000
TICKET_008007,PROD_021,1,3500
TICKET_008007,PROD_009,1,5000
TICKET_008007,PROD_033,1,1500
TICKET_008007,PROD_028,1,2000
TICKET_008008,PROD_031,1,4500
TICKET_008008,PROD_003,2,4500
TICKET_008009,PROD_031,2,4500
TICKET_008009,PROD_018,1,2800
TICKET_008010,PROD_032,1,2500
TICKET_008011,PROD_022,1,3500
TICKET_008012,PROD_019,1,3200
TICKET_008013,PROD_006,1,2500
TICKET_008014,PROD_008,1,3200
TICKET_008015,PROD_003,1,4500
TICKET_008015,PROD_023,1,3500
TICKET_008015,PROD_001,1,2500
TICKET_008015,PROD_012,1,3000
TICKET_008016,PROD_006,1,2500
TICKET_008017,PROD_023,1,3500
TICKET_008018,PROD_028,1,2000
TICKET_008019,PROD_001,2,2500
TICKET_008019,PROD_010,1,3500
TICKET_008019,PROD_018,1,2800
TICKET_008020,PROD_012,1,3000
TICKET_008020,PROD_024,1,3000
TICKET_008021,PROD_008,1,3200
TICKET_008022,PROD_002,1,3500
TICKET_008022,PROD_017,1,2800
TICKET_008022,PROD_013,1,3500
TICKET_008023,PROD_001,1,2500
TICKET_008024,PROD_002,1,3500
TICKET_008024,PROD_017,1,2800
TICKET_008025,PROD_031,1,4500
TICKET_008025,PROD_003,1,4500
TICKET_008026,PROD_034,1,6500
TICKET_008027,PROD_002,1,3500
TICKET_008027,PROD_017,1,2800
TICKET_008027,PROD_026,1,3500
TICKET_008028,PROD_016,1,2500
TICKET_008029,PROD_006,1,2500
TICKET_008029,PROD_028,1,2000
TICKET_008030,PROD_019,1,3200
TICKET_008031,PROD_002,1,3500
TICKET_008031,PROD_024,1,3000
TICKET_008032,PROD_021,1,3500
TICKET_008033,PROD_010,1,3500
TICKET_008033,PROD_016,1,2500
TICKET_008033,PROD_029,1,3000
TICKET_008034,PROD_015,1,2800
TICKET_008034,PROD_017,1,2800
TICKET_008035,PROD_001,1,2500
TICKET_008035,PROD_031,1,4500
TICKET_008036,PROD_013,1,3500
TICKET_008036,PROD_002,1,3500
TICKET_008037,PROD_001,1,2500
TICKET_008037,PROD_026,1,3500
TICKET_008038,PROD_001,1,2500
TICKET_008039,PROD_006,1,2500
TICKET_008040,PROD_010,1,3500
TICKET_008041,PROD_010,1,3500
TICKET_008041,PROD_016,1,2500
TICKET_008042,PROD_002,1,3500
TICKET_008042,PROD_003,1,4500
TICKET_008043,PROD_019,1,3200
TICKET_008043,PROD_028,1,2000
TICKET_008043,PROD_004,1,4800
TICKET_008044,PROD_001,2,2500
TICKET_008045,PROD_012,1,3000
TICKET_008046,PROD_001,1,2500
TICKET_008046,PROD_015,1,2800
TICKET_008047,PROD_010,1,3500
TICKET_008047,PROD_016,1,2500
TICKET_008047,PROD_002,1,3500
TICKET_008048,PROD_026,1,3500
TICKET_008049,PROD_019,1,3200
TICKET_008049,PROD_012,1,3000
TICKET_008049,PROD_001,1,2500
TICKET_008050,PROD_031,1,4500
TICKET_008050,PROD_003,1,4500
TICKET_008051,PROD_012,1,3000
TICKET_008052,PROD_031,1,4500
TICKET_008052,PROD_003,1,4500
TICKET_008053,PROD_002,1,3500
TICKET_008054,PROD_011,1,2500
TICKET_008055,PROD_012,1,3000
TICKET_008056,PROD_019,1,3200
TICKET_008056,PROD_012,1,3000
TICKET_008057,PROD_001,1,2500
TICKET_008058,PROD_002,1,3500
TICKET_008059,PROD_027,1,2500
TICKET_008059,PROD_035,1,7500
TICKET_008060,PROD_006,1,2500
TICKET_008060,PROD_028,1,2000
TICKET_008061,PROD_003,1,4500
TICKET_008061,PROD_023,1,3500
TICKET_008061,PROD_017,1,2800
TICKET_008062,PROD_012,1,3000
TICKET_008062,PROD_024,1,3000
TICKET_008062,PROD_018,1,2800
TICKET_008062,PROD_027,1,2500
TICKET_008063,PROD_018,1,2800
TICKET_008064,PROD_031,1,4500
TICKET_008064,PROD_003,1,4500
TICKET_008065,PROD_019,1,3200
TICKET_008066,PROD_005,1,4000
TICKET_008067,PROD_003,1,4500
TICKET_008068,PROD_028,1,2000
TICKET_008069,PROD_019,1,3200
TICKET_008069,PROD_016,1,2500
TICKET_008070,PROD_010,1,3500
TICKET_008070,PROD_016,1,2500
TICKET_008070,PROD_019,1,3200
TICKET_008071,PROD_010,1,3500
TICKET_008072,PROD_021,1,3500
TICKET_008073,PROD_002,1,3500
TICKET_008074,PROD_001,1,2500
TICKET_008074,PROD_015,1,2800
TICKET_008075,PROD_017,1,2800
TICKET_008076,PROD_012,1,3000
TICKET_008076,PROD_024,1,3000
TICKET_008076,PROD_035,1,7500
TICKET_008076,PROD_028,1,2000
TICKET_008077,PROD_009,1,5000
TICKET_008077,PROD_004,1,4800
TICKET_008078,PROD_013,1,3500
TICKET_008079,PROD_001,1,2500
TICKET_008079,PROD_015,1,2800
TICKET_008080,PROD_003,1,4500
TICKET_008080,PROD_023,1,3500
TICKET_008081,PROD_012,1,3000
TICKET_008081,PROD_024,1,3000
TICKET_008082,PROD_003,1,4500
TICKET_008082,PROD_023,1,3500
TICKET_008083,PROD_012,1,3000
TICKET_008083,PROD_024,1,3000
TICKET_008083,PROD_021,1,3500
TICKET_008084,PROD_001,1,2500
TICKET_008085,PROD_001,1,2500
TICKET_008086,PROD_033,1,1500
TICKET_008087,PROD_031,1,4500
TICKET_008087,PROD_023,1,3500
TICKET_008088,PROD_021,1,3500
TICKET_008088,PROD_009,1,5000
TICKET_008089,PROD_034,1,6500
TICKET_008089,PROD_009,1,5000
TICKET_008090,PROD_006,1,2500
TICKET_008091,PROD_006,1,2500
TICKET_008091,PROD_012,1,3000
TICKET_008092,PROD_031,1,4500
TICKET_008092,PROD_003,1,4500
TICKET_008093,PROD_023,1,3500
TICKET_008093,PROD_002,1,3500
TICKET_008094,PROD_027,1,2500
TICKET_008095,PROD_010,1,3500
TICKET_008095,PROD_012,1,3000
TICKET_008096,PROD_006,1,2500
TICKET_008097,PROD_034,1,6500
TICKET_008098,PROD_001,1,2500
TICKET_008098,PROD_015,1,2800
TICKET_008098,PROD_020,1,3200
TICKET_008099,PROD_034,1,6500
TICKET_008100,PROD_003,1,4500
TICKET_008100,PROD_019,1,3200
TICKET_008101,PROD_012,1,3000
TICKET_008101,PROD_024,1,3000
TICKET_008101,PROD_005,1,4000
TICKET_008101,PROD_015,1,2800
TICKET_008102,PROD_002,1,3500
TICKET_008102,PROD_017,1,2800
TICKET_008102,PROD_027,1,2500
TICKET_008102,PROD_032,1,2500
TICKET_008103,PROD_001,1,2500
TICKET_008103,PROD_015,1,2800
TICKET_008103,PROD_008,1,3200
TICKET_008104,PROD_012,1,3000
TICKET_008104,PROD_024,1,3000
TICKET_008104,PROD_035,1,7500
TICKET_008104,PROD_019,1,3200
TICKET_008105,PROD_001,1,2500
TICKET_008105,PROD_012,1,3000
TICKET_008106,PROD_010,1,3500
TICKET_008106,PROD_016,1,2500
TICKET_008107,PROD_002,1,3500
TICKET_008107,PROD_017,1,2800
TICKET_008108,PROD_009,1,5000
TICKET_008109,PROD_031,1,4500
TICKET_008109,PROD_016,1,2500
TICKET_008110,PROD_010,1,3500
TICKET_008110,PROD_016,1,2500
TICKET_008111,PROD_002,1,3500
TICKET_008111,PROD_017,1,2800
TICKET_008111,PROD_033,1,1500
TICKET_008112,PROD_001,1,2500
TICKET_008112,PROD_015,1,2800
TICKET_008113,PROD_031,1,4500
TICKET_008113,PROD_019,1,3200
TICKET_008114,PROD_031,1,4500
TICKET_008114,PROD_003,1,4500
TICKET_008114,PROD_015,1,2800
TICKET_008115,PROD_003,1,4500
TICKET_008116,PROD_002,1,3500
TICKET_008116,PROD_017,1,2800
TICKET_008117,PROD_002,1,3500
TICKET_008117,PROD_017,1,2800
TICKET_008117,PROD_035,1,7500
TICKET_008118,PROD_031,1,4500
TICKET_008118,PROD_003,1,4500
TICKET_008119,PROD_016,1,2500
TICKET_008119,PROD_029,1,3000
TICKET_008120,PROD_001,1,2500
TICKET_008120,PROD_015,1,2800
TICKET_008120,PROD_013,1,3500
TICKET_008121,PROD_026,1,3500
TICKET_008122,PROD_001,1,2500
TICKET_008122,PROD_015,1,2800
TICKET_008122,PROD_022,1,3500
TICKET_008122,PROD_029,1,3000
TICKET_008123,PROD_001,2,2500
TICKET_008123,PROD_009,1,5000
TICKET_008123,PROD_032,1,2500
TICKET_008124,PROD_018,1,2800
TICKET_008125,PROD_001,1,2500
TICKET_008126,PROD_006,1,2500
TICKET_008127,PROD_008,1,3200
TICKET_008127,PROD_002,1,3500
TICKET_008128,PROD_033,1,1500
TICKET_008129,PROD_010,1,3500
TICKET_008129,PROD_002,1,3500
TICKET_008130,PROD_035,1,7500
TICKET_008131,PROD_031,1,4500
TICKET_008131,PROD_003,1,4500
TICKET_008132,PROD_003,1,4500
TICKET_008132,PROD_023,1,3500
TICKET_008133,PROD_009,1,5000
TICKET_008134,PROD_002,1,3500
TICKET_008134,PROD_017,1,2800
TICKET_008134,PROD_028,1,2000
TICKET_008135,PROD_002,1,3500
TICKET_008135,PROD_034,1,6500
TICKET_008136,PROD_021,1,3500
TICKET_008136,PROD_012,1,3000
TICKET_008137,PROD_002,1,3500
TICKET_008137,PROD_017,1,2800
TICKET_008138,PROD_019,1,3200
TICKET_008138,PROD_012,1,3000
TICKET_008139,PROD_002,1,3500
TICKET_008139,PROD_017,1,2800
TICKET_008139,PROD_006,1,2500
TICKET_008140,PROD_001,1,2500
TICKET_008141,PROD_031,1,4500
TICKET_008142,PROD_001,1,2500
TICKET_008142,PROD_025,1,3500
TICKET_008142,PROD_012,1,3000
TICKET_008143,PROD_023,1,3500
TICKET_008144,PROD_021,1,3500
TICKET_008145,PROD_006,1,2500
TICKET_008145,PROD_028,1,2000
TICKET_008145,PROD_013,1,3500
TICKET_008145,PROD_008,1,3200
TICKET_008146,PROD_002,1,3500
TICKET_008146,PROD_017,1,2800
TICKET_008147,PROD_003,1,4500
TICKET_008147,PROD_023,1,3500
TICKET_008147,PROD_018,1,2800
TICKET_008148,PROD_002,1,3500
TICKET_008148,PROD_017,1,2800
TICKET_008148,PROD_018,1,2800
TICKET_008149,PROD_031,1,4500
TICKET_008149,PROD_003,1,4500
TICKET_008149,PROD_013,1,3500
TICKET_008150,PROD_031,1,4500
TICKET_008150,PROD_003,1,4500
TICKET_008151,PROD_021,1,3500
TICKET_008151,PROD_011,1,2500
TICKET_008152,PROD_005,1,4000
TICKET_008153,PROD_031,1,4500
TICKET_008153,PROD_003,1,4500
TICKET_008154,PROD_006,1,2500
TICKET_008154,PROD_028,1,2000
TICKET_008155,PROD_012,1,3000
TICKET_008155,PROD_019,1,3200
TICKET_008156,PROD_002,1,3500
TICKET_008156,PROD_017,1,2800
TICKET_008157,PROD_012,1,3000
TICKET_008157,PROD_022,1,3500
TICKET_008158,PROD_023,1,3500
TICKET_008158,PROD_016,1,2500
TICKET_008159,PROD_031,1,4500
TICKET_008160,PROD_003,1,4500
TICKET_008161,PROD_001,1,2500
TICKET_008162,PROD_006,1,2500
TICKET_008163,PROD_002,1,3500
TICKET_008163,PROD_017,1,2800
TICKET_008164,PROD_023,1,3500
TICKET_008165,PROD_001,1,2500
TICKET_008165,PROD_015,1,2800
TICKET_008166,PROD_031,1,4500
TICKET_008166,PROD_003,1,4500
TICKET_008166,PROD_002,1,3500
TICKET_008167,PROD_019,1,3200
TICKET_008167,PROD_027,1,2500
TICKET_008168,PROD_019,1,3200
TICKET_008168,PROD_012,1,3000
TICKET_008169,PROD_010,1,3500
TICKET_008169,PROD_016,1,2500
TICKET_008170,PROD_033,1,1500
TICKET_008171,PROD_019,1,3200
TICKET_008171,PROD_012,1,3000
TICKET_008172,PROD_034,1,6500
TICKET_008173,PROD_001,1,2500
TICKET_008173,PROD_015,1,2800
TICKET_008174,PROD_002,1,3500
TICKET_008174,PROD_017,1,2800
TICKET_008174,PROD_013,1,3500
TICKET_008175,PROD_014,1,3800
TICKET_008176,PROD_009,1,5000
TICKET_008176,PROD_012,1,3000
TICKET_008177,PROD_031,1,4500
TICKET_008178,PROD_001,1,2500
TICKET_008178,PROD_015,1,2800
TICKET_008178,PROD_029,1,3000
TICKET_008179,PROD_002,1,3500
TICKET_008179,PROD_017,1,2800
TICKET_008180,PROD_008,1,3200
TICKET_008180,PROD_004,1,4800
TICKET_008181,PROD_003,1,4500
TICKET_008181,PROD_023,1,3500
TICKET_008181,PROD_008,1,3200
TICKET_008182,PROD_019,1,3200
TICKET_008182,PROD_012,1,3000
TICKET_008182,PROD_013,1,3500
TICKET_008183,PROD_031,1,4500
TICKET_008184,PROD_001,2,2500
TICKET_008185,PROD_012,1,3000
TICKET_008185,PROD_024,1,3000
TICKET_008185,PROD_026,1,3500
TICKET_008186,PROD_001,1,2500
TICKET_008186,PROD_015,1,2800
TICKET_008186,PROD_021,1,3500
TICKET_008187,PROD_003,1,4500
TICKET_008187,PROD_023,1,3500
TICKET_008188,PROD_033,1,1500
TICKET_008189,PROD_001,1,2500
TICKET_008190,PROD_006,1,2500
TICKET_008190,PROD_013,1,3500
TICKET_008191,PROD_007,1,4500
TICKET_008192,PROD_008,1,3200
TICKET_008193,PROD_012,1,3000
TICKET_008193,PROD_027,1,2500
TICKET_008193,PROD_003,1,4500
TICKET_008194,PROD_018,1,2800
TICKET_008195,PROD_019,1,3200
TICKET_008195,PROD_012,1,3000
TICKET_008195,PROD_027,1,2500
TICKET_008196,PROD_020,1,3200
TICKET_008197,PROD_001,2,2500
TICKET_008198,PROD_022,1,3500
TICKET_008199,PROD_001,1,2500
TICKET_008200,PROD_001,1,2500
TICKET_008201,PROD_002,1,3500
TICKET_008201,PROD_003,1,4500
TICKET_008202,PROD_021,1,3500
TICKET_008202,PROD_009,1,5000
TICKET_008203,PROD_010,2,3500
TICKET_008203,PROD_016,1,2500
TICKET_008204,PROD_002,2,3500
TICKET_008205,PROD_008,1,3200
TICKET_008206,PROD_013,1,3500
TICKET_008206,PROD_018,1,2800
TICKET_008207,PROD_001,2,2500
TICKET_008208,PROD_023,1,3500
TICKET_008209,PROD_001,1,2500
TICKET_008209,PROD_015,1,2800
TICKET_008210,PROD_025,1,3500
TICKET_008210,PROD_003,1,4500
TICKET_008211,PROD_001,2,2500
TICKET_008211,PROD_028,1,2000
TICKET_008212,PROD_001,1,2500
TICKET_008212,PROD_015,1,2800
TICKET_008213,PROD_035,1,7500
TICKET_008214,PROD_028,1,2000
TICKET_008214,PROD_007,1,4500
TICKET_008215,PROD_001,2,2500
TICKET_008216,PROD_025,1,3500
TICKET_008217,PROD_003,1,4500
TICKET_008217,PROD_034,1,6500
TICKET_008217,PROD_035,1,7500
TICKET_008218,PROD_013,1,3500
TICKET_008219,PROD_010,1,3500
TICKET_008219,PROD_003,1,4500
TICKET_008220,PROD_004,1,4800
TICKET_008221,PROD_001,1,2500
TICKET_008222,PROD_027,1,2500
TICKET_008223,PROD_002,1,3500
TICKET_008223,PROD_034,1,6500
TICKET_008224,PROD_021,1,3500
TICKET_008224,PROD_009,1,5000
TICKET_008224,PROD_026,1,3500
TICKET_008225,PROD_019,1,3200
TICKET_008225,PROD_012,1,3000
TICKET_008225,PROD_008,1,3200
TICKET_008226,PROD_015,1,2800
TICKET_008227,PROD_003,1,4500
TICKET_008228,PROD_002,1,3500
TICKET_008228,PROD_017,1,2800
TICKET_008229,PROD_019,1,3200
TICKET_008229,PROD_012,1,3000
TICKET_008230,PROD_002,1,3500
TICKET_008231,PROD_029,1,3000
TICKET_008232,PROD_015,1,2800
TICKET_008233,PROD_034,1,6500
TICKET_008233,PROD_010,1,3500
TICKET_008234,PROD_002,1,3500
TICKET_008234,PROD_017,1,2800
TICKET_008234,PROD_005,1,4000
TICKET_008235,PROD_021,1,3500
TICKET_008235,PROD_009,1,5000
TICKET_008236,PROD_029,1,3000
TICKET_008237,PROD_031,1,4500
TICKET_008238,PROD_020,1,3200
TICKET_008239,PROD_027,1,2500
TICKET_008240,PROD_002,1,3500
TICKET_008240,PROD_017,1,2800
TICKET_008240,PROD_025,1,3500
TICKET_008240,PROD_019,1,3200
TICKET_008241,PROD_021,1,3500
TICKET_008242,PROD_005,1,4000
TICKET_008243,PROD_001,1,2500
TICKET_008243,PROD_015,1,2800
TICKET_008244,PROD_010,1,3500
TICKET_008244,PROD_016,1,2500
TICKET_008245,PROD_029,1,3000
TICKET_008245,PROD_009,1,5000
TICKET_008246,PROD_012,1,3000
TICKET_008246,PROD_024,1,3000
TICKET_008246,PROD_014,1,3800
TICKET_008246,PROD_028,1,2000
TICKET_008247,PROD_025,1,3500
TICKET_008248,PROD_010,1,3500
TICKET_008248,PROD_001,1,2500
TICKET_008249,PROD_029,1,3000
TICKET_008250,PROD_002,1,3500
TICKET_008250,PROD_017,1,2800
TICKET_008251,PROD_030,1,4500
TICKET_008252,PROD_001,1,2500
TICKET_008252,PROD_014,1,3800
TICKET_008253,PROD_019,1,3200
TICKET_008253,PROD_012,1,3000
TICKET_008253,PROD_017,1,2800
TICKET_008253,PROD_015,1,2800
TICKET_008254,PROD_031,1,4500
TICKET_008254,PROD_003,2,4500
TICKET_008254,PROD_023,1,3500
TICKET_008255,PROD_028,1,2000
TICKET_008256,PROD_003,1,4500
TICKET_008256,PROD_031,1,4500
TICKET_008257,PROD_012,1,3000
TICKET_008257,PROD_029,1,3000
TICKET_008257,PROD_019,1,3200
TICKET_008258,PROD_002,1,3500
TICKET_008259,PROD_020,1,3200
TICKET_008260,PROD_027,1,2500
TICKET_008261,PROD_022,1,3500
TICKET_008262,PROD_010,1,3500
TICKET_008262,PROD_016,1,2500
TICKET_008262,PROD_028,1,2000
TICKET_008263,PROD_004,1,4800
TICKET_008264,PROD_002,1,3500
TICKET_008264,PROD_017,1,2800
TICKET_008264,PROD_025,1,3500
TICKET_008265,PROD_002,1,3500
TICKET_008265,PROD_017,1,2800
TICKET_008266,PROD_008,1,3200
TICKET_008267,PROD_006,1,2500
TICKET_008268,PROD_028,1,2000
TICKET_008269,PROD_026,1,3500
TICKET_008270,PROD_002,1,3500
TICKET_008270,PROD_017,1,2800
TICKET_008270,PROD_030,1,4500
TICKET_008270,PROD_010,1,3500
TICKET_008271,PROD_019,1,3200
TICKET_008271,PROD_021,1,3500
TICKET_008271,PROD_022,1,3500
TICKET_008272,PROD_026,1,3500
TICKET_008273,PROD_002,1,3500
TICKET_008273,PROD_017,1,2800
TICKET_008274,PROD_004,1,4800
TICKET_008275,PROD_001,1,2500
TICKET_008275,PROD_015,1,2800
TICKET_008276,PROD_029,1,3000
TICKET_008276,PROD_003,1,4500
TICKET_008277,PROD_031,1,4500
TICKET_008278,PROD_001,2,2500
TICKET_008278,PROD_035,1,7500
TICKET_008278,PROD_003,1,4500
TICKET_008279,PROD_031,1,4500
TICKET_008279,PROD_003,1,4500
TICKET_008279,PROD_019,1,3200
TICKET_008280,PROD_031,1,4500
TICKET_008280,PROD_003,1,4500
TICKET_008281,PROD_019,1,3200
TICKET_008282,PROD_002,1,3500
TICKET_008282,PROD_017,1,2800
TICKET_008283,PROD_025,1,3500
TICKET_008284,PROD_001,2,2500
TICKET_008284,PROD_031,1,4500
TICKET_008285,PROD_012,1,3000
TICKET_008285,PROD_028,1,2000
TICKET_008286,PROD_031,1,4500
TICKET_008286,PROD_028,1,2000
TICKET_008286,PROD_002,1,3500
TICKET_008287,PROD_010,1,3500
TICKET_008288,PROD_031,1,4500
TICKET_008288,PROD_003,1,4500
TICKET_008288,PROD_012,1,3000
TICKET_008288,PROD_024,1,3000
TICKET_008289,PROD_008,1,3200
TICKET_008290,PROD_001,1,2500
TICKET_008291,PROD_031,1,4500
TICKET_008291,PROD_003,1,4500
TICKET_008291,PROD_018,1,2800
TICKET_008292,PROD_002,1,3500
TICKET_008292,PROD_017,1,2800
TICKET_008293,PROD_018,1,2800
TICKET_008294,PROD_003,1,4500
TICKET_008294,PROD_023,1,3500
TICKET_008295,PROD_011,1,2500
TICKET_008296,PROD_019,1,3200
TICKET_008297,PROD_026,1,3500
TICKET_008298,PROD_001,2,2500
TICKET_008298,PROD_018,1,2800
TICKET_008299,PROD_003,1,4500
TICKET_008299,PROD_023,1,3500
TICKET_008300,PROD_031,1,4500
TICKET_008300,PROD_003,1,4500
TICKET_008301,PROD_010,1,3500
TICKET_008301,PROD_016,1,2500
TICKET_008301,PROD_021,1,3500
TICKET_008302,PROD_034,1,6500
TICKET_008302,PROD_007,1,4500
TICKET_008303,PROD_034,1,6500
TICKET_008304,PROD_031,1,4500
TICKET_008304,PROD_003,1,4500
TICKET_008305,PROD_006,1,2500
TICKET_008305,PROD_025,1,3500
TICKET_008306,PROD_019,1,3200
TICKET_008307,PROD_003,1,4500
TICKET_008307,PROD_023,1,3500
TICKET_008307,PROD_007,1,4500
TICKET_008308,PROD_012,1,3000
TICKET_008308,PROD_010,1,3500
TICKET_008309,PROD_001,2,2500
TICKET_008309,PROD_028,1,2000
TICKET_008310,PROD_010,1,3500
TICKET_008311,PROD_006,1,2500
TICKET_008311,PROD_028,1,2000
TICKET_008312,PROD_001,2,2500
TICKET_008312,PROD_010,1,3500
TICKET_008313,PROD_031,1,4500
TICKET_008313,PROD_007,1,4500
TICKET_008314,PROD_010,1,3500
TICKET_008314,PROD_016,1,2500
TICKET_008315,PROD_002,1,3500
TICKET_008316,PROD_021,1,3500
TICKET_008317,PROD_012,1,3000
TICKET_008318,PROD_013,1,3500
TICKET_008319,PROD_001,2,2500
TICKET_008320,PROD_012,1,3000
TICKET_008320,PROD_007,1,4500
TICKET_008321,PROD_035,1,7500
TICKET_008322,PROD_019,1,3200
TICKET_008322,PROD_012,1,3000
TICKET_008322,PROD_020,1,3200
TICKET_008323,PROD_024,1,3000
TICKET_008324,PROD_031,1,4500
TICKET_008325,PROD_020,1,3200
TICKET_008326,PROD_002,1,3500
TICKET_008326,PROD_017,1,2800
TICKET_008326,PROD_006,1,2500
TICKET_008327,PROD_022,1,3500
TICKET_008328,PROD_016,1,2500
TICKET_008329,PROD_006,1,2500
TICKET_008329,PROD_019,1,3200
TICKET_008330,PROD_001,1,2500
TICKET_008331,PROD_012,1,3000
TICKET_008331,PROD_029,1,3000
TICKET_008331,PROD_027,1,2500
TICKET_008332,PROD_021,1,3500
TICKET_008332,PROD_018,1,2800
TICKET_008332,PROD_008,1,3200
TICKET_008333,PROD_035,1,7500
TICKET_008334,PROD_012,1,3000
TICKET_008335,PROD_035,1,7500
TICKET_008336,PROD_031,1,4500
TICKET_008336,PROD_004,1,4800
TICKET_008337,PROD_002,1,3500
TICKET_008337,PROD_017,1,2800
TICKET_008338,PROD_010,1,3500
TICKET_008338,PROD_016,1,2500
TICKET_008339,PROD_003,1,4500
TICKET_008339,PROD_034,1,6500
TICKET_008340,PROD_029,1,3000
TICKET_008341,PROD_001,1,2500
TICKET_008342,PROD_003,1,4500
TICKET_008343,PROD_021,1,3500
TICKET_008343,PROD_009,1,5000
TICKET_008343,PROD_007,1,4500
TICKET_008344,PROD_019,1,3200
TICKET_008345,PROD_001,1,2500
TICKET_008345,PROD_032,1,2500
TICKET_008346,PROD_001,1,2500
TICKET_008346,PROD_015,1,2800
TICKET_008346,PROD_013,1,3500
TICKET_008347,PROD_010,2,3500
TICKET_008347,PROD_016,1,2500
TICKET_008348,PROD_008,1,3200
TICKET_008349,PROD_011,1,2500
TICKET_008350,PROD_002,1,3500
TICKET_008351,PROD_026,1,3500
TICKET_008351,PROD_003,1,4500
TICKET_008352,PROD_014,1,3800
TICKET_008353,PROD_010,1,3500
TICKET_008353,PROD_016,1,2500
TICKET_008353,PROD_028,1,2000
TICKET_008354,PROD_006,1,2500
TICKET_008355,PROD_009,1,5000
TICKET_008356,PROD_012,1,3000
TICKET_008356,PROD_028,1,2000
TICKET_008357,PROD_022,1,3500
TICKET_008358,PROD_003,1,4500
TICKET_008358,PROD_013,1,3500
TICKET_008358,PROD_028,1,2000
TICKET_008359,PROD_019,1,3200
TICKET_008360,PROD_008,1,3200
TICKET_008360,PROD_031,1,4500
TICKET_008361,PROD_031,1,4500
TICKET_008361,PROD_003,1,4500
TICKET_008361,PROD_010,1,3500
TICKET_008362,PROD_011,1,2500
TICKET_008362,PROD_012,1,3000
TICKET_008363,PROD_017,1,2800
TICKET_008364,PROD_015,1,2800
TICKET_008364,PROD_009,1,5000
TICKET_008365,PROD_007,1,4500
TICKET_008366,PROD_003,1,4500
TICKET_008366,PROD_023,1,3500
TICKET_008367,PROD_021,1,3500
TICKET_008368,PROD_010,1,3500
TICKET_008368,PROD_016,1,2500
TICKET_008368,PROD_006,1,2500
TICKET_008368,PROD_007,1,4500
TICKET_008369,PROD_021,1,3500
TICKET_008369,PROD_012,1,3000
TICKET_008370,PROD_006,1,2500
TICKET_008370,PROD_028,1,2000
TICKET_008370,PROD_029,1,3000
TICKET_008371,PROD_019,1,3200
TICKET_008371,PROD_012,1,3000
TICKET_008372,PROD_001,1,2500
TICKET_008373,PROD_019,1,3200
TICKET_008374,PROD_019,1,3200
TICKET_008375,PROD_002,2,3500
TICKET_008375,PROD_017,1,2800
TICKET_008376,PROD_001,1,2500
TICKET_008376,PROD_007,1,4500
TICKET_008376,PROD_009,1,5000
TICKET_008377,PROD_031,1,4500
TICKET_008377,PROD_003,1,4500
TICKET_008377,PROD_032,1,2500
TICKET_008378,PROD_001,1,2500
TICKET_008378,PROD_017,1,2800
TICKET_008379,PROD_012,1,3000
TICKET_008379,PROD_010,1,3500
TICKET_008380,PROD_001,2,2500
TICKET_008381,PROD_020,1,3200
TICKET_008382,PROD_006,1,2500
TICKET_008383,PROD_004,1,4800
TICKET_008384,PROD_001,2,2500
TICKET_008385,PROD_021,1,3500
TICKET_008385,PROD_009,1,5000
TICKET_008385,PROD_011,1,2500
TICKET_008386,PROD_001,2,2500
TICKET_008387,PROD_012,1,3000
TICKET_008387,PROD_024,1,3000
TICKET_008388,PROD_035,1,7500
TICKET_008389,PROD_010,1,3500
TICKET_008389,PROD_016,1,2500
TICKET_008389,PROD_003,1,4500
TICKET_008390,PROD_021,1,3500
TICKET_008390,PROD_009,1,5000
TICKET_008391,PROD_002,1,3500
TICKET_008391,PROD_018,1,2800
TICKET_008391,PROD_024,1,3000
TICKET_008392,PROD_001,1,2500
TICKET_008392,PROD_015,1,2800
TICKET_008393,PROD_031,1,4500
TICKET_008393,PROD_021,1,3500
TICKET_008393,PROD_004,1,4800
TICKET_008394,PROD_010,1,3500
TICKET_008395,PROD_001,1,2500
TICKET_008396,PROD_025,1,3500
TICKET_008396,PROD_010,1,3500
TICKET_008397,PROD_015,1,2800
TICKET_008398,PROD_010,1,3500
TICKET_008398,PROD_016,1,2500
TICKET_008399,PROD_007,1,4500
TICKET_008400,PROD_018,1,2800
TICKET_008400,PROD_026,1,3500
TICKET_008401,PROD_027,1,2500
TICKET_008402,PROD_001,1,2500
TICKET_008402,PROD_015,1,2800
TICKET_008402,PROD_006,1,2500
TICKET_008402,PROD_031,1,4500
TICKET_008403,PROD_003,1,4500
TICKET_008403,PROD_018,1,2800
TICKET_008403,PROD_017,1,2800
TICKET_008404,PROD_002,1,3500
TICKET_008404,PROD_017,2,2800
TICKET_008404,PROD_031,1,4500
TICKET_008405,PROD_012,1,3000
TICKET_008405,PROD_024,1,3000
TICKET_008405,PROD_026,1,3500
TICKET_008406,PROD_003,1,4500
TICKET_008406,PROD_020,1,3200
TICKET_008406,PROD_033,1,1500
TICKET_008407,PROD_010,1,3500
TICKET_008407,PROD_016,1,2500
TICKET_008408,PROD_012,1,3000
TICKET_008408,PROD_024,1,3000
TICKET_008408,PROD_035,1,7500
TICKET_008409,PROD_031,1,4500
TICKET_008409,PROD_026,1,3500
TICKET_008409,PROD_028,1,2000
TICKET_008410,PROD_003,1,4500
TICKET_008410,PROD_023,1,3500
TICKET_008410,PROD_018,1,2800
TICKET_008411,PROD_004,1,4800
TICKET_008412,PROD_010,1,3500
TICKET_008413,PROD_001,1,2500
TICKET_008414,PROD_031,1,4500
TICKET_008414,PROD_003,1,4500
TICKET_008415,PROD_001,1,2500
TICKET_008415,PROD_023,1,3500
TICKET_008416,PROD_002,1,3500
TICKET_008416,PROD_017,1,2800
TICKET_008416,PROD_029,1,3000
TICKET_008417,PROD_024,1,3000
TICKET_008417,PROD_035,1,7500
TICKET_008418,PROD_024,1,3000
TICKET_008419,PROD_028,1,2000
TICKET_008420,PROD_012,1,3000
TICKET_008420,PROD_026,1,3500
TICKET_008421,PROD_008,1,3200
TICKET_008422,PROD_032,1,2500
TICKET_008423,PROD_034,1,6500
TICKET_008424,PROD_003,1,4500
TICKET_008424,PROD_023,1,3500
TICKET_008425,PROD_001,1,2500
TICKET_008425,PROD_015,1,2800
TICKET_008425,PROD_010,1,3500
TICKET_008426,PROD_020,1,3200
TICKET_008427,PROD_031,1,4500
TICKET_008427,PROD_003,1,4500
TICKET_008428,PROD_009,1,5000
TICKET_008428,PROD_021,1,3500
TICKET_008429,PROD_018,1,2800
TICKET_008430,PROD_012,1,3000
TICKET_008430,PROD_018,1,2800
TICKET_008431,PROD_002,1,3500
TICKET_008431,PROD_017,1,2800
TICKET_008431,PROD_025,1,3500
TICKET_008431,PROD_026,1,3500
TICKET_008432,PROD_032,1,2500
TICKET_008432,PROD_034,1,6500
TICKET_008433,PROD_012,1,3000
TICKET_008433,PROD_024,1,3000
TICKET_008433,PROD_002,1,3500
TICKET_008433,PROD_022,1,3500
TICKET_008434,PROD_027,1,2500
TICKET_008435,PROD_001,1,2500
TICKET_008436,PROD_024,1,3000
TICKET_008437,PROD_021,1,3500
TICKET_008437,PROD_001,1,2500
TICKET_008437,PROD_025,1,3500
TICKET_008438,PROD_025,1,3500
TICKET_008438,PROD_034,1,6500
TICKET_008439,PROD_002,1,3500
TICKET_008439,PROD_017,2,2800
TICKET_008440,PROD_002,1,3500
TICKET_008440,PROD_017,1,2800
TICKET_008440,PROD_010,1,3500
TICKET_008441,PROD_035,1,7500
TICKET_008442,PROD_006,1,2500
TICKET_008442,PROD_028,1,2000
TICKET_008442,PROD_017,1,2800
TICKET_008443,PROD_004,1,4800
TICKET_008444,PROD_008,1,3200
TICKET_008445,PROD_002,1,3500
TICKET_008445,PROD_025,1,3500
TICKET_008446,PROD_012,1,3000
TICKET_008446,PROD_024,1,3000
TICKET_008446,PROD_007,1,4500
TICKET_008447,PROD_006,1,2500
TICKET_008448,PROD_012,1,3000
TICKET_008449,PROD_006,1,2500
TICKET_008450,PROD_003,1,4500
TICKET_008451,PROD_020,1,3200
TICKET_008451,PROD_012,1,3000
TICKET_008452,PROD_031,1,4500
TICKET_008452,PROD_003,1,4500
TICKET_008453,PROD_003,1,4500
TICKET_008453,PROD_023,1,3500
TICKET_008454,PROD_006,1,2500
TICKET_008454,PROD_028,1,2000
TICKET_008455,PROD_010,1,3500
TICKET_008456,PROD_014,1,3800
TICKET_008457,PROD_031,1,4500
TICKET_008457,PROD_015,1,2800
TICKET_008458,PROD_006,1,2500
TICKET_008458,PROD_020,1,3200
TICKET_008459,PROD_012,1,3000
TICKET_008459,PROD_024,1,3000
TICKET_008459,PROD_001,1,2500
TICKET_008460,PROD_004,1,4800
TICKET_008461,PROD_001,1,2500
TICKET_008462,PROD_001,1,2500
TICKET_008462,PROD_015,1,2800
TICKET_008462,PROD_008,1,3200
TICKET_008463,PROD_006,1,2500
TICKET_008464,PROD_029,1,3000
TICKET_008465,PROD_021,1,3500
TICKET_008465,PROD_009,1,5000
TICKET_008466,PROD_021,1,3500
TICKET_008466,PROD_009,1,5000
TICKET_008466,PROD_013,1,3500
TICKET_008467,PROD_005,1,4000
TICKET_008468,PROD_018,1,2800
TICKET_008469,PROD_021,1,3500
TICKET_008470,PROD_035,1,7500
TICKET_008471,PROD_019,1,3200
TICKET_008472,PROD_016,1,2500
TICKET_008473,PROD_002,1,3500
TICKET_008473,PROD_017,1,2800
TICKET_008473,PROD_025,1,3500
TICKET_008474,PROD_002,1,3500
TICKET_008474,PROD_017,1,2800
TICKET_008474,PROD_012,2,3000
TICKET_008475,PROD_001,1,2500
TICKET_008475,PROD_010,1,3500
TICKET_008475,PROD_028,1,2000
TICKET_008476,PROD_010,1,3500
TICKET_008476,PROD_016,1,2500
TICKET_008477,PROD_002,1,3500
TICKET_008477,PROD_017,1,2800
TICKET_008477,PROD_001,1,2500
TICKET_008478,PROD_019,1,3200
TICKET_008478,PROD_012,2,3000
TICKET_008478,PROD_001,1,2500
TICKET_008479,PROD_003,2,4500
TICKET_008479,PROD_023,1,3500
TICKET_008479,PROD_009,1,5000
TICKET_008480,PROD_001,1,2500
TICKET_008480,PROD_015,1,2800
TICKET_008481,PROD_025,1,3500
TICKET_008482,PROD_032,1,2500
TICKET_008483,PROD_021,1,3500
TICKET_008483,PROD_009,1,5000
TICKET_008483,PROD_012,1,3000
TICKET_008483,PROD_010,1,3500
TICKET_008484,PROD_017,1,2800
TICKET_008485,PROD_003,1,4500
TICKET_008485,PROD_012,1,3000
TICKET_008486,PROD_010,1,3500
TICKET_008486,PROD_013,1,3500
TICKET_008487,PROD_005,1,4000
TICKET_008488,PROD_012,1,3000
TICKET_008488,PROD_024,1,3000
TICKET_008488,PROD_035,1,7500
TICKET_008489,PROD_011,1,2500
TICKET_008490,PROD_001,1,2500
TICKET_008490,PROD_015,1,2800
TICKET_008490,PROD_016,1,2500
TICKET_008490,PROD_008,1,3200
TICKET_008491,PROD_026,1,3500
TICKET_008492,PROD_014,1,3800
TICKET_008493,PROD_002,1,3500
TICKET_008493,PROD_017,1,2800
TICKET_008494,PROD_031,1,4500
TICKET_008494,PROD_003,1,4500
TICKET_008494,PROD_012,1,3000
TICKET_008495,PROD_022,1,3500
TICKET_008496,PROD_001,1,2500
TICKET_008496,PROD_015,1,2800
TICKET_008496,PROD_026,1,3500
TICKET_008497,PROD_019,1,3200
TICKET_008497,PROD_012,1,3000
TICKET_008498,PROD_031,1,4500
TICKET_008498,PROD_008,1,3200
TICKET_008498,PROD_027,1,2500
TICKET_008499,PROD_003,1,4500
TICKET_008499,PROD_026,1,3500
TICKET_008500,PROD_012,1,3000
TICKET_008501,PROD_031,1,4500
TICKET_008501,PROD_003,1,4500
TICKET_008501,PROD_029,1,3000
TICKET_008501,PROD_002,1,3500
TICKET_008502,PROD_002,1,3500
TICKET_008502,PROD_017,1,2800
TICKET_008502,PROD_011,1,2500
TICKET_008503,PROD_002,1,3500
TICKET_008503,PROD_017,1,2800
TICKET_008503,PROD_003,1,4500
TICKET_008503,PROD_005,1,4000
TICKET_008504,PROD_001,1,2500
TICKET_008504,PROD_008,1,3200
TICKET_008504,PROD_013,1,3500
TICKET_008505,PROD_034,1,6500
TICKET_008506,PROD_001,2,2500
TICKET_008507,PROD_027,1,2500
TICKET_008507,PROD_023,1,3500
TICKET_008508,PROD_021,1,3500
TICKET_008509,PROD_001,1,2500
TICKET_008509,PROD_015,1,2800
TICKET_008510,PROD_003,1,4500
TICKET_008511,PROD_031,1,4500
TICKET_008511,PROD_003,1,4500
TICKET_008511,PROD_007,1,4500
TICKET_008512,PROD_003,1,4500
TICKET_008512,PROD_006,1,2500
TICKET_008513,PROD_026,1,3500
TICKET_008513,PROD_029,1,3000
TICKET_008514,PROD_027,1,2500
TICKET_008515,PROD_022,1,3500
TICKET_008516,PROD_006,1,2500
TICKET_008517,PROD_021,1,3500
TICKET_008517,PROD_009,1,5000
TICKET_008517,PROD_024,1,3000
TICKET_008518,PROD_002,1,3500
TICKET_008519,PROD_021,1,3500
TICKET_008519,PROD_009,1,5000
TICKET_008519,PROD_010,1,3500
TICKET_008519,PROD_004,1,4800
TICKET_008520,PROD_011,1,2500
TICKET_008521,PROD_006,1,2500
TICKET_008522,PROD_031,1,4500
TICKET_008522,PROD_003,1,4500
TICKET_008523,PROD_021,1,3500
TICKET_008523,PROD_012,1,3000
TICKET_008524,PROD_012,1,3000
TICKET_008525,PROD_004,1,4800
TICKET_008525,PROD_029,1,3000
TICKET_008526,PROD_025,1,3500
TICKET_008527,PROD_010,1,3500
TICKET_008528,PROD_012,1,3000
TICKET_008528,PROD_024,1,3000
TICKET_008528,PROD_034,1,6500
TICKET_008529,PROD_002,1,3500
TICKET_008529,PROD_017,1,2800
TICKET_008530,PROD_015,1,2800
TICKET_008530,PROD_035,1,7500
TICKET_008531,PROD_003,1,4500
TICKET_008531,PROD_023,1,3500
TICKET_008532,PROD_010,1,3500
TICKET_008533,PROD_035,1,7500
TICKET_008534,PROD_003,1,4500
TICKET_008534,PROD_023,1,3500
TICKET_008535,PROD_001,2,2500
TICKET_008535,PROD_024,1,3000
TICKET_008536,PROD_010,1,3500
TICKET_008537,PROD_021,1,3500
TICKET_008537,PROD_009,1,5000
TICKET_008538,PROD_026,1,3500
TICKET_008539,PROD_021,1,3500
TICKET_008539,PROD_009,1,5000
TICKET_008539,PROD_025,1,3500
TICKET_008540,PROD_006,1,2500
TICKET_008540,PROD_028,1,2000
TICKET_008541,PROD_003,1,4500
TICKET_008542,PROD_021,1,3500
TICKET_008543,PROD_001,2,2500
TICKET_008544,PROD_004,1,4800
TICKET_008545,PROD_010,1,3500
TICKET_008545,PROD_016,1,2500
TICKET_008546,PROD_006,1,2500
TICKET_008546,PROD_028,1,2000
TICKET_008546,PROD_010,1,3500
TICKET_008546,PROD_009,1,5000
TICKET_008547,PROD_006,1,2500
TICKET_008548,PROD_001,2,2500
TICKET_008548,PROD_015,1,2800
TICKET_008548,PROD_013,1,3500
TICKET_008549,PROD_006,1,2500
TICKET_008549,PROD_028,1,2000
TICKET_008549,PROD_012,1,3000
TICKET_008550,PROD_010,1,3500
TICKET_008550,PROD_016,1,2500
TICKET_008551,PROD_010,1,3500
TICKET_008551,PROD_016,1,2500
TICKET_008551,PROD_029,1,3000
TICKET_008552,PROD_012,1,3000
TICKET_008553,PROD_003,1,4500
TICKET_008553,PROD_023,1,3500
TICKET_008554,PROD_031,1,4500
TICKET_008554,PROD_003,1,4500
TICKET_008554,PROD_013,1,3500
TICKET_008555,PROD_001,1,2500
TICKET_008556,PROD_025,1,3500
TICKET_008557,PROD_001,1,2500
TICKET_008558,PROD_002,1,3500
TICKET_008558,PROD_017,1,2800
TICKET_008559,PROD_012,1,3000
TICKET_008559,PROD_024,1,3000
TICKET_008560,PROD_028,1,2000
TICKET_008561,PROD_001,2,2500
TICKET_008562,PROD_002,1,3500
TICKET_008563,PROD_012,1,3000
TICKET_008563,PROD_001,1,2500
TICKET_008563,PROD_032,1,2500
TICKET_008564,PROD_021,1,3500
TICKET_008565,PROD_001,1,2500
TICKET_008566,PROD_008,1,3200
TICKET_008567,PROD_029,1,3000
TICKET_008567,PROD_012,1,3000
TICKET_008568,PROD_006,1,2500
TICKET_008569,PROD_012,1,3000
TICKET_008569,PROD_002,1,3500
TICKET_008570,PROD_021,1,3500
TICKET_008570,PROD_003,1,4500
TICKET_008571,PROD_019,1,3200
TICKET_008572,PROD_021,1,3500
TICKET_008572,PROD_009,1,5000
TICKET_008572,PROD_035,1,7500
TICKET_008573,PROD_018,1,2800
TICKET_008573,PROD_014,1,3800
TICKET_008574,PROD_010,1,3500
TICKET_008574,PROD_016,1,2500
TICKET_008574,PROD_027,1,2500
TICKET_008575,PROD_012,1,3000
TICKET_008576,PROD_012,1,3000
TICKET_008576,PROD_008,1,3200
TICKET_008576,PROD_035,1,7500
TICKET_008577,PROD_019,1,3200
TICKET_008577,PROD_028,1,2000
TICKET_008578,PROD_002,1,3500
TICKET_008578,PROD_024,1,3000
TICKET_008579,PROD_028,1,2000
TICKET_008579,PROD_023,1,3500
TICKET_008580,PROD_003,1,4500
TICKET_008580,PROD_008,1,3200
TICKET_008581,PROD_017,1,2800
TICKET_008581,PROD_028,1,2000
TICKET_008582,PROD_010,1,3500
TICKET_008583,PROD_002,1,3500
TICKET_008583,PROD_031,1,4500
TICKET_008584,PROD_031,1,4500
TICKET_008584,PROD_003,1,4500
TICKET_008585,PROD_022,1,3500
TICKET_008586,PROD_030,1,4500
TICKET_008586,PROD_012,1,3000
TICKET_008587,PROD_001,1,2500
TICKET_008587,PROD_021,1,3500
TICKET_008588,PROD_010,1,3500
TICKET_008589,PROD_003,2,4500
TICKET_008589,PROD_023,1,3500
TICKET_008589,PROD_026,1,3500
TICKET_008590,PROD_019,1,3200
TICKET_008591,PROD_001,1,2500
TICKET_008591,PROD_032,1,2500
TICKET_008592,PROD_031,1,4500
TICKET_008592,PROD_003,1,4500
TICKET_008592,PROD_025,1,3500
TICKET_008593,PROD_010,1,3500
TICKET_008593,PROD_016,1,2500
TICKET_008594,PROD_003,1,4500
TICKET_008594,PROD_023,1,3500
TICKET_008594,PROD_033,1,1500
TICKET_008594,PROD_012,1,3000
TICKET_008595,PROD_012,1,3000
TICKET_008596,PROD_034,1,6500
TICKET_008597,PROD_016,1,2500
TICKET_008598,PROD_029,1,3000
TICKET_008599,PROD_031,1,4500
TICKET_008600,PROD_034,1,6500
TICKET_008600,PROD_033,1,1500
TICKET_008601,PROD_031,1,4500
TICKET_008601,PROD_028,1,2000
TICKET_008602,PROD_010,1,3500
TICKET_008602,PROD_017,1,2800
TICKET_008603,PROD_003,1,4500
TICKET_008603,PROD_008,1,3200
TICKET_008604,PROD_004,1,4800
TICKET_008605,PROD_023,1,3500
TICKET_008605,PROD_010,1,3500
TICKET_008606,PROD_012,1,3000
TICKET_008607,PROD_011,1,2500
TICKET_008608,PROD_010,1,3500
TICKET_008609,PROD_001,1,2500
TICKET_008609,PROD_015,1,2800
TICKET_008609,PROD_025,1,3500
TICKET_008610,PROD_021,1,3500
TICKET_008610,PROD_009,1,5000
TICKET_008610,PROD_028,1,2000
TICKET_008611,PROD_016,1,2500
TICKET_008612,PROD_029,1,3000
TICKET_008612,PROD_026,1,3500
TICKET_008613,PROD_001,1,2500
TICKET_008613,PROD_015,1,2800
TICKET_008614,PROD_013,1,3500
TICKET_008614,PROD_031,1,4500
TICKET_008615,PROD_008,1,3200
TICKET_008616,PROD_031,1,4500
TICKET_008616,PROD_023,2,3500
TICKET_008617,PROD_006,1,2500
TICKET_008617,PROD_028,1,2000
TICKET_008618,PROD_001,1,2500
TICKET_008618,PROD_032,1,2500
TICKET_008618,PROD_021,1,3500
TICKET_008619,PROD_002,1,3500
TICKET_008619,PROD_017,1,2800
TICKET_008620,PROD_002,1,3500
TICKET_008621,PROD_001,1,2500
TICKET_008621,PROD_015,1,2800
TICKET_008621,PROD_012,1,3000
TICKET_008621,PROD_010,1,3500
TICKET_008622,PROD_029,1,3000
TICKET_008623,PROD_010,1,3500
TICKET_008624,PROD_002,1,3500
TICKET_008624,PROD_011,1,2500
TICKET_008625,PROD_013,1,3500
TICKET_008625,PROD_023,1,3500
TICKET_008626,PROD_006,1,2500
TICKET_008627,PROD_029,1,3000
TICKET_008627,PROD_019,1,3200
TICKET_008628,PROD_012,1,3000
TICKET_008628,PROD_024,1,3000
TICKET_008628,PROD_031,1,4500
TICKET_008629,PROD_029,1,3000
TICKET_008630,PROD_031,1,4500
TICKET_008630,PROD_003,1,4500
TICKET_008631,PROD_002,1,3500
TICKET_008631,PROD_026,1,3500
TICKET_008632,PROD_006,1,2500
TICKET_008633,PROD_012,1,3000
TICKET_008634,PROD_002,1,3500
TICKET_008634,PROD_017,1,2800
TICKET_008634,PROD_026,1,3500
TICKET_008634,PROD_013,1,3500
TICKET_008635,PROD_003,1,4500
TICKET_008635,PROD_023,1,3500
TICKET_008635,PROD_032,1,2500
TICKET_008636,PROD_007,1,4500
TICKET_008637,PROD_012,1,3000
TICKET_008637,PROD_024,1,3000
TICKET_008637,PROD_020,1,3200
TICKET_008638,PROD_001,1,2500
TICKET_008638,PROD_015,1,2800
TICKET_008639,PROD_008,1,3200
TICKET_008640,PROD_012,1,3000
TICKET_008640,PROD_021,1,3500
TICKET_008641,PROD_006,1,2500
TICKET_008642,PROD_022,1,3500
TICKET_008643,PROD_010,1,3500
TICKET_008644,PROD_006,1,2500
TICKET_008645,PROD_023,1,3500
TICKET_008646,PROD_019,1,3200
TICKET_008646,PROD_021,1,3500
TICKET_008647,PROD_009,1,5000
TICKET_008647,PROD_028,1,2000
TICKET_008648,PROD_010,1,3500
TICKET_008648,PROD_016,1,2500
TICKET_008648,PROD_014,1,3800
TICKET_008649,PROD_003,1,4500
TICKET_008649,PROD_023,1,3500
TICKET_008650,PROD_016,1,2500
TICKET_008651,PROD_022,1,3500
TICKET_008652,PROD_016,1,2500
TICKET_008653,PROD_022,1,3500
TICKET_008654,PROD_001,2,2500
TICKET_008655,PROD_021,1,3500
TICKET_008655,PROD_009,1,5000
TICKET_008655,PROD_013,1,3500
TICKET_008656,PROD_001,1,2500
TICKET_008656,PROD_015,1,2800
TICKET_008657,PROD_012,1,3000
TICKET_008657,PROD_024,1,3000
TICKET_008657,PROD_009,1,5000
TICKET_008658,PROD_018,1,2800
TICKET_008659,PROD_012,1,3000
TICKET_008660,PROD_025,1,3500
TICKET_008661,PROD_001,1,2500
TICKET_008662,PROD_018,1,2800
TICKET_008662,PROD_029,1,3000
TICKET_008663,PROD_001,1,2500
TICKET_008663,PROD_015,1,2800
TICKET_008663,PROD_026,1,3500
TICKET_008664,PROD_002,1,3500
TICKET_008664,PROD_019,1,3200
TICKET_008665,PROD_002,1,3500
TICKET_008666,PROD_001,1,2500
TICKET_008667,PROD_004,1,4800
TICKET_008668,PROD_001,1,2500
TICKET_008668,PROD_015,1,2800
TICKET_008668,PROD_010,1,3500
TICKET_008669,PROD_001,1,2500
TICKET_008669,PROD_015,1,2800
TICKET_008670,PROD_031,1,4500
TICKET_008670,PROD_003,1,4500
TICKET_008671,PROD_006,1,2500
TICKET_008671,PROD_011,1,2500
TICKET_008672,PROD_027,1,2500
TICKET_008673,PROD_001,1,2500
TICKET_008674,PROD_001,2,2500
TICKET_008674,PROD_013,1,3500
TICKET_008675,PROD_001,1,2500
TICKET_008675,PROD_015,1,2800
TICKET_008676,PROD_026,1,3500
TICKET_008677,PROD_001,1,2500
TICKET_008677,PROD_009,1,5000
TICKET_008677,PROD_012,1,3000
TICKET_008678,PROD_012,1,3000
TICKET_008678,PROD_024,1,3000
TICKET_008678,PROD_013,1,3500
TICKET_008679,PROD_011,1,2500
TICKET_008680,PROD_002,1,3500
TICKET_008680,PROD_017,1,2800
TICKET_008680,PROD_009,1,5000
TICKET_008680,PROD_023,1,3500
TICKET_008681,PROD_001,1,2500
TICKET_008682,PROD_033,1,1500
TICKET_008683,PROD_016,1,2500
TICKET_008684,PROD_003,1,4500
TICKET_008684,PROD_004,1,4800
TICKET_008684,PROD_023,1,3500
TICKET_008685,PROD_018,1,2800
TICKET_008686,PROD_026,1,3500
TICKET_008687,PROD_015,1,2800
TICKET_008687,PROD_025,1,3500
TICKET_008688,PROD_029,1,3000
TICKET_008689,PROD_006,1,2500
TICKET_008689,PROD_001,1,2500
TICKET_008689,PROD_035,1,7500
TICKET_008690,PROD_010,1,3500
TICKET_008691,PROD_010,1,3500
TICKET_008692,PROD_031,1,4500
TICKET_008692,PROD_003,2,4500
TICKET_008692,PROD_005,1,4000
TICKET_008693,PROD_031,1,4500
TICKET_008694,PROD_012,1,3000
TICKET_008695,PROD_006,1,2500
TICKET_008696,PROD_002,1,3500
TICKET_008696,PROD_017,1,2800
TICKET_008696,PROD_009,1,5000
TICKET_008696,PROD_029,1,3000
TICKET_008697,PROD_003,1,4500
TICKET_008697,PROD_023,1,3500
TICKET_008698,PROD_018,1,2800
TICKET_008699,PROD_022,1,3500
TICKET_008700,PROD_006,1,2500
TICKET_008700,PROD_017,1,2800
TICKET_008700,PROD_031,1,4500
TICKET_008701,PROD_003,1,4500
TICKET_008701,PROD_023,1,3500
TICKET_008701,PROD_001,1,2500
TICKET_008702,PROD_007,1,4500
TICKET_008703,PROD_003,1,4500
TICKET_008703,PROD_023,1,3500
TICKET_008704,PROD_033,1,1500
TICKET_008705,PROD_021,1,3500
TICKET_008705,PROD_009,1,5000
TICKET_008706,PROD_010,1,3500
TICKET_008706,PROD_016,1,2500
TICKET_008707,PROD_001,1,2500
TICKET_008707,PROD_025,1,3500
TICKET_008708,PROD_002,1,3500
TICKET_008708,PROD_017,1,2800
TICKET_008709,PROD_001,2,2500
TICKET_008710,PROD_001,1,2500
TICKET_008710,PROD_015,1,2800
TICKET_008711,PROD_001,1,2500
TICKET_008712,PROD_019,1,3200
TICKET_008712,PROD_012,1,3000
TICKET_008713,PROD_010,1,3500
TICKET_008713,PROD_016,1,2500
TICKET_008714,PROD_010,1,3500
TICKET_008714,PROD_016,1,2500
TICKET_008715,PROD_011,1,2500
TICKET_008716,PROD_002,1,3500
TICKET_008716,PROD_017,1,2800
TICKET_008716,PROD_003,1,4500
TICKET_008717,PROD_012,1,3000
TICKET_008718,PROD_012,1,3000
TICKET_008718,PROD_005,1,4000
TICKET_008719,PROD_001,1,2500
TICKET_008719,PROD_015,1,2800
TICKET_008720,PROD_035,1,7500
TICKET_008721,PROD_021,1,3500
TICKET_008721,PROD_028,1,2000
TICKET_008722,PROD_001,1,2500
TICKET_008722,PROD_015,1,2800
TICKET_008723,PROD_031,1,4500
TICKET_008724,PROD_001,1,2500
TICKET_008725,PROD_002,1,3500
TICKET_008725,PROD_017,1,2800
TICKET_008726,PROD_012,1,3000
TICKET_008726,PROD_024,1,3000
TICKET_008727,PROD_021,1,3500
TICKET_008728,PROD_001,1,2500
TICKET_008729,PROD_024,1,3000
TICKET_008730,PROD_031,1,4500
TICKET_008730,PROD_029,1,3000
TICKET_008731,PROD_021,1,3500
TICKET_008731,PROD_009,1,5000
TICKET_008732,PROD_012,1,3000
TICKET_008733,PROD_029,1,3000
TICKET_008733,PROD_035,1,7500
TICKET_008734,PROD_001,2,2500
TICKET_008734,PROD_034,1,6500
TICKET_008735,PROD_006,1,2500
TICKET_008735,PROD_028,1,2000
TICKET_008736,PROD_001,1,2500
TICKET_008736,PROD_034,1,6500
TICKET_008736,PROD_018,1,2800
TICKET_008737,PROD_035,1,7500
TICKET_008738,PROD_005,1,4000
TICKET_008739,PROD_006,1,2500
TICKET_008740,PROD_009,1,5000
TICKET_008741,PROD_020,1,3200
TICKET_008742,PROD_029,1,3000
TICKET_008742,PROD_031,1,4500
TICKET_008743,PROD_020,1,3200
TICKET_008744,PROD_024,1,3000
TICKET_008745,PROD_021,1,3500
TICKET_008745,PROD_009,1,5000
TICKET_008745,PROD_010,1,3500
TICKET_008745,PROD_035,1,7500
TICKET_008746,PROD_001,1,2500
TICKET_008746,PROD_026,1,3500
TICKET_008746,PROD_034,1,6500
TICKET_008747,PROD_010,1,3500
TICKET_008747,PROD_016,1,2500
TICKET_008747,PROD_015,1,2800
TICKET_008748,PROD_013,1,3500
TICKET_008749,PROD_004,1,4800
TICKET_008750,PROD_006,1,2500
TICKET_008750,PROD_022,1,3500
TICKET_008751,PROD_010,1,3500
TICKET_008751,PROD_003,1,4500
TICKET_008751,PROD_033,1,1500
TICKET_008752,PROD_001,1,2500
TICKET_008752,PROD_015,1,2800
TICKET_008753,PROD_031,1,4500
TICKET_008753,PROD_003,1,4500
TICKET_008753,PROD_004,1,4800
TICKET_008753,PROD_010,1,3500
TICKET_008754,PROD_031,1,4500
TICKET_008754,PROD_003,1,4500
TICKET_008754,PROD_010,1,3500
TICKET_008754,PROD_001,1,2500
TICKET_008755,PROD_004,1,4800
TICKET_008755,PROD_018,1,2800
TICKET_008756,PROD_002,2,3500
TICKET_008756,PROD_017,1,2800
TICKET_008756,PROD_003,1,4500
TICKET_008757,PROD_035,1,7500
TICKET_008758,PROD_035,1,7500
TICKET_008759,PROD_002,1,3500
TICKET_008759,PROD_017,1,2800
TICKET_008760,PROD_031,1,4500
TICKET_008761,PROD_011,1,2500
TICKET_008762,PROD_001,1,2500
TICKET_008762,PROD_015,1,2800
TICKET_008763,PROD_013,1,3500
TICKET_008764,PROD_031,1,4500
TICKET_008764,PROD_003,1,4500
TICKET_008764,PROD_026,1,3500
TICKET_008765,PROD_018,1,2800
TICKET_008766,PROD_022,1,3500
TICKET_008767,PROD_031,1,4500
TICKET_008767,PROD_003,1,4500
TICKET_008768,PROD_010,1,3500
TICKET_008768,PROD_016,1,2500
TICKET_008769,PROD_021,1,3500
TICKET_008769,PROD_009,1,5000
TICKET_008770,PROD_012,1,3000
TICKET_008770,PROD_024,1,3000
TICKET_008771,PROD_034,1,6500
TICKET_008771,PROD_026,1,3500
TICKET_008772,PROD_001,1,2500
TICKET_008772,PROD_015,1,2800
TICKET_008772,PROD_018,1,2800
TICKET_008773,PROD_026,1,3500
TICKET_008774,PROD_002,1,3500
TICKET_008775,PROD_003,1,4500
TICKET_008775,PROD_006,1,2500
TICKET_008776,PROD_010,1,3500
TICKET_008776,PROD_016,1,2500
TICKET_008777,PROD_010,1,3500
TICKET_008777,PROD_016,1,2500
TICKET_008778,PROD_030,1,4500
TICKET_008778,PROD_005,1,4000
TICKET_008779,PROD_001,1,2500
TICKET_008779,PROD_015,1,2800
TICKET_008779,PROD_016,1,2500
TICKET_008780,PROD_003,1,4500
TICKET_008780,PROD_023,1,3500
TICKET_008781,PROD_002,1,3500
TICKET_008781,PROD_017,1,2800
TICKET_008782,PROD_012,1,3000
TICKET_008782,PROD_024,1,3000
TICKET_008782,PROD_019,1,3200
TICKET_008783,PROD_006,1,2500
TICKET_008783,PROD_028,1,2000
TICKET_008784,PROD_025,1,3500
TICKET_008785,PROD_026,1,3500
TICKET_008786,PROD_030,1,4500
TICKET_008787,PROD_003,1,4500
TICKET_008787,PROD_023,1,3500
TICKET_008788,PROD_003,1,4500
TICKET_008788,PROD_023,1,3500
TICKET_008788,PROD_017,1,2800
TICKET_008789,PROD_021,1,3500
TICKET_008789,PROD_019,1,3200
TICKET_008789,PROD_013,1,3500
TICKET_008790,PROD_002,1,3500
TICKET_008791,PROD_019,1,3200
TICKET_008792,PROD_031,1,4500
TICKET_008792,PROD_029,1,3000
TICKET_008792,PROD_026,1,3500
TICKET_008793,PROD_021,1,3500
TICKET_008794,PROD_001,1,2500
TICKET_008794,PROD_004,1,4800
TICKET_008794,PROD_002,1,3500
TICKET_008795,PROD_007,1,4500
TICKET_008796,PROD_012,1,3000
TICKET_008797,PROD_008,1,3200
TICKET_008798,PROD_031,1,4500
TICKET_008799,PROD_019,1,3200
TICKET_008799,PROD_012,1,3000
TICKET_008800,PROD_001,1,2500
TICKET_008801,PROD_012,1,3000
TICKET_008801,PROD_024,1,3000
TICKET_008802,PROD_012,1,3000
TICKET_008803,PROD_003,1,4500
TICKET_008803,PROD_023,1,3500
TICKET_008803,PROD_015,2,2800
TICKET_008804,PROD_010,1,3500
TICKET_008804,PROD_016,1,2500
TICKET_008804,PROD_021,1,3500
TICKET_008804,PROD_004,1,4800
TICKET_008805,PROD_002,1,3500
TICKET_008805,PROD_017,1,2800
TICKET_008805,PROD_026,1,3500
TICKET_008805,PROD_025,1,3500
TICKET_008806,PROD_006,1,2500
TICKET_008806,PROD_028,1,2000
TICKET_008807,PROD_031,1,4500
TICKET_008807,PROD_008,1,3200
TICKET_008808,PROD_029,1,3000
TICKET_008808,PROD_020,1,3200
TICKET_008809,PROD_019,1,3200
TICKET_008809,PROD_012,1,3000
TICKET_008810,PROD_002,1,3500
TICKET_008810,PROD_017,1,2800
TICKET_008811,PROD_001,1,2500
TICKET_008811,PROD_004,1,4800
TICKET_008812,PROD_008,1,3200
TICKET_008813,PROD_001,1,2500
TICKET_008813,PROD_015,1,2800
TICKET_008813,PROD_002,1,3500
TICKET_008814,PROD_021,1,3500
TICKET_008815,PROD_031,1,4500
TICKET_008815,PROD_003,1,4500
TICKET_008816,PROD_034,1,6500
TICKET_008816,PROD_017,1,2800
TICKET_008817,PROD_019,1,3200
TICKET_008817,PROD_012,1,3000
TICKET_008817,PROD_005,1,4000
TICKET_008818,PROD_003,1,4500
TICKET_008818,PROD_023,1,3500
TICKET_008818,PROD_035,1,7500
TICKET_008818,PROD_005,1,4000
TICKET_008819,PROD_004,1,4800
TICKET_008820,PROD_001,1,2500
TICKET_008821,PROD_021,1,3500
TICKET_008821,PROD_009,1,5000
TICKET_008822,PROD_012,1,3000
TICKET_008823,PROD_024,1,3000
TICKET_008823,PROD_002,1,3500
TICKET_008824,PROD_001,1,2500
TICKET_008825,PROD_035,1,7500
TICKET_008826,PROD_002,1,3500
TICKET_008826,PROD_017,1,2800
TICKET_008827,PROD_002,1,3500
TICKET_008827,PROD_017,1,2800
TICKET_008827,PROD_009,1,5000
TICKET_008827,PROD_012,1,3000
TICKET_008828,PROD_005,1,4000
TICKET_008829,PROD_001,1,2500
TICKET_008830,PROD_013,1,3500
TICKET_008831,PROD_006,1,2500
TICKET_008831,PROD_021,1,3500
TICKET_008831,PROD_035,1,7500
TICKET_008832,PROD_002,1,3500
TICKET_008833,PROD_010,1,3500
TICKET_008833,PROD_016,1,2500
TICKET_008834,PROD_017,1,2800
TICKET_008834,PROD_006,1,2500
TICKET_008835,PROD_003,1,4500
TICKET_008835,PROD_030,1,4500
TICKET_008836,PROD_007,1,4500
TICKET_008837,PROD_002,1,3500
TICKET_008838,PROD_009,1,5000
TICKET_008839,PROD_034,1,6500
TICKET_008840,PROD_021,1,3500
TICKET_008840,PROD_009,1,5000
TICKET_008840,PROD_008,1,3200
TICKET_008840,PROD_030,1,4500
TICKET_008841,PROD_003,1,4500
TICKET_008841,PROD_023,1,3500
TICKET_008842,PROD_003,1,4500
TICKET_008843,PROD_001,1,2500
TICKET_008843,PROD_015,1,2800
TICKET_008843,PROD_028,1,2000
TICKET_008844,PROD_026,1,3500
TICKET_008845,PROD_033,1,1500
TICKET_008846,PROD_002,1,3500
TICKET_008846,PROD_017,1,2800
TICKET_008847,PROD_001,1,2500
TICKET_008848,PROD_003,1,4500
TICKET_008848,PROD_023,1,3500
TICKET_008848,PROD_010,1,3500
TICKET_008849,PROD_001,1,2500
TICKET_008849,PROD_034,1,6500
TICKET_008849,PROD_010,1,3500
TICKET_008850,PROD_024,1,3000
TICKET_008851,PROD_001,1,2500
TICKET_008851,PROD_015,1,2800
TICKET_008851,PROD_035,1,7500
TICKET_008852,PROD_019,1,3200
TICKET_008852,PROD_012,1,3000
TICKET_008853,PROD_003,1,4500
TICKET_008854,PROD_001,1,2500
TICKET_008854,PROD_015,1,2800
TICKET_008854,PROD_002,1,3500
TICKET_008855,PROD_012,1,3000
TICKET_008855,PROD_035,1,7500
TICKET_008856,PROD_021,1,3500
TICKET_008856,PROD_009,1,5000
TICKET_008856,PROD_016,1,2500
TICKET_008857,PROD_008,1,3200
TICKET_008858,PROD_003,1,4500
TICKET_008858,PROD_023,1,3500
TICKET_008858,PROD_017,1,2800
TICKET_008858,PROD_021,1,3500
TICKET_008859,PROD_012,1,3000
TICKET_008860,PROD_012,1,3000
TICKET_008860,PROD_021,1,3500
TICKET_008860,PROD_020,1,3200
TICKET_008861,PROD_012,1,3000
TICKET_008862,PROD_006,1,2500
TICKET_008862,PROD_028,1,2000
TICKET_008862,PROD_005,1,4000
TICKET_008863,PROD_001,2,2500
TICKET_008864,PROD_001,2,2500
TICKET_008864,PROD_026,1,3500
TICKET_008865,PROD_023,1,3500
TICKET_008866,PROD_018,1,2800
TICKET_008866,PROD_026,1,3500
TICKET_008867,PROD_002,1,3500
TICKET_008868,PROD_021,1,3500
TICKET_008868,PROD_009,1,5000
TICKET_008868,PROD_013,1,3500
TICKET_008869,PROD_019,1,3200
TICKET_008870,PROD_031,1,4500
TICKET_008870,PROD_026,1,3500
TICKET_008870,PROD_003,1,4500
TICKET_008871,PROD_032,1,2500
TICKET_008872,PROD_002,1,3500
TICKET_008872,PROD_017,1,2800
TICKET_008872,PROD_034,1,6500
TICKET_008872,PROD_019,1,3200
TICKET_008873,PROD_010,1,3500
TICKET_008873,PROD_016,1,2500
TICKET_008873,PROD_002,1,3500
TICKET_008874,PROD_006,1,2500
TICKET_008875,PROD_019,1,3200
TICKET_008875,PROD_012,1,3000
TICKET_008876,PROD_001,1,2500
TICKET_008877,PROD_009,1,5000
TICKET_008878,PROD_021,1,3500
TICKET_008878,PROD_009,1,5000
TICKET_008878,PROD_005,1,4000
TICKET_008879,PROD_030,1,4500
TICKET_008880,PROD_002,1,3500
TICKET_008881,PROD_014,1,3800
TICKET_008881,PROD_034,1,6500
TICKET_008882,PROD_031,1,4500
TICKET_008882,PROD_003,1,4500
TICKET_008883,PROD_010,1,3500
TICKET_008883,PROD_001,1,2500
TICKET_008883,PROD_003,1,4500
TICKET_008884,PROD_035,1,7500
TICKET_008884,PROD_034,1,6500
TICKET_008885,PROD_019,1,3200
TICKET_008885,PROD_012,1,3000
TICKET_008886,PROD_002,1,3500
TICKET_008886,PROD_017,2,2800
TICKET_008886,PROD_021,1,3500
TICKET_008887,PROD_027,1,2500
TICKET_008888,PROD_004,1,4800
TICKET_008889,PROD_012,1,3000
TICKET_008889,PROD_024,1,3000
TICKET_008890,PROD_026,1,3500
TICKET_008891,PROD_010,1,3500
TICKET_008891,PROD_016,1,2500
TICKET_008891,PROD_019,1,3200
TICKET_008892,PROD_012,1,3000
TICKET_008892,PROD_024,1,3000
TICKET_008893,PROD_006,1,2500
TICKET_008893,PROD_028,1,2000
TICKET_008893,PROD_035,1,7500
TICKET_008894,PROD_030,1,4500
TICKET_008895,PROD_006,1,2500
TICKET_008895,PROD_028,1,2000
TICKET_008896,PROD_031,1,4500
TICKET_008896,PROD_013,1,3500
TICKET_008897,PROD_031,1,4500
TICKET_008898,PROD_002,1,3500
TICKET_008899,PROD_021,1,3500
TICKET_008900,PROD_001,1,2500
TICKET_008900,PROD_015,1,2800
TICKET_008900,PROD_032,1,2500
TICKET_008900,PROD_025,1,3500
TICKET_008901,PROD_006,1,2500
TICKET_008902,PROD_019,1,3200
TICKET_008902,PROD_012,1,3000
TICKET_008902,PROD_014,1,3800
TICKET_008903,PROD_019,1,3200
TICKET_008903,PROD_012,1,3000
TICKET_008904,PROD_001,2,2500
TICKET_008905,PROD_001,1,2500
TICKET_008905,PROD_023,1,3500
TICKET_008905,PROD_002,1,3500
TICKET_008906,PROD_006,1,2500
TICKET_008906,PROD_028,1,2000
TICKET_008906,PROD_019,1,3200
TICKET_008906,PROD_002,1,3500
TICKET_008907,PROD_031,1,4500
TICKET_008907,PROD_003,1,4500
TICKET_008908,PROD_001,1,2500
TICKET_008908,PROD_015,1,2800
TICKET_008909,PROD_012,1,3000
TICKET_008910,PROD_001,2,2500
TICKET_008911,PROD_003,2,4500
TICKET_008911,PROD_023,1,3500
TICKET_008911,PROD_020,1,3200
TICKET_008912,PROD_006,1,2500
TICKET_008912,PROD_001,1,2500
TICKET_008913,PROD_021,1,3500
TICKET_008914,PROD_030,1,4500
TICKET_008915,PROD_001,2,2500
TICKET_008916,PROD_031,1,4500
TICKET_008916,PROD_003,1,4500
TICKET_008916,PROD_016,1,2500
TICKET_008917,PROD_019,1,3200
TICKET_008917,PROD_004,1,4800
TICKET_008917,PROD_035,1,7500
TICKET_008918,PROD_019,1,3200
TICKET_008918,PROD_012,1,3000
TICKET_008919,PROD_001,1,2500
TICKET_008919,PROD_019,1,3200
TICKET_008920,PROD_027,1,2500
TICKET_008921,PROD_012,1,3000
TICKET_008921,PROD_024,1,3000
TICKET_008922,PROD_006,1,2500
TICKET_008923,PROD_012,1,3000
TICKET_008923,PROD_024,1,3000
TICKET_008924,PROD_010,1,3500
TICKET_008924,PROD_016,1,2500
TICKET_008924,PROD_025,1,3500
TICKET_008924,PROD_004,1,4800
TICKET_008925,PROD_019,1,3200
TICKET_008926,PROD_002,1,3500
TICKET_008927,PROD_010,1,3500
TICKET_008927,PROD_016,1,2500
TICKET_008928,PROD_035,1,7500
TICKET_008929,PROD_012,1,3000
TICKET_008929,PROD_024,1,3000
TICKET_008930,PROD_008,1,3200
TICKET_008930,PROD_021,1,3500
TICKET_008931,PROD_006,1,2500
TICKET_008931,PROD_028,1,2000
TICKET_008931,PROD_005,1,4000
TICKET_008932,PROD_016,1,2500
TICKET_008933,PROD_024,1,3000
TICKET_008934,PROD_010,1,3500
TICKET_008935,PROD_006,1,2500
TICKET_008935,PROD_028,1,2000
TICKET_008935,PROD_002,1,3500
TICKET_008935,PROD_026,1,3500
TICKET_008936,PROD_031,1,4500
TICKET_008936,PROD_019,1,3200
TICKET_008937,PROD_026,1,3500
TICKET_008938,PROD_006,1,2500
TICKET_008938,PROD_028,1,2000
TICKET_008938,PROD_025,1,3500
TICKET_008939,PROD_029,1,3000
TICKET_008940,PROD_012,1,3000
TICKET_008940,PROD_030,1,4500
TICKET_008940,PROD_031,1,4500
TICKET_008941,PROD_012,1,3000
TICKET_008942,PROD_016,1,2500
TICKET_008943,PROD_009,1,5000
TICKET_008944,PROD_001,1,2500
TICKET_008944,PROD_015,1,2800
TICKET_008945,PROD_019,1,3200
TICKET_008945,PROD_021,1,3500
TICKET_008946,PROD_001,1,2500
TICKET_008946,PROD_015,1,2800
TICKET_008947,PROD_031,1,4500
TICKET_008947,PROD_003,1,4500
TICKET_008947,PROD_001,1,2500
TICKET_008947,PROD_013,1,3500
TICKET_008948,PROD_001,2,2500
TICKET_008949,PROD_026,1,3500
TICKET_008950,PROD_006,1,2500
TICKET_008950,PROD_027,1,2500
TICKET_008950,PROD_012,1,3000
TICKET_008951,PROD_017,1,2800
TICKET_008952,PROD_013,1,3500
TICKET_008953,PROD_007,1,4500
TICKET_008954,PROD_019,1,3200
TICKET_008955,PROD_034,1,6500
TICKET_008956,PROD_031,1,4500
TICKET_008957,PROD_006,1,2500
TICKET_008958,PROD_017,1,2800
TICKET_008959,PROD_001,1,2500
TICKET_008960,PROD_006,1,2500
TICKET_008960,PROD_028,1,2000
TICKET_008961,PROD_012,1,3000
TICKET_008961,PROD_003,1,4500
TICKET_008962,PROD_001,1,2500
TICKET_008963,PROD_024,1,3000
TICKET_008964,PROD_019,1,3200
TICKET_008964,PROD_012,1,3000
TICKET_008964,PROD_004,1,4800
TICKET_008965,PROD_019,1,3200
TICKET_008965,PROD_012,1,3000
TICKET_008966,PROD_010,1,3500
TICKET_008966,PROD_016,2,2500
TICKET_008967,PROD_023,1,3500
TICKET_008968,PROD_033,1,1500
TICKET_008969,PROD_002,1,3500
TICKET_008970,PROD_001,1,2500
TICKET_008971,PROD_021,1,3500
TICKET_008971,PROD_009,1,5000
TICKET_008972,PROD_003,1,4500
TICKET_008972,PROD_023,1,3500
TICKET_008972,PROD_017,2,2800
TICKET_008973,PROD_027,1,2500
TICKET_008974,PROD_012,1,3000
TICKET_008974,PROD_024,1,3000
TICKET_008974,PROD_003,1,4500
TICKET_008975,PROD_002,1,3500
TICKET_008975,PROD_017,1,2800
TICKET_008975,PROD_019,1,3200
TICKET_008976,PROD_001,1,2500
TICKET_008976,PROD_029,1,3000
TICKET_008977,PROD_001,1,2500
TICKET_008977,PROD_015,1,2800
TICKET_008978,PROD_012,1,3000
TICKET_008978,PROD_024,1,3000
TICKET_008978,PROD_014,1,3800
TICKET_008979,PROD_001,2,2500
TICKET_008979,PROD_003,1,4500
TICKET_008980,PROD_007,1,4500
TICKET_008981,PROD_026,1,3500
TICKET_008982,PROD_019,1,3200
TICKET_008982,PROD_012,1,3000
TICKET_008983,PROD_020,1,3200
TICKET_008984,PROD_019,1,3200
TICKET_008985,PROD_010,2,3500
TICKET_008985,PROD_016,1,2500
TICKET_008985,PROD_015,1,2800
TICKET_008986,PROD_010,1,3500
TICKET_008987,PROD_001,1,2500
TICKET_008988,PROD_002,1,3500
TICKET_008989,PROD_010,1,3500
TICKET_008989,PROD_016,1,2500
TICKET_008989,PROD_012,1,3000
TICKET_008990,PROD_012,1,3000
TICKET_008990,PROD_024,1,3000
TICKET_008990,PROD_008,1,3200
TICKET_008990,PROD_026,1,3500
TICKET_008991,PROD_013,1,3500
TICKET_008992,PROD_006,1,2500
TICKET_008993,PROD_029,1,3000
TICKET_008993,PROD_027,1,2500
TICKET_008994,PROD_034,1,6500
TICKET_008995,PROD_002,1,3500
TICKET_008995,PROD_017,1,2800
TICKET_008996,PROD_006,1,2500
TICKET_008997,PROD_005,1,4000
TICKET_008998,PROD_003,1,4500
TICKET_008998,PROD_023,1,3500
TICKET_008998,PROD_028,1,2000
TICKET_008998,PROD_004,1,4800
TICKET_008999,PROD_006,1,2500
TICKET_009000,PROD_007,1,4500
TICKET_009001,PROD_029,1,3000
TICKET_009001,PROD_005,1,4000
TICKET_009002,PROD_021,1,3500
TICKET_009002,PROD_035,1,7500
TICKET_009002,PROD_025,1,3500
TICKET_009003,PROD_033,1,1500
TICKET_009003,PROD_026,1,3500
TICKET_009004,PROD_001,1,2500
TICKET_009004,PROD_015,1,2800
TICKET_009005,PROD_034,1,6500
TICKET_009006,PROD_016,1,2500
TICKET_009007,PROD_005,1,4000
TICKET_009008,PROD_001,2,2500
TICKET_009009,PROD_006,1,2500
TICKET_009010,PROD_034,1,6500
TICKET_009010,PROD_007,1,4500
TICKET_009011,PROD_034,1,6500
TICKET_009012,PROD_025,1,3500
TICKET_009012,PROD_027,1,2500
TICKET_009013,PROD_021,1,3500
TICKET_009013,PROD_025,1,3500
TICKET_009014,PROD_003,1,4500
TICKET_009014,PROD_023,1,3500
TICKET_009015,PROD_003,1,4500
TICKET_009015,PROD_023,1,3500
TICKET_009015,PROD_018,1,2800
TICKET_009015,PROD_032,1,2500
TICKET_009016,PROD_001,1,2500
TICKET_009016,PROD_003,1,4500
TICKET_009017,PROD_012,1,3000
TICKET_009017,PROD_004,1,4800
TICKET_009018,PROD_009,1,5000
TICKET_009019,PROD_031,1,4500
TICKET_009019,PROD_003,1,4500
TICKET_009019,PROD_019,1,3200
TICKET_009020,PROD_012,1,3000
TICKET_009021,PROD_012,2,3000
TICKET_009021,PROD_002,1,3500
TICKET_009022,PROD_002,2,3500
TICKET_009022,PROD_017,1,2800
TICKET_009022,PROD_009,1,5000
TICKET_009023,PROD_012,1,3000
TICKET_009024,PROD_006,1,2500
TICKET_009025,PROD_031,1,4500
TICKET_009025,PROD_003,1,4500
TICKET_009026,PROD_003,1,4500
TICKET_009026,PROD_006,1,2500
TICKET_009027,PROD_016,1,2500
TICKET_009028,PROD_031,1,4500
TICKET_009028,PROD_003,1,4500
TICKET_009029,PROD_001,1,2500
TICKET_009030,PROD_001,1,2500
TICKET_009031,PROD_006,1,2500
TICKET_009031,PROD_031,1,4500
TICKET_009032,PROD_026,1,3500
TICKET_009033,PROD_010,1,3500
TICKET_009033,PROD_016,1,2500
TICKET_009033,PROD_008,2,3200
TICKET_009034,PROD_001,1,2500
TICKET_009034,PROD_015,1,2800
TICKET_009034,PROD_018,1,2800
TICKET_009034,PROD_034,1,6500
TICKET_009035,PROD_008,1,3200
TICKET_009036,PROD_002,1,3500
TICKET_009037,PROD_012,1,3000
TICKET_009038,PROD_012,1,3000
TICKET_009039,PROD_021,1,3500
TICKET_009039,PROD_009,1,5000
TICKET_009039,PROD_013,1,3500
TICKET_009039,PROD_001,1,2500
TICKET_009040,PROD_003,1,4500
TICKET_009040,PROD_012,1,3000
TICKET_009041,PROD_031,1,4500
TICKET_009041,PROD_013,1,3500
TICKET_009042,PROD_031,1,4500
TICKET_009042,PROD_003,1,4500
TICKET_009042,PROD_015,1,2800
TICKET_009043,PROD_035,1,7500
TICKET_009043,PROD_010,1,3500
TICKET_009044,PROD_006,1,2500
TICKET_009045,PROD_010,1,3500
TICKET_009045,PROD_029,1,3000
TICKET_009045,PROD_028,1,2000
TICKET_009046,PROD_030,1,4500
TICKET_009047,PROD_005,1,4000
TICKET_009048,PROD_006,1,2500
TICKET_009048,PROD_028,1,2000
TICKET_009049,PROD_021,1,3500
TICKET_009049,PROD_009,1,5000
TICKET_009049,PROD_029,1,3000
TICKET_009049,PROD_004,1,4800
TICKET_009050,PROD_019,1,3200
TICKET_009050,PROD_012,1,3000
TICKET_009051,PROD_003,1,4500
TICKET_009052,PROD_018,1,2800
TICKET_009053,PROD_015,1,2800
TICKET_009054,PROD_010,1,3500
TICKET_009054,PROD_016,1,2500
TICKET_009054,PROD_027,1,2500
TICKET_009054,PROD_018,1,2800
TICKET_009055,PROD_001,1,2500
TICKET_009055,PROD_015,1,2800
TICKET_009055,PROD_034,1,6500
TICKET_009056,PROD_002,1,3500
TICKET_009057,PROD_002,1,3500
TICKET_009057,PROD_017,2,2800
TICKET_009057,PROD_033,1,1500
TICKET_009058,PROD_035,1,7500
TICKET_009058,PROD_024,1,3000
TICKET_009059,PROD_020,1,3200
TICKET_009060,PROD_003,1,4500
TICKET_009060,PROD_023,1,3500
TICKET_009060,PROD_008,1,3200
TICKET_009061,PROD_031,1,4500
TICKET_009061,PROD_034,1,6500
TICKET_009062,PROD_012,1,3000
TICKET_009062,PROD_024,2,3000
TICKET_009063,PROD_002,1,3500
TICKET_009063,PROD_017,1,2800
TICKET_009064,PROD_012,1,3000
TICKET_009064,PROD_011,1,2500
TICKET_009064,PROD_019,1,3200
TICKET_009065,PROD_027,1,2500
TICKET_009066,PROD_012,1,3000
TICKET_009066,PROD_024,1,3000
TICKET_009066,PROD_008,1,3200
TICKET_009067,PROD_013,1,3500
TICKET_009068,PROD_001,1,2500
TICKET_009068,PROD_003,1,4500
TICKET_009068,PROD_012,1,3000
TICKET_009069,PROD_031,1,4500
TICKET_009069,PROD_003,1,4500
TICKET_009070,PROD_021,1,3500
TICKET_009071,PROD_001,1,2500
TICKET_009071,PROD_015,1,2800
TICKET_009072,PROD_026,1,3500
TICKET_009072,PROD_004,1,4800
TICKET_009073,PROD_014,1,3800
TICKET_009074,PROD_021,1,3500
TICKET_009074,PROD_009,1,5000
TICKET_009074,PROD_034,1,6500
TICKET_009075,PROD_015,1,2800
TICKET_009076,PROD_010,1,3500
TICKET_009077,PROD_031,1,4500
TICKET_009077,PROD_003,1,4500
TICKET_009078,PROD_031,1,4500
TICKET_009078,PROD_003,1,4500
TICKET_009078,PROD_019,1,3200
TICKET_009079,PROD_002,1,3500
TICKET_009079,PROD_017,1,2800
TICKET_009080,PROD_014,1,3800
TICKET_009081,PROD_020,1,3200
TICKET_009082,PROD_003,1,4500
TICKET_009082,PROD_023,1,3500
TICKET_009083,PROD_019,1,3200
TICKET_009084,PROD_006,1,2500
TICKET_009085,PROD_019,1,3200
TICKET_009085,PROD_012,1,3000
TICKET_009085,PROD_020,1,3200
TICKET_009085,PROD_008,1,3200
TICKET_009086,PROD_021,1,3500
TICKET_009087,PROD_006,1,2500
TICKET_009088,PROD_028,2,2000
TICKET_009089,PROD_012,1,3000
TICKET_009089,PROD_019,1,3200
TICKET_009090,PROD_021,1,3500
TICKET_009091,PROD_008,1,3200
TICKET_009092,PROD_008,1,3200
TICKET_009093,PROD_012,1,3000
TICKET_009093,PROD_024,2,3000
TICKET_009093,PROD_025,1,3500
TICKET_009094,PROD_001,1,2500
TICKET_009095,PROD_028,1,2000
TICKET_009096,PROD_003,1,4500
TICKET_009097,PROD_031,1,4500
TICKET_009097,PROD_009,1,5000
TICKET_009097,PROD_012,1,3000
TICKET_009098,PROD_012,1,3000
TICKET_009098,PROD_024,1,3000
TICKET_009099,PROD_004,1,4800
TICKET_009100,PROD_010,1,3500
TICKET_009101,PROD_021,1,3500
TICKET_009101,PROD_004,1,4800
TICKET_009101,PROD_003,1,4500
TICKET_009102,PROD_023,1,3500
TICKET_009103,PROD_013,1,3500
TICKET_009104,PROD_012,1,3000
TICKET_009104,PROD_024,1,3000
TICKET_009105,PROD_012,1,3000
TICKET_009106,PROD_012,1,3000
TICKET_009107,PROD_010,1,3500
TICKET_009107,PROD_016,1,2500
TICKET_009107,PROD_013,1,3500
TICKET_009108,PROD_012,1,3000
TICKET_009109,PROD_012,1,3000
TICKET_009109,PROD_024,1,3000
TICKET_009110,PROD_001,1,2500
TICKET_009111,PROD_001,1,2500
TICKET_009111,PROD_015,1,2800
TICKET_009112,PROD_001,2,2500
TICKET_009112,PROD_003,1,4500
TICKET_009112,PROD_013,1,3500
TICKET_009113,PROD_001,1,2500
TICKET_009113,PROD_015,1,2800
TICKET_009113,PROD_026,1,3500
TICKET_009113,PROD_002,1,3500
TICKET_009114,PROD_011,1,2500
TICKET_009115,PROD_021,1,3500
TICKET_009115,PROD_009,1,5000
TICKET_009116,PROD_003,1,4500
TICKET_009116,PROD_023,1,3500
TICKET_009116,PROD_008,1,3200
TICKET_009117,PROD_018,1,2800
TICKET_009118,PROD_006,1,2500
TICKET_009118,PROD_028,1,2000
TICKET_009118,PROD_032,1,2500
TICKET_009119,PROD_003,1,4500
TICKET_009119,PROD_008,1,3200
TICKET_009120,PROD_004,1,4800
TICKET_009121,PROD_001,2,2500
TICKET_009122,PROD_035,1,7500
TICKET_009123,PROD_031,1,4500
TICKET_009123,PROD_025,1,3500
TICKET_009124,PROD_010,1,3500
TICKET_009125,PROD_010,1,3500
TICKET_009125,PROD_016,1,2500
TICKET_009126,PROD_006,1,2500
TICKET_009126,PROD_028,1,2000
TICKET_009127,PROD_031,1,4500
TICKET_009128,PROD_006,1,2500
TICKET_009129,PROD_020,1,3200
TICKET_009130,PROD_006,1,2500
TICKET_009130,PROD_028,1,2000
TICKET_009131,PROD_012,1,3000
TICKET_009131,PROD_024,1,3000
TICKET_009132,PROD_001,1,2500
TICKET_009132,PROD_015,1,2800
TICKET_009133,PROD_019,1,3200
TICKET_009134,PROD_001,1,2500
TICKET_009134,PROD_023,1,3500
TICKET_009134,PROD_017,1,2800
TICKET_009135,PROD_003,1,4500
TICKET_009135,PROD_023,1,3500
TICKET_009135,PROD_035,1,7500
TICKET_009136,PROD_019,1,3200
TICKET_009136,PROD_026,1,3500
TICKET_009137,PROD_006,1,2500
TICKET_009138,PROD_003,1,4500
TICKET_009138,PROD_028,1,2000
TICKET_009138,PROD_025,1,3500
TICKET_009139,PROD_021,1,3500
TICKET_009139,PROD_009,1,5000
TICKET_009139,PROD_035,1,7500
TICKET_009139,PROD_032,1,2500
TICKET_009140,PROD_021,1,3500
TICKET_009140,PROD_009,1,5000
TICKET_009140,PROD_002,1,3500
TICKET_009141,PROD_024,1,3000
TICKET_009141,PROD_029,1,3000
TICKET_009142,PROD_029,1,3000
TICKET_009143,PROD_019,1,3200
TICKET_009143,PROD_012,1,3000
TICKET_009144,PROD_035,1,7500
TICKET_009144,PROD_021,1,3500
TICKET_009145,PROD_006,1,2500
TICKET_009146,PROD_001,1,2500
TICKET_009146,PROD_004,1,4800
TICKET_009146,PROD_032,1,2500
TICKET_009147,PROD_010,1,3500
TICKET_009147,PROD_016,1,2500
TICKET_009147,PROD_028,1,2000
TICKET_009148,PROD_010,1,3500
TICKET_009148,PROD_016,1,2500
TICKET_009148,PROD_035,1,7500
TICKET_009149,PROD_001,1,2500
TICKET_009149,PROD_029,1,3000
TICKET_009150,PROD_021,1,3500
TICKET_009150,PROD_009,1,5000
TICKET_009151,PROD_003,1,4500
TICKET_009152,PROD_021,1,3500
TICKET_009152,PROD_009,1,5000
TICKET_009152,PROD_015,1,2800
TICKET_009153,PROD_010,1,3500
TICKET_009153,PROD_016,1,2500
TICKET_009153,PROD_012,1,3000
TICKET_009154,PROD_019,1,3200
TICKET_009154,PROD_012,1,3000
TICKET_009154,PROD_011,1,2500
TICKET_009155,PROD_002,1,3500
TICKET_009155,PROD_017,1,2800
TICKET_009156,PROD_012,1,3000
TICKET_009156,PROD_034,1,6500
TICKET_009156,PROD_013,1,3500
TICKET_009157,PROD_001,1,2500
TICKET_009158,PROD_019,1,3200
TICKET_009158,PROD_012,1,3000
TICKET_009158,PROD_017,1,2800
TICKET_009159,PROD_006,1,2500
TICKET_009159,PROD_028,1,2000
TICKET_009160,PROD_031,1,4500
TICKET_009161,PROD_021,1,3500
TICKET_009162,PROD_012,1,3000
TICKET_009163,PROD_010,1,3500
TICKET_009163,PROD_016,1,2500
TICKET_009163,PROD_017,1,2800
TICKET_009164,PROD_019,1,3200
TICKET_009164,PROD_012,2,3000
TICKET_009164,PROD_023,1,3500
TICKET_009165,PROD_001,1,2500
TICKET_009165,PROD_015,1,2800
TICKET_009165,PROD_003,1,4500
TICKET_009165,PROD_024,1,3000
TICKET_009166,PROD_002,1,3500
TICKET_009166,PROD_017,1,2800
TICKET_009166,PROD_019,1,3200
TICKET_009167,PROD_031,1,4500
TICKET_009167,PROD_003,1,4500
TICKET_009168,PROD_034,1,6500
TICKET_009168,PROD_020,1,3200
TICKET_009169,PROD_026,1,3500
TICKET_009170,PROD_012,1,3000
TICKET_009170,PROD_029,1,3000
TICKET_009170,PROD_009,1,5000
TICKET_009171,PROD_021,1,3500
TICKET_009171,PROD_009,1,5000
TICKET_009171,PROD_020,1,3200
TICKET_009172,PROD_010,1,3500
TICKET_009173,PROD_015,1,2800
TICKET_009174,PROD_031,1,4500
TICKET_009174,PROD_003,1,4500
TICKET_009175,PROD_028,1,2000
TICKET_009175,PROD_013,1,3500
TICKET_009176,PROD_001,1,2500
TICKET_009177,PROD_002,1,3500
TICKET_009177,PROD_017,1,2800
TICKET_009177,PROD_008,1,3200
TICKET_009177,PROD_032,1,2500
TICKET_009178,PROD_031,1,4500
TICKET_009178,PROD_030,1,4500
TICKET_009178,PROD_009,1,5000
TICKET_009179,PROD_031,1,4500
TICKET_009179,PROD_003,1,4500
TICKET_009179,PROD_002,2,3500
TICKET_009180,PROD_010,1,3500
TICKET_009181,PROD_021,1,3500
TICKET_009181,PROD_009,1,5000
TICKET_009182,PROD_006,1,2500
TICKET_009182,PROD_028,1,2000
TICKET_009182,PROD_034,1,6500
TICKET_009183,PROD_029,1,3000
TICKET_009183,PROD_014,1,3800
TICKET_009184,PROD_031,1,4500
TICKET_009184,PROD_003,1,4500
TICKET_009184,PROD_021,1,3500
TICKET_009185,PROD_019,1,3200
TICKET_009185,PROD_012,2,3000
TICKET_009185,PROD_026,1,3500
TICKET_009186,PROD_001,1,2500
TICKET_009186,PROD_029,1,3000
TICKET_009187,PROD_032,1,2500
TICKET_009188,PROD_003,1,4500
TICKET_009188,PROD_023,1,3500
TICKET_009188,PROD_001,1,2500
TICKET_009189,PROD_004,1,4800
TICKET_009190,PROD_002,1,3500
TICKET_009190,PROD_017,1,2800
TICKET_009191,PROD_019,1,3200
TICKET_009191,PROD_012,1,3000
TICKET_009191,PROD_018,1,2800
TICKET_009191,PROD_023,1,3500
TICKET_009192,PROD_023,1,3500
TICKET_009193,PROD_002,1,3500
TICKET_009193,PROD_017,1,2800
TICKET_009194,PROD_032,1,2500
TICKET_009195,PROD_031,1,4500
TICKET_009195,PROD_003,1,4500
TICKET_009195,PROD_016,1,2500
TICKET_009196,PROD_009,1,5000
TICKET_009197,PROD_031,1,4500
TICKET_009197,PROD_003,1,4500
TICKET_009198,PROD_035,1,7500
TICKET_009199,PROD_003,1,4500
TICKET_009199,PROD_023,1,3500
TICKET_009199,PROD_035,1,7500
TICKET_009199,PROD_024,1,3000
TICKET_009200,PROD_011,1,2500
TICKET_009200,PROD_034,1,6500
TICKET_009201,PROD_019,1,3200
TICKET_009201,PROD_012,1,3000
TICKET_009202,PROD_018,1,2800
TICKET_009203,PROD_008,1,3200
TICKET_009203,PROD_019,1,3200
TICKET_009204,PROD_004,1,4800
TICKET_009205,PROD_001,1,2500
TICKET_009205,PROD_015,1,2800
TICKET_009206,PROD_019,1,3200
TICKET_009206,PROD_012,1,3000
TICKET_009207,PROD_012,1,3000
TICKET_009207,PROD_024,1,3000
TICKET_009208,PROD_022,1,3500
TICKET_009209,PROD_025,1,3500
TICKET_009210,PROD_006,1,2500
TICKET_009211,PROD_021,1,3500
TICKET_009211,PROD_009,1,5000
TICKET_009212,PROD_031,1,4500
TICKET_009213,PROD_005,1,4000
TICKET_009214,PROD_019,1,3200
TICKET_009214,PROD_015,1,2800
TICKET_009214,PROD_026,1,3500
TICKET_009215,PROD_013,1,3500
TICKET_009216,PROD_001,1,2500
TICKET_009216,PROD_002,1,3500
TICKET_009216,PROD_026,1,3500
TICKET_009217,PROD_003,1,4500
TICKET_009217,PROD_023,1,3500
TICKET_009218,PROD_013,1,3500
TICKET_009219,PROD_021,1,3500
TICKET_009219,PROD_009,1,5000
TICKET_009220,PROD_030,1,4500
TICKET_009221,PROD_022,1,3500
TICKET_009222,PROD_019,1,3200
TICKET_009223,PROD_012,1,3000
TICKET_009223,PROD_008,1,3200
TICKET_009223,PROD_021,1,3500
TICKET_009224,PROD_015,1,2800
TICKET_009225,PROD_001,1,2500
TICKET_009226,PROD_005,1,4000
TICKET_009227,PROD_017,1,2800
TICKET_009228,PROD_012,1,3000
TICKET_009228,PROD_024,1,3000
TICKET_009228,PROD_003,1,4500
TICKET_009229,PROD_021,1,3500
TICKET_009229,PROD_009,1,5000
TICKET_009230,PROD_012,1,3000
TICKET_009231,PROD_001,1,2500
TICKET_009231,PROD_002,1,3500
TICKET_009231,PROD_018,1,2800
TICKET_009232,PROD_004,1,4800
TICKET_009233,PROD_003,1,4500
TICKET_009233,PROD_019,1,3200
TICKET_009234,PROD_019,1,3200
TICKET_009234,PROD_012,1,3000
TICKET_009234,PROD_032,1,2500
TICKET_009235,PROD_004,1,4800
TICKET_009236,PROD_006,1,2500
TICKET_009236,PROD_013,1,3500
TICKET_009236,PROD_024,1,3000
TICKET_009237,PROD_032,1,2500
TICKET_009238,PROD_006,1,2500
TICKET_009238,PROD_030,1,4500
TICKET_009238,PROD_005,1,4000
TICKET_009239,PROD_006,1,2500
TICKET_009240,PROD_003,1,4500
TICKET_009240,PROD_023,1,3500
TICKET_009241,PROD_012,1,3000
TICKET_009242,PROD_003,1,4500
TICKET_009242,PROD_023,1,3500
TICKET_009243,PROD_001,1,2500
TICKET_009244,PROD_003,1,4500
TICKET_009245,PROD_019,1,3200
TICKET_009246,PROD_035,1,7500
TICKET_009247,PROD_019,1,3200
TICKET_009247,PROD_012,1,3000
TICKET_009247,PROD_009,1,5000
TICKET_009248,PROD_029,1,3000
TICKET_009249,PROD_021,1,3500
TICKET_009249,PROD_009,1,5000
TICKET_009249,PROD_025,1,3500
TICKET_009250,PROD_031,1,4500
TICKET_009250,PROD_001,1,2500
TICKET_009251,PROD_001,1,2500
TICKET_009252,PROD_031,1,4500
TICKET_009253,PROD_033,1,1500
TICKET_009254,PROD_010,1,3500
TICKET_009255,PROD_021,1,3500
TICKET_009255,PROD_009,1,5000
TICKET_009255,PROD_018,1,2800
TICKET_009255,PROD_016,1,2500
TICKET_009256,PROD_001,1,2500
TICKET_009257,PROD_017,1,2800
TICKET_009258,PROD_021,1,3500
TICKET_009259,PROD_031,1,4500
TICKET_009260,PROD_001,1,2500
TICKET_009260,PROD_015,1,2800
TICKET_009261,PROD_006,1,2500
TICKET_009261,PROD_003,1,4500
TICKET_009262,PROD_008,1,3200
TICKET_009262,PROD_013,1,3500
TICKET_009263,PROD_010,1,3500
TICKET_009264,PROD_021,1,3500
TICKET_009264,PROD_004,1,4800
TICKET_009265,PROD_018,1,2800
TICKET_009265,PROD_002,1,3500
TICKET_009266,PROD_001,1,2500
TICKET_009267,PROD_009,1,5000
TICKET_009267,PROD_021,1,3500
TICKET_009268,PROD_012,1,3000
TICKET_009268,PROD_024,1,3000
TICKET_009269,PROD_001,2,2500
TICKET_009270,PROD_006,1,2500
TICKET_009270,PROD_012,1,3000
TICKET_009270,PROD_008,1,3200
TICKET_009271,PROD_006,1,2500
TICKET_009271,PROD_005,1,4000
TICKET_009271,PROD_025,1,3500
TICKET_009272,PROD_031,1,4500
TICKET_009273,PROD_003,1,4500
TICKET_009274,PROD_012,1,3000
TICKET_009274,PROD_024,1,3000
TICKET_009275,PROD_029,1,3000
TICKET_009276,PROD_006,1,2500
TICKET_009276,PROD_028,1,2000
TICKET_009276,PROD_004,1,4800
TICKET_009277,PROD_019,1,3200
TICKET_009277,PROD_012,1,3000
TICKET_009278,PROD_001,1,2500
TICKET_009278,PROD_015,2,2800
TICKET_009279,PROD_010,1,3500
TICKET_009279,PROD_027,1,2500
TICKET_009279,PROD_009,1,5000
TICKET_009280,PROD_009,1,5000
TICKET_009281,PROD_031,1,4500
TICKET_009281,PROD_003,1,4500
TICKET_009282,PROD_001,1,2500
TICKET_009282,PROD_015,1,2800
TICKET_009282,PROD_023,1,3500
TICKET_009283,PROD_017,1,2800
TICKET_009284,PROD_006,1,2500
TICKET_009284,PROD_010,1,3500
TICKET_009284,PROD_028,1,2000
TICKET_009285,PROD_003,1,4500
TICKET_009285,PROD_023,1,3500
TICKET_009285,PROD_034,1,6500
TICKET_009286,PROD_009,1,5000
TICKET_009287,PROD_031,1,4500
TICKET_009288,PROD_031,1,4500
TICKET_009289,PROD_032,1,2500
TICKET_009290,PROD_010,1,3500
TICKET_009290,PROD_016,1,2500
TICKET_009290,PROD_018,1,2800
TICKET_009291,PROD_001,1,2500
TICKET_009291,PROD_015,1,2800
TICKET_009292,PROD_002,1,3500
TICKET_009292,PROD_017,1,2800
TICKET_009293,PROD_023,1,3500
TICKET_009294,PROD_012,1,3000
TICKET_009294,PROD_006,1,2500
TICKET_009295,PROD_003,1,4500
TICKET_009295,PROD_001,1,2500
TICKET_009295,PROD_035,1,7500
TICKET_009296,PROD_019,1,3200
TICKET_009296,PROD_012,1,3000
TICKET_009297,PROD_032,1,2500
TICKET_009298,PROD_019,1,3200
TICKET_009298,PROD_015,1,2800
TICKET_009299,PROD_003,1,4500
TICKET_009299,PROD_012,1,3000
TICKET_009300,PROD_008,1,3200
TICKET_009300,PROD_028,1,2000
TICKET_009301,PROD_019,1,3200
TICKET_009301,PROD_012,1,3000
TICKET_009302,PROD_002,1,3500
TICKET_009302,PROD_012,1,3000
TICKET_009303,PROD_031,1,4500
TICKET_009304,PROD_021,1,3500
TICKET_009304,PROD_009,1,5000
TICKET_009304,PROD_029,1,3000
TICKET_009305,PROD_010,1,3500
TICKET_009306,PROD_033,1,1500
TICKET_009307,PROD_006,1,2500
TICKET_009308,PROD_027,1,2500
TICKET_009309,PROD_001,1,2500
TICKET_009309,PROD_015,1,2800
TICKET_009309,PROD_033,1,1500
TICKET_009310,PROD_019,1,3200
TICKET_009310,PROD_012,1,3000
TICKET_009311,PROD_003,1,4500
TICKET_009311,PROD_023,2,3500
TICKET_009312,PROD_001,2,2500
TICKET_009313,PROD_026,1,3500
TICKET_009314,PROD_001,2,2500
TICKET_009314,PROD_010,1,3500
TICKET_009315,PROD_002,1,3500
TICKET_009316,PROD_003,1,4500
TICKET_009317,PROD_012,1,3000
TICKET_009318,PROD_014,1,3800
TICKET_009319,PROD_003,1,4500
TICKET_009319,PROD_023,1,3500
TICKET_009320,PROD_001,1,2500
TICKET_009320,PROD_014,1,3800
TICKET_009321,PROD_021,1,3500
TICKET_009321,PROD_009,1,5000
TICKET_009321,PROD_008,1,3200
TICKET_009322,PROD_033,1,1500
TICKET_009323,PROD_021,1,3500
TICKET_009323,PROD_009,1,5000
TICKET_009324,PROD_006,1,2500
TICKET_009324,PROD_029,1,3000
TICKET_009325,PROD_001,1,2500
TICKET_009325,PROD_027,1,2500
TICKET_009325,PROD_034,1,6500
TICKET_009326,PROD_002,1,3500
TICKET_009326,PROD_009,1,5000
TICKET_009326,PROD_013,1,3500
TICKET_009327,PROD_005,1,4000
TICKET_009328,PROD_019,1,3200
TICKET_009328,PROD_003,1,4500
TICKET_009329,PROD_007,1,4500
TICKET_009330,PROD_013,1,3500
TICKET_009331,PROD_002,1,3500
TICKET_009332,PROD_015,1,2800
TICKET_009333,PROD_035,1,7500
TICKET_009333,PROD_029,1,3000
TICKET_009334,PROD_013,1,3500
TICKET_009335,PROD_009,1,5000
TICKET_009335,PROD_012,1,3000
TICKET_009336,PROD_002,1,3500
TICKET_009336,PROD_017,1,2800
TICKET_009336,PROD_004,1,4800
TICKET_009336,PROD_006,1,2500
TICKET_009337,PROD_004,1,4800
TICKET_009338,PROD_013,1,3500
TICKET_009339,PROD_006,1,2500
TICKET_009340,PROD_019,1,3200
TICKET_009340,PROD_012,1,3000
TICKET_009340,PROD_035,1,7500
TICKET_009340,PROD_018,1,2800
TICKET_009341,PROD_019,1,3200
TICKET_009342,PROD_016,1,2500
TICKET_009343,PROD_001,2,2500
TICKET_009343,PROD_008,1,3200
TICKET_009343,PROD_024,1,3000
TICKET_009344,PROD_019,1,3200
TICKET_009344,PROD_012,1,3000
TICKET_009345,PROD_025,1,3500
TICKET_009346,PROD_034,1,6500
TICKET_009347,PROD_001,1,2500
TICKET_009347,PROD_015,1,2800
TICKET_009347,PROD_031,1,4500
TICKET_009348,PROD_021,1,3500
TICKET_009349,PROD_011,1,2500
TICKET_009350,PROD_019,1,3200
TICKET_009350,PROD_035,1,7500
TICKET_009350,PROD_018,1,2800
TICKET_009351,PROD_035,1,7500
TICKET_009351,PROD_017,1,2800
TICKET_009352,PROD_010,1,3500
TICKET_009352,PROD_016,1,2500
TICKET_009353,PROD_002,1,3500
TICKET_009353,PROD_017,1,2800
TICKET_009354,PROD_031,1,4500
TICKET_009355,PROD_002,1,3500
TICKET_009355,PROD_017,1,2800
TICKET_009355,PROD_013,1,3500
TICKET_009356,PROD_005,1,4000
TICKET_009357,PROD_034,1,6500
TICKET_009358,PROD_002,1,3500
TICKET_009358,PROD_010,1,3500
TICKET_009359,PROD_001,1,2500
TICKET_009360,PROD_002,1,3500
TICKET_009360,PROD_017,1,2800
TICKET_009360,PROD_008,1,3200
TICKET_009360,PROD_020,1,3200
TICKET_009361,PROD_003,1,4500
TICKET_009361,PROD_023,1,3500
TICKET_009361,PROD_030,1,4500
TICKET_009362,PROD_001,1,2500
TICKET_009362,PROD_015,1,2800
TICKET_009363,PROD_021,1,3500
TICKET_009363,PROD_009,1,5000
TICKET_009364,PROD_007,1,4500
TICKET_009365,PROD_023,1,3500
TICKET_009366,PROD_031,1,4500
TICKET_009367,PROD_019,1,3200
TICKET_009368,PROD_019,1,3200
TICKET_009368,PROD_012,1,3000
TICKET_009369,PROD_025,1,3500
TICKET_009370,PROD_031,1,4500
TICKET_009370,PROD_003,1,4500
TICKET_009370,PROD_023,1,3500
TICKET_009371,PROD_031,1,4500
TICKET_009371,PROD_011,2,2500
TICKET_009372,PROD_010,1,3500
TICKET_009372,PROD_016,1,2500
TICKET_009373,PROD_031,1,4500
TICKET_009374,PROD_003,1,4500
TICKET_009374,PROD_023,1,3500
TICKET_009375,PROD_001,1,2500
TICKET_009375,PROD_031,1,4500
TICKET_009376,PROD_010,1,3500
TICKET_009376,PROD_004,1,4800
TICKET_009377,PROD_001,1,2500
TICKET_009377,PROD_015,1,2800
TICKET_009377,PROD_032,1,2500
TICKET_009378,PROD_010,1,3500
TICKET_009378,PROD_016,1,2500
TICKET_009378,PROD_017,1,2800
TICKET_009379,PROD_012,1,3000
TICKET_009379,PROD_024,1,3000
TICKET_009380,PROD_012,1,3000
TICKET_009380,PROD_024,1,3000
TICKET_009381,PROD_023,1,3500
TICKET_009381,PROD_034,1,6500
TICKET_009382,PROD_006,1,2500
TICKET_009382,PROD_021,1,3500
TICKET_009383,PROD_008,1,3200
TICKET_009383,PROD_022,1,3500
TICKET_009384,PROD_033,1,1500
TICKET_009385,PROD_003,1,4500
TICKET_009386,PROD_019,1,3200
TICKET_009386,PROD_012,1,3000
TICKET_009386,PROD_015,1,2800
TICKET_009387,PROD_011,1,2500
TICKET_009387,PROD_008,1,3200
TICKET_009388,PROD_003,1,4500
TICKET_009388,PROD_023,1,3500
TICKET_009389,PROD_002,1,3500
TICKET_009389,PROD_015,1,2800
TICKET_009389,PROD_012,1,3000
TICKET_009390,PROD_003,1,4500
TICKET_009390,PROD_023,1,3500
TICKET_009391,PROD_019,1,3200
TICKET_009391,PROD_012,1,3000
TICKET_009391,PROD_017,1,2800
TICKET_009391,PROD_029,1,3000
TICKET_009392,PROD_011,1,2500
TICKET_009393,PROD_001,1,2500
TICKET_009394,PROD_001,1,2500
TICKET_009395,PROD_010,1,3500
TICKET_009395,PROD_016,1,2500
TICKET_009395,PROD_035,1,7500
TICKET_009395,PROD_024,1,3000
TICKET_009396,PROD_030,1,4500
TICKET_009396,PROD_019,1,3200
TICKET_009397,PROD_032,1,2500
TICKET_009398,PROD_010,1,3500
TICKET_009399,PROD_004,1,4800
TICKET_009400,PROD_003,1,4500
TICKET_009400,PROD_023,1,3500
TICKET_009400,PROD_032,1,2500
TICKET_009400,PROD_019,1,3200
TICKET_009401,PROD_001,1,2500
TICKET_009402,PROD_006,1,2500
TICKET_009402,PROD_028,1,2000
TICKET_009403,PROD_019,1,3200
TICKET_009403,PROD_007,1,4500
TICKET_009404,PROD_003,1,4500
TICKET_009404,PROD_023,1,3500
TICKET_009405,PROD_012,1,3000
TICKET_009405,PROD_024,1,3000
TICKET_009406,PROD_013,1,3500
TICKET_009407,PROD_021,1,3500
TICKET_009407,PROD_034,1,6500
TICKET_009407,PROD_029,1,3000
TICKET_009408,PROD_021,1,3500
TICKET_009408,PROD_009,1,5000
TICKET_009409,PROD_016,1,2500
TICKET_009410,PROD_003,1,4500
TICKET_009410,PROD_023,1,3500
TICKET_009411,PROD_019,1,3200
TICKET_009412,PROD_010,1,3500
TICKET_009412,PROD_016,1,2500
TICKET_009412,PROD_001,1,2500
TICKET_009413,PROD_001,1,2500
TICKET_009414,PROD_026,1,3500
TICKET_009415,PROD_001,1,2500
TICKET_009415,PROD_003,1,4500
TICKET_009416,PROD_010,1,3500
TICKET_009416,PROD_016,1,2500
TICKET_009417,PROD_021,1,3500
TICKET_009418,PROD_031,1,4500
TICKET_009418,PROD_003,1,4500
TICKET_009418,PROD_013,1,3500
TICKET_009419,PROD_031,1,4500
TICKET_009420,PROD_031,1,4500
TICKET_009421,PROD_006,1,2500
TICKET_009422,PROD_001,1,2500
TICKET_009422,PROD_005,1,4000
TICKET_009423,PROD_020,1,3200
TICKET_009423,PROD_004,1,4800
TICKET_009424,PROD_035,1,7500
TICKET_009425,PROD_034,1,6500
TICKET_009425,PROD_031,1,4500
TICKET_009426,PROD_006,1,2500
TICKET_009426,PROD_024,1,3000
TICKET_009426,PROD_008,1,3200
TICKET_009427,PROD_001,1,2500
TICKET_009428,PROD_019,1,3200
TICKET_009429,PROD_031,1,4500
TICKET_009430,PROD_018,1,2800
TICKET_009431,PROD_009,1,5000
TICKET_009432,PROD_031,1,4500
TICKET_009432,PROD_003,1,4500
TICKET_009433,PROD_021,1,3500
TICKET_009433,PROD_009,1,5000
TICKET_009433,PROD_012,1,3000
TICKET_009434,PROD_017,1,2800
TICKET_009435,PROD_014,1,3800
TICKET_009436,PROD_011,1,2500
TICKET_009437,PROD_021,1,3500
TICKET_009437,PROD_009,1,5000
TICKET_009438,PROD_008,1,3200
TICKET_009438,PROD_027,1,2500
TICKET_009439,PROD_019,1,3200
TICKET_009439,PROD_012,2,3000
TICKET_009440,PROD_006,1,2500
TICKET_009441,PROD_014,1,3800
TICKET_009442,PROD_035,1,7500
TICKET_009443,PROD_031,1,4500
TICKET_009443,PROD_003,1,4500
TICKET_009443,PROD_009,1,5000
TICKET_009444,PROD_010,1,3500
TICKET_009444,PROD_016,1,2500
TICKET_009444,PROD_017,1,2800
TICKET_009445,PROD_012,1,3000
TICKET_009445,PROD_008,1,3200
TICKET_009446,PROD_021,1,3500
TICKET_009446,PROD_009,1,5000
TICKET_009447,PROD_005,1,4000
TICKET_009447,PROD_023,1,3500
TICKET_009448,PROD_029,1,3000
TICKET_009448,PROD_009,1,5000
TICKET_009449,PROD_019,1,3200
TICKET_009450,PROD_012,1,3000
TICKET_009450,PROD_024,1,3000
TICKET_009450,PROD_010,1,3500
TICKET_009450,PROD_023,1,3500
TICKET_009451,PROD_001,1,2500
TICKET_009451,PROD_015,1,2800
TICKET_009451,PROD_033,2,1500
TICKET_009452,PROD_031,1,4500
TICKET_009452,PROD_003,1,4500
TICKET_009453,PROD_010,1,3500
TICKET_009453,PROD_016,1,2500
TICKET_009454,PROD_011,1,2500
TICKET_009455,PROD_021,1,3500
TICKET_009456,PROD_003,1,4500
TICKET_009456,PROD_033,1,1500
TICKET_009457,PROD_006,1,2500
TICKET_009458,PROD_021,1,3500
TICKET_009458,PROD_009,1,5000
TICKET_009458,PROD_018,1,2800
TICKET_009458,PROD_022,1,3500
TICKET_009459,PROD_028,1,2000
TICKET_009460,PROD_001,1,2500
TICKET_009460,PROD_015,1,2800
TICKET_009461,PROD_019,1,3200
TICKET_009461,PROD_012,1,3000
TICKET_009461,PROD_028,1,2000
TICKET_009461,PROD_013,1,3500
TICKET_009462,PROD_008,1,3200
TICKET_009463,PROD_007,1,4500
TICKET_009464,PROD_031,1,4500
TICKET_009464,PROD_003,1,4500
TICKET_009464,PROD_002,1,3500
TICKET_009465,PROD_030,1,4500
TICKET_009466,PROD_029,1,3000
TICKET_009467,PROD_003,1,4500
TICKET_009468,PROD_010,1,3500
TICKET_009469,PROD_027,1,2500
TICKET_009470,PROD_031,1,4500
TICKET_009470,PROD_003,1,4500
TICKET_009471,PROD_031,1,4500
TICKET_009472,PROD_025,1,3500
TICKET_009473,PROD_019,1,3200
TICKET_009473,PROD_012,1,3000
TICKET_009473,PROD_009,1,5000
TICKET_009473,PROD_034,1,6500
TICKET_009474,PROD_031,1,4500
TICKET_009474,PROD_003,1,4500
TICKET_009475,PROD_003,1,4500
TICKET_009475,PROD_023,1,3500
TICKET_009476,PROD_010,1,3500
TICKET_009476,PROD_016,1,2500
TICKET_009477,PROD_001,3,2500
TICKET_009477,PROD_008,1,3200
TICKET_009478,PROD_021,1,3500
TICKET_009479,PROD_031,1,4500
TICKET_009480,PROD_023,1,3500
TICKET_009481,PROD_021,1,3500
TICKET_009481,PROD_009,1,5000
TICKET_009482,PROD_021,1,3500
TICKET_009483,PROD_012,1,3000
TICKET_009483,PROD_035,1,7500
TICKET_009483,PROD_027,1,2500
TICKET_009484,PROD_010,1,3500
TICKET_009485,PROD_001,1,2500
TICKET_009485,PROD_008,1,3200
TICKET_009486,PROD_015,1,2800
TICKET_009486,PROD_003,1,4500
TICKET_009487,PROD_001,1,2500
TICKET_009487,PROD_015,1,2800
TICKET_009487,PROD_031,1,4500
TICKET_009488,PROD_006,1,2500
TICKET_009488,PROD_028,1,2000
TICKET_009489,PROD_006,1,2500
TICKET_009490,PROD_010,1,3500
TICKET_009491,PROD_001,2,2500
TICKET_009491,PROD_031,1,4500
TICKET_009491,PROD_021,1,3500
TICKET_009492,PROD_006,1,2500
TICKET_009493,PROD_006,1,2500
TICKET_009494,PROD_006,1,2500
TICKET_009494,PROD_028,1,2000
TICKET_009495,PROD_002,1,3500
TICKET_009496,PROD_006,2,2500
TICKET_009497,PROD_010,1,3500
TICKET_009497,PROD_006,1,2500
TICKET_009498,PROD_001,1,2500
TICKET_009498,PROD_034,1,6500
TICKET_009499,PROD_003,1,4500
TICKET_009499,PROD_023,1,3500
TICKET_009499,PROD_012,1,3000
TICKET_009500,PROD_017,1,2800
TICKET_009501,PROD_027,1,2500
TICKET_009502,PROD_025,1,3500
TICKET_009503,PROD_002,1,3500
TICKET_009503,PROD_014,1,3800
TICKET_009504,PROD_002,1,3500
TICKET_009504,PROD_025,1,3500
TICKET_009505,PROD_027,1,2500
TICKET_009506,PROD_002,1,3500
TICKET_009506,PROD_025,1,3500
TICKET_009507,PROD_035,1,7500
TICKET_009507,PROD_017,1,2800
TICKET_009508,PROD_001,1,2500
TICKET_009508,PROD_034,1,6500
TICKET_009509,PROD_001,1,2500
TICKET_009509,PROD_019,1,3200
TICKET_009510,PROD_003,1,4500
TICKET_009511,PROD_006,1,2500
TICKET_009512,PROD_007,1,4500
TICKET_009513,PROD_031,1,4500
TICKET_009514,PROD_029,1,3000
TICKET_009514,PROD_016,1,2500
TICKET_009515,PROD_002,1,3500
TICKET_009515,PROD_017,1,2800
TICKET_009515,PROD_034,1,6500
TICKET_009516,PROD_012,1,3000
TICKET_009517,PROD_001,1,2500
TICKET_009517,PROD_015,1,2800
TICKET_009517,PROD_035,1,7500
TICKET_009518,PROD_006,1,2500
TICKET_009519,PROD_006,1,2500
TICKET_009519,PROD_028,1,2000
TICKET_009519,PROD_021,1,3500
TICKET_009520,PROD_012,1,3000
TICKET_009521,PROD_001,1,2500
TICKET_009522,PROD_001,1,2500
TICKET_009522,PROD_015,1,2800
TICKET_009522,PROD_024,1,3000
TICKET_009523,PROD_012,1,3000
TICKET_009523,PROD_024,1,3000
TICKET_009524,PROD_003,1,4500
TICKET_009524,PROD_026,1,3500
TICKET_009525,PROD_021,1,3500
TICKET_009525,PROD_009,1,5000
TICKET_009525,PROD_010,2,3500
TICKET_009526,PROD_003,1,4500
TICKET_009526,PROD_023,1,3500
TICKET_009527,PROD_021,1,3500
TICKET_009527,PROD_009,1,5000
TICKET_009528,PROD_031,1,4500
TICKET_009528,PROD_008,1,3200
TICKET_009529,PROD_006,1,2500
TICKET_009529,PROD_028,1,2000
TICKET_009529,PROD_034,1,6500
TICKET_009530,PROD_004,1,4800
TICKET_009531,PROD_013,1,3500
TICKET_009532,PROD_031,1,4500
TICKET_009533,PROD_027,1,2500
TICKET_009534,PROD_003,1,4500
TICKET_009535,PROD_002,1,3500
TICKET_009536,PROD_001,1,2500
TICKET_009536,PROD_035,1,7500
TICKET_009537,PROD_013,1,3500
TICKET_009538,PROD_019,1,3200
TICKET_009538,PROD_012,1,3000
TICKET_009538,PROD_033,1,1500
TICKET_009539,PROD_006,1,2500
TICKET_009539,PROD_002,1,3500
TICKET_009539,PROD_009,1,5000
TICKET_009540,PROD_032,1,2500
TICKET_009541,PROD_010,1,3500
TICKET_009541,PROD_016,1,2500
TICKET_009541,PROD_011,1,2500
TICKET_009542,PROD_021,1,3500
TICKET_009543,PROD_012,1,3000
TICKET_009544,PROD_010,1,3500
TICKET_009544,PROD_016,1,2500
TICKET_009544,PROD_018,1,2800
TICKET_009545,PROD_018,1,2800
TICKET_009546,PROD_019,1,3200
TICKET_009546,PROD_012,1,3000
TICKET_009547,PROD_001,1,2500
TICKET_009547,PROD_015,1,2800
TICKET_009548,PROD_002,1,3500
TICKET_009549,PROD_002,1,3500
TICKET_009550,PROD_006,1,2500
TICKET_009550,PROD_035,1,7500
TICKET_009550,PROD_034,1,6500
TICKET_009551,PROD_034,1,6500
TICKET_009552,PROD_008,1,3200
TICKET_009553,PROD_031,1,4500
TICKET_009554,PROD_002,1,3500
TICKET_009554,PROD_017,1,2800
TICKET_009554,PROD_009,1,5000
TICKET_009554,PROD_024,1,3000
TICKET_009555,PROD_012,1,3000
TICKET_009556,PROD_001,2,2500
TICKET_009556,PROD_008,1,3200
TICKET_009557,PROD_002,2,3500
TICKET_009557,PROD_017,1,2800
TICKET_009557,PROD_020,1,3200
TICKET_009558,PROD_002,1,3500
TICKET_009558,PROD_017,1,2800
TICKET_009558,PROD_031,1,4500
TICKET_009558,PROD_004,1,4800
TICKET_009559,PROD_021,1,3500
TICKET_009560,PROD_003,1,4500
TICKET_009560,PROD_023,1,3500
TICKET_009561,PROD_001,1,2500
TICKET_009562,PROD_021,1,3500
TICKET_009562,PROD_009,1,5000
TICKET_009562,PROD_004,1,4800
TICKET_009563,PROD_003,1,4500
TICKET_009563,PROD_023,1,3500
TICKET_009564,PROD_001,1,2500
TICKET_009564,PROD_032,1,2500
TICKET_009565,PROD_013,1,3500
TICKET_009566,PROD_010,1,3500
TICKET_009567,PROD_009,1,5000
TICKET_009567,PROD_015,1,2800
TICKET_009568,PROD_019,1,3200
TICKET_009568,PROD_012,1,3000
TICKET_009568,PROD_028,1,2000
TICKET_009568,PROD_034,1,6500
TICKET_009569,PROD_015,1,2800
TICKET_009570,PROD_014,1,3800
TICKET_009571,PROD_019,1,3200
TICKET_009571,PROD_012,1,3000
TICKET_009571,PROD_031,1,4500
TICKET_009572,PROD_016,1,2500
TICKET_009573,PROD_020,1,3200
TICKET_009573,PROD_005,1,4000
TICKET_009574,PROD_019,1,3200
TICKET_009574,PROD_034,1,6500
TICKET_009575,PROD_021,1,3500
TICKET_009575,PROD_009,1,5000
TICKET_009575,PROD_034,1,6500
TICKET_009576,PROD_010,1,3500
TICKET_009576,PROD_031,1,4500
TICKET_009577,PROD_022,1,3500
TICKET_009578,PROD_003,1,4500
TICKET_009578,PROD_023,2,3500
TICKET_009579,PROD_010,1,3500
TICKET_009579,PROD_016,1,2500
TICKET_009580,PROD_002,1,3500
TICKET_009580,PROD_017,1,2800
TICKET_009580,PROD_020,1,3200
TICKET_009580,PROD_018,1,2800
TICKET_009581,PROD_031,1,4500
TICKET_009581,PROD_029,1,3000
TICKET_009582,PROD_033,1,1500
TICKET_009583,PROD_021,1,3500
TICKET_009583,PROD_008,1,3200
TICKET_009584,PROD_012,1,3000
TICKET_009584,PROD_024,1,3000
TICKET_009584,PROD_018,1,2800
TICKET_009585,PROD_033,1,1500
TICKET_009586,PROD_020,1,3200
TICKET_009587,PROD_031,1,4500
TICKET_009587,PROD_003,1,4500
TICKET_009588,PROD_018,1,2800
TICKET_009589,PROD_001,1,2500
TICKET_009590,PROD_022,1,3500
TICKET_009591,PROD_002,1,3500
TICKET_009591,PROD_017,1,2800
TICKET_009592,PROD_014,1,3800
TICKET_009593,PROD_010,1,3500
TICKET_009593,PROD_016,1,2500
TICKET_009593,PROD_025,1,3500
TICKET_009594,PROD_010,1,3500
TICKET_009595,PROD_003,1,4500
TICKET_009596,PROD_012,1,3000
TICKET_009596,PROD_019,1,3200
TICKET_009597,PROD_024,1,3000
TICKET_009598,PROD_009,1,5000
TICKET_009599,PROD_013,1,3500
TICKET_009599,PROD_028,1,2000
TICKET_009600,PROD_012,1,3000
TICKET_009601,PROD_003,1,4500
TICKET_009601,PROD_023,1,3500
TICKET_009602,PROD_027,1,2500
TICKET_009603,PROD_021,1,3500
TICKET_009604,PROD_035,1,7500
TICKET_009605,PROD_001,2,2500
TICKET_009605,PROD_022,1,3500
TICKET_009605,PROD_002,1,3500
TICKET_009606,PROD_034,1,6500
TICKET_009607,PROD_031,1,4500
TICKET_009607,PROD_015,1,2800
TICKET_009608,PROD_018,1,2800
TICKET_009609,PROD_003,1,4500
TICKET_009609,PROD_023,1,3500
TICKET_009609,PROD_018,1,2800
TICKET_009609,PROD_029,1,3000
TICKET_009610,PROD_003,1,4500
TICKET_009610,PROD_002,1,3500
TICKET_009610,PROD_014,1,3800
TICKET_009611,PROD_025,1,3500
TICKET_009612,PROD_008,1,3200
TICKET_009612,PROD_034,1,6500
TICKET_009613,PROD_010,1,3500
TICKET_009613,PROD_016,1,2500
TICKET_009614,PROD_016,1,2500
TICKET_009615,PROD_002,1,3500
TICKET_009616,PROD_033,1,1500
TICKET_009617,PROD_012,1,3000
TICKET_009618,PROD_006,1,2500
TICKET_009618,PROD_028,1,2000
TICKET_009619,PROD_021,1,3500
TICKET_009619,PROD_010,1,3500
TICKET_009620,PROD_019,1,3200
TICKET_009620,PROD_012,1,3000
TICKET_009620,PROD_026,1,3500
TICKET_009621,PROD_010,1,3500
TICKET_009621,PROD_016,1,2500
TICKET_009622,PROD_019,1,3200
TICKET_009622,PROD_034,1,6500
TICKET_009622,PROD_002,1,3500
TICKET_009623,PROD_002,1,3500
TICKET_009623,PROD_019,1,3200
TICKET_009624,PROD_009,1,5000
TICKET_009625,PROD_010,1,3500
TICKET_009625,PROD_016,1,2500
TICKET_009626,PROD_032,1,2500
TICKET_009627,PROD_026,1,3500
TICKET_009628,PROD_021,1,3500
TICKET_009628,PROD_034,1,6500
TICKET_009628,PROD_015,1,2800
TICKET_009629,PROD_001,1,2500
TICKET_009629,PROD_015,1,2800
TICKET_009629,PROD_034,1,6500
TICKET_009630,PROD_016,1,2500
TICKET_009630,PROD_021,1,3500
TICKET_009631,PROD_003,1,4500
TICKET_009631,PROD_023,1,3500
TICKET_009632,PROD_011,1,2500
TICKET_009633,PROD_001,2,2500
TICKET_009633,PROD_033,1,1500
TICKET_009633,PROD_012,1,3000
TICKET_009634,PROD_034,1,6500
TICKET_009635,PROD_002,1,3500
TICKET_009635,PROD_017,1,2800
TICKET_009635,PROD_013,1,3500
TICKET_009635,PROD_012,1,3000
TICKET_009636,PROD_012,1,3000
TICKET_009636,PROD_024,1,3000
TICKET_009637,PROD_003,1,4500
TICKET_009637,PROD_023,1,3500
TICKET_009637,PROD_031,1,4500
TICKET_009637,PROD_002,1,3500
TICKET_009638,PROD_001,1,2500
TICKET_009638,PROD_015,1,2800
TICKET_009638,PROD_007,1,4500
TICKET_009638,PROD_034,1,6500
TICKET_009639,PROD_002,1,3500
TICKET_009639,PROD_017,1,2800
TICKET_009640,PROD_021,1,3500
TICKET_009640,PROD_009,1,5000
TICKET_009641,PROD_010,2,3500
TICKET_009641,PROD_003,1,4500
TICKET_009642,PROD_019,1,3200
TICKET_009643,PROD_035,1,7500
TICKET_009643,PROD_002,1,3500
TICKET_009644,PROD_021,1,3500
TICKET_009645,PROD_026,1,3500
TICKET_009646,PROD_001,1,2500
TICKET_009646,PROD_003,1,4500
TICKET_009647,PROD_026,1,3500
TICKET_009648,PROD_012,1,3000
TICKET_009648,PROD_024,1,3000
TICKET_009649,PROD_015,1,2800
TICKET_009650,PROD_028,1,2000
TICKET_009651,PROD_003,1,4500
TICKET_009651,PROD_023,1,3500
TICKET_009652,PROD_002,1,3500
TICKET_009652,PROD_017,1,2800
TICKET_009652,PROD_014,2,3800
TICKET_009653,PROD_019,1,3200
TICKET_009653,PROD_021,1,3500
TICKET_009654,PROD_006,1,2500
TICKET_009655,PROD_030,1,4500
TICKET_009655,PROD_004,1,4800
TICKET_009656,PROD_002,1,3500
TICKET_009656,PROD_017,1,2800
TICKET_009657,PROD_003,1,4500
TICKET_009657,PROD_009,1,5000
TICKET_009658,PROD_031,1,4500
TICKET_009658,PROD_003,1,4500
TICKET_009659,PROD_006,1,2500
TICKET_009660,PROD_010,1,3500
TICKET_009660,PROD_008,1,3200
TICKET_009660,PROD_015,1,2800
TICKET_009661,PROD_031,1,4500
TICKET_009662,PROD_012,1,3000
TICKET_009663,PROD_006,1,2500
TICKET_009663,PROD_032,1,2500
TICKET_009664,PROD_003,1,4500
TICKET_009664,PROD_023,1,3500
TICKET_009664,PROD_034,1,6500
TICKET_009665,PROD_021,1,3500
TICKET_009665,PROD_009,1,5000
TICKET_009666,PROD_002,1,3500
TICKET_009666,PROD_023,1,3500
TICKET_009667,PROD_021,1,3500
TICKET_009667,PROD_009,1,5000
TICKET_009667,PROD_018,1,2800
TICKET_009668,PROD_001,1,2500
TICKET_009668,PROD_025,1,3500
TICKET_009668,PROD_003,1,4500
TICKET_009669,PROD_001,1,2500
TICKET_009669,PROD_015,1,2800
TICKET_009670,PROD_029,1,3000
TICKET_009671,PROD_012,1,3000
TICKET_009671,PROD_024,1,3000
TICKET_009672,PROD_001,2,2500
TICKET_009672,PROD_015,1,2800
TICKET_009673,PROD_001,1,2500
TICKET_009673,PROD_013,1,3500
TICKET_009674,PROD_003,1,4500
TICKET_009674,PROD_023,1,3500
TICKET_009674,PROD_029,1,3000
TICKET_009675,PROD_003,1,4500
TICKET_009676,PROD_008,1,3200
TICKET_009677,PROD_007,1,4500
TICKET_009678,PROD_012,1,3000
TICKET_009678,PROD_018,1,2800
TICKET_009679,PROD_012,1,3000
TICKET_009679,PROD_024,1,3000
TICKET_009680,PROD_001,1,2500
TICKET_009681,PROD_001,1,2500
TICKET_009682,PROD_019,1,3200
TICKET_009682,PROD_012,1,3000
TICKET_009683,PROD_002,1,3500
TICKET_009683,PROD_017,1,2800
TICKET_009683,PROD_009,1,5000
TICKET_009684,PROD_010,1,3500
TICKET_009685,PROD_016,1,2500
TICKET_009686,PROD_010,1,3500
TICKET_009687,PROD_017,1,2800
TICKET_009688,PROD_001,1,2500
TICKET_009688,PROD_015,1,2800
TICKET_009688,PROD_021,1,3500
TICKET_009689,PROD_007,1,4500
TICKET_009689,PROD_024,1,3000
TICKET_009690,PROD_015,1,2800
TICKET_009691,PROD_008,1,3200
TICKET_009692,PROD_012,1,3000
TICKET_009692,PROD_035,1,7500
TICKET_009693,PROD_015,1,2800
TICKET_009694,PROD_034,1,6500
TICKET_009695,PROD_001,1,2500
TICKET_009696,PROD_035,1,7500
TICKET_009696,PROD_010,1,3500
TICKET_009697,PROD_031,1,4500
TICKET_009697,PROD_003,1,4500
TICKET_009697,PROD_010,1,3500
TICKET_009698,PROD_002,1,3500
TICKET_009698,PROD_017,1,2800
TICKET_009699,PROD_006,1,2500
TICKET_009699,PROD_018,1,2800
TICKET_009699,PROD_031,1,4500
TICKET_009700,PROD_007,1,4500
TICKET_009701,PROD_031,1,4500
TICKET_009701,PROD_003,1,4500
TICKET_009701,PROD_012,1,3000
TICKET_009702,PROD_001,1,2500
TICKET_009703,PROD_021,1,3500
TICKET_009703,PROD_011,1,2500
TICKET_009704,PROD_019,1,3200
TICKET_009704,PROD_012,1,3000
TICKET_009704,PROD_015,1,2800
TICKET_009704,PROD_035,1,7500
TICKET_009705,PROD_001,2,2500
TICKET_009705,PROD_010,1,3500
TICKET_009706,PROD_002,1,3500
TICKET_009706,PROD_017,1,2800
TICKET_009706,PROD_023,1,3500
TICKET_009707,PROD_021,2,3500
TICKET_009707,PROD_009,1,5000
TICKET_009708,PROD_026,1,3500
TICKET_009708,PROD_034,1,6500
TICKET_009709,PROD_013,1,3500
TICKET_009710,PROD_001,1,2500
TICKET_009710,PROD_015,1,2800
TICKET_009710,PROD_033,1,1500
TICKET_009711,PROD_010,1,3500
TICKET_009711,PROD_016,1,2500
TICKET_009711,PROD_029,1,3000
TICKET_009712,PROD_031,1,4500
TICKET_009712,PROD_002,1,3500
TICKET_009713,PROD_031,1,4500
TICKET_009713,PROD_003,1,4500
TICKET_009714,PROD_021,2,3500
TICKET_009714,PROD_017,1,2800
TICKET_009715,PROD_026,1,3500
TICKET_009716,PROD_031,1,4500
TICKET_009717,PROD_034,1,6500
TICKET_009717,PROD_018,1,2800
TICKET_009718,PROD_021,1,3500
TICKET_009718,PROD_009,1,5000
TICKET_009718,PROD_029,1,3000
TICKET_009718,PROD_023,1,3500
TICKET_009719,PROD_009,1,5000
TICKET_009720,PROD_006,1,2500
TICKET_009720,PROD_031,1,4500
TICKET_009721,PROD_019,1,3200
TICKET_009721,PROD_012,1,3000
TICKET_009722,PROD_029,1,3000
TICKET_009722,PROD_009,1,5000
TICKET_009723,PROD_001,2,2500
TICKET_009724,PROD_031,1,4500
TICKET_009724,PROD_003,1,4500
TICKET_009724,PROD_013,1,3500
TICKET_009725,PROD_010,1,3500
TICKET_009725,PROD_026,1,3500
TICKET_009725,PROD_002,1,3500
TICKET_009726,PROD_003,1,4500
TICKET_009726,PROD_023,1,3500
TICKET_009727,PROD_019,1,3200
TICKET_009728,PROD_002,1,3500
TICKET_009729,PROD_001,1,2500
TICKET_009729,PROD_015,1,2800
TICKET_009730,PROD_031,1,4500
TICKET_009731,PROD_009,1,5000
TICKET_009732,PROD_021,1,3500
TICKET_009732,PROD_031,1,4500
TICKET_009733,PROD_001,1,2500
TICKET_009733,PROD_024,1,3000
TICKET_009733,PROD_035,1,7500
TICKET_009734,PROD_001,1,2500
TICKET_009735,PROD_021,1,3500
TICKET_009735,PROD_009,1,5000
TICKET_009736,PROD_031,1,4500
TICKET_009736,PROD_003,1,4500
TICKET_009736,PROD_002,1,3500
TICKET_009736,PROD_028,1,2000
TICKET_009737,PROD_001,1,2500
TICKET_009737,PROD_015,1,2800
TICKET_009737,PROD_017,1,2800
TICKET_009738,PROD_021,1,3500
TICKET_009738,PROD_009,1,5000
TICKET_009739,PROD_012,1,3000
TICKET_009740,PROD_011,1,2500
TICKET_009741,PROD_010,1,3500
TICKET_009741,PROD_016,1,2500
TICKET_009742,PROD_019,1,3200
TICKET_009742,PROD_012,1,3000
TICKET_009743,PROD_001,1,2500
TICKET_009743,PROD_002,1,3500
TICKET_009744,PROD_016,1,2500
TICKET_009745,PROD_023,1,3500
TICKET_009746,PROD_031,1,4500
TICKET_009746,PROD_003,1,4500
TICKET_009747,PROD_017,1,2800
TICKET_009748,PROD_019,1,3200
TICKET_009748,PROD_012,1,3000
TICKET_009749,PROD_002,1,3500
TICKET_009749,PROD_028,1,2000
TICKET_009750,PROD_002,1,3500
TICKET_009750,PROD_017,1,2800
TICKET_009751,PROD_021,1,3500
TICKET_009751,PROD_009,1,5000
TICKET_009752,PROD_001,1,2500
TICKET_009753,PROD_010,1,3500
TICKET_009753,PROD_016,1,2500
TICKET_009753,PROD_034,1,6500
TICKET_009754,PROD_003,1,4500
TICKET_009754,PROD_023,1,3500
TICKET_009754,PROD_033,1,1500
TICKET_009755,PROD_013,1,3500
TICKET_009756,PROD_008,1,3200
TICKET_009756,PROD_004,1,4800
TICKET_009757,PROD_005,1,4000
TICKET_009758,PROD_012,1,3000
TICKET_009758,PROD_024,1,3000
TICKET_009758,PROD_010,1,3500
TICKET_009758,PROD_022,1,3500
TICKET_009759,PROD_029,1,3000
TICKET_009760,PROD_007,1,4500
TICKET_009761,PROD_010,1,3500
TICKET_009761,PROD_016,1,2500
TICKET_009762,PROD_010,1,3500
TICKET_009762,PROD_016,1,2500
TICKET_009763,PROD_002,1,3500
TICKET_009763,PROD_017,1,2800
TICKET_009763,PROD_035,1,7500
TICKET_009763,PROD_010,1,3500
TICKET_009764,PROD_031,1,4500
TICKET_009764,PROD_034,1,6500
TICKET_009765,PROD_001,1,2500
TICKET_009766,PROD_003,1,4500
TICKET_009766,PROD_023,1,3500
TICKET_009766,PROD_027,1,2500
TICKET_009767,PROD_027,1,2500
TICKET_009768,PROD_035,1,7500
TICKET_009769,PROD_035,1,7500
TICKET_009770,PROD_020,1,3200
TICKET_009770,PROD_010,1,3500
TICKET_009771,PROD_001,1,2500
TICKET_009771,PROD_015,1,2800
TICKET_009772,PROD_019,1,3200
TICKET_009773,PROD_031,1,4500
TICKET_009774,PROD_034,1,6500
TICKET_009775,PROD_019,1,3200
TICKET_009776,PROD_006,1,2500
TICKET_009776,PROD_028,2,2000
TICKET_009777,PROD_019,1,3200
TICKET_009777,PROD_012,1,3000
TICKET_009778,PROD_021,1,3500
TICKET_009778,PROD_009,1,5000
TICKET_009779,PROD_005,1,4000
TICKET_009780,PROD_001,1,2500
TICKET_009780,PROD_015,1,2800
TICKET_009781,PROD_031,1,4500
TICKET_009782,PROD_019,1,3200
TICKET_009783,PROD_002,1,3500
TICKET_009783,PROD_017,1,2800
TICKET_009783,PROD_011,1,2500
TICKET_009783,PROD_026,1,3500
TICKET_009784,PROD_012,1,3000
TICKET_009784,PROD_024,1,3000
TICKET_009785,PROD_002,1,3500
TICKET_009785,PROD_017,1,2800
TICKET_009785,PROD_032,1,2500
TICKET_009786,PROD_018,1,2800
TICKET_009786,PROD_009,1,5000
TICKET_009787,PROD_032,1,2500
TICKET_009788,PROD_034,1,6500
TICKET_009789,PROD_002,1,3500
TICKET_009789,PROD_017,1,2800
TICKET_009789,PROD_007,1,4500
TICKET_009790,PROD_031,1,4500
TICKET_009791,PROD_034,1,6500
TICKET_009791,PROD_024,1,3000
TICKET_009792,PROD_019,1,3200
TICKET_009792,PROD_002,1,3500
TICKET_009793,PROD_006,1,2500
TICKET_009793,PROD_028,1,2000
TICKET_009793,PROD_012,1,3000
TICKET_009793,PROD_023,1,3500
TICKET_009794,PROD_013,1,3500
TICKET_009795,PROD_012,1,3000
TICKET_009795,PROD_024,1,3000
TICKET_009795,PROD_035,1,7500
TICKET_009795,PROD_017,1,2800
TICKET_009796,PROD_001,1,2500
TICKET_009796,PROD_015,1,2800
TICKET_009797,PROD_026,1,3500
TICKET_009798,PROD_017,1,2800
TICKET_009799,PROD_006,1,2500
TICKET_009799,PROD_028,1,2000
TICKET_009800,PROD_010,1,3500
TICKET_009801,PROD_012,1,3000
TICKET_009801,PROD_024,1,3000
TICKET_009801,PROD_008,1,3200
TICKET_009802,PROD_003,1,4500
TICKET_009802,PROD_023,1,3500
TICKET_009802,PROD_013,1,3500
TICKET_009802,PROD_026,1,3500
TICKET_009803,PROD_003,1,4500
TICKET_009803,PROD_023,1,3500
TICKET_009804,PROD_005,1,4000
TICKET_009805,PROD_024,1,3000
TICKET_009805,PROD_011,1,2500
TICKET_009806,PROD_003,1,4500
TICKET_009807,PROD_010,1,3500
TICKET_009808,PROD_024,1,3000
TICKET_009809,PROD_010,1,3500
TICKET_009809,PROD_016,1,2500
TICKET_009809,PROD_018,1,2800
TICKET_009810,PROD_031,1,4500
TICKET_009810,PROD_003,1,4500
TICKET_009810,PROD_006,1,2500
TICKET_009810,PROD_024,1,3000
TICKET_009811,PROD_012,1,3000
TICKET_009811,PROD_014,1,3800
TICKET_009811,PROD_033,1,1500
TICKET_009812,PROD_001,1,2500
TICKET_009812,PROD_015,1,2800
TICKET_009813,PROD_003,1,4500
TICKET_009813,PROD_023,1,3500
TICKET_009813,PROD_013,1,3500
TICKET_009814,PROD_001,1,2500
TICKET_009814,PROD_015,1,2800
TICKET_009815,PROD_001,2,2500
TICKET_009815,PROD_011,1,2500
TICKET_009816,PROD_019,1,3200
TICKET_009816,PROD_012,1,3000
TICKET_009816,PROD_026,1,3500
TICKET_009816,PROD_015,1,2800
TICKET_009817,PROD_020,1,3200
TICKET_009818,PROD_003,1,4500
TICKET_009819,PROD_006,1,2500
TICKET_009819,PROD_012,1,3000
TICKET_009819,PROD_023,1,3500
TICKET_009820,PROD_017,1,2800
TICKET_009821,PROD_006,1,2500
TICKET_009822,PROD_019,1,3200
TICKET_009822,PROD_012,1,3000
TICKET_009822,PROD_020,1,3200
TICKET_009823,PROD_006,1,2500
TICKET_009823,PROD_028,1,2000
TICKET_009824,PROD_001,2,2500
TICKET_009824,PROD_021,1,3500
TICKET_009825,PROD_021,1,3500
TICKET_009825,PROD_009,1,5000
TICKET_009825,PROD_006,1,2500
TICKET_009826,PROD_003,1,4500
TICKET_009827,PROD_001,1,2500
TICKET_009828,PROD_001,2,2500
TICKET_009829,PROD_016,1,2500
TICKET_009830,PROD_021,1,3500
TICKET_009830,PROD_031,1,4500
TICKET_009831,PROD_003,1,4500
TICKET_009831,PROD_023,1,3500
TICKET_009831,PROD_025,1,3500
TICKET_009832,PROD_010,1,3500
TICKET_009833,PROD_031,1,4500
TICKET_009833,PROD_003,1,4500
TICKET_009834,PROD_031,1,4500
TICKET_009834,PROD_028,1,2000
TICKET_009835,PROD_009,1,5000
TICKET_009836,PROD_012,1,3000
TICKET_009836,PROD_020,1,3200
TICKET_009837,PROD_031,1,4500
TICKET_009837,PROD_003,1,4500
TICKET_009838,PROD_031,1,4500
TICKET_009839,PROD_031,1,4500
TICKET_009840,PROD_003,1,4500
TICKET_009840,PROD_010,2,3500
TICKET_009841,PROD_002,1,3500
TICKET_009841,PROD_017,1,2800
TICKET_009842,PROD_011,1,2500
TICKET_009843,PROD_006,1,2500
TICKET_009844,PROD_012,1,3000
TICKET_009844,PROD_024,1,3000
TICKET_009844,PROD_003,1,4500
TICKET_009844,PROD_027,1,2500
TICKET_009845,PROD_009,1,5000
TICKET_009846,PROD_010,1,3500
TICKET_009846,PROD_016,1,2500
TICKET_009846,PROD_029,1,3000
TICKET_009847,PROD_028,1,2000
TICKET_009848,PROD_016,1,2500
TICKET_009849,PROD_019,1,3200
TICKET_009849,PROD_012,1,3000
TICKET_009849,PROD_008,1,3200
TICKET_009849,PROD_026,1,3500
TICKET_009850,PROD_028,1,2000
TICKET_009851,PROD_001,1,2500
TICKET_009852,PROD_002,1,3500
TICKET_009852,PROD_017,1,2800
TICKET_009852,PROD_028,1,2000
TICKET_009852,PROD_020,1,3200
TICKET_009853,PROD_031,1,4500
TICKET_009853,PROD_003,1,4500
TICKET_009854,PROD_001,2,2500
TICKET_009854,PROD_017,1,2800
TICKET_009855,PROD_006,1,2500
TICKET_009855,PROD_028,1,2000
TICKET_009855,PROD_014,1,3800
TICKET_009856,PROD_006,1,2500
TICKET_009856,PROD_028,1,2000
TICKET_009857,PROD_003,1,4500
TICKET_009857,PROD_023,1,3500
TICKET_009858,PROD_022,1,3500
TICKET_009859,PROD_001,1,2500
TICKET_009859,PROD_015,1,2800
TICKET_009860,PROD_001,1,2500
TICKET_009860,PROD_015,1,2800
TICKET_009860,PROD_019,1,3200
TICKET_009861,PROD_015,1,2800
TICKET_009861,PROD_005,1,4000
TICKET_009862,PROD_029,1,3000
TICKET_009863,PROD_003,1,4500
TICKET_009864,PROD_007,1,4500
TICKET_009865,PROD_012,1,3000
TICKET_009866,PROD_004,1,4800
TICKET_009867,PROD_016,1,2500
TICKET_009867,PROD_029,1,3000
TICKET_009868,PROD_021,1,3500
TICKET_009869,PROD_006,1,2500
TICKET_009869,PROD_027,1,2500
TICKET_009870,PROD_021,1,3500
TICKET_009870,PROD_009,1,5000
TICKET_009870,PROD_022,1,3500
TICKET_009870,PROD_034,1,6500
TICKET_009871,PROD_015,1,2800
TICKET_009872,PROD_003,1,4500
TICKET_009872,PROD_023,1,3500
TICKET_009872,PROD_012,1,3000
TICKET_009872,PROD_008,1,3200
TICKET_009873,PROD_012,1,3000
TICKET_009874,PROD_031,1,4500
TICKET_009874,PROD_003,1,4500
TICKET_009875,PROD_006,1,2500
TICKET_009876,PROD_001,1,2500
TICKET_009876,PROD_015,2,2800
TICKET_009876,PROD_017,1,2800
TICKET_009877,PROD_006,1,2500
TICKET_009877,PROD_028,1,2000
TICKET_009877,PROD_002,1,3500
TICKET_009878,PROD_002,1,3500
TICKET_009878,PROD_017,1,2800
TICKET_009878,PROD_020,1,3200
TICKET_009878,PROD_019,1,3200
TICKET_009879,PROD_006,1,2500
TICKET_009880,PROD_001,1,2500
TICKET_009880,PROD_008,1,3200
TICKET_009880,PROD_023,1,3500
TICKET_009881,PROD_001,1,2500
TICKET_009881,PROD_015,1,2800
TICKET_009882,PROD_021,1,3500
TICKET_009882,PROD_009,1,5000
TICKET_009883,PROD_012,1,3000
TICKET_009883,PROD_024,2,3000
TICKET_009883,PROD_018,1,2800
TICKET_009884,PROD_021,1,3500
TICKET_009885,PROD_021,1,3500
TICKET_009886,PROD_001,1,2500
TICKET_009886,PROD_015,1,2800
TICKET_009886,PROD_004,1,4800
TICKET_009886,PROD_023,1,3500
TICKET_009887,PROD_024,1,3000
TICKET_009888,PROD_019,1,3200
TICKET_009888,PROD_002,1,3500
TICKET_009888,PROD_035,1,7500
TICKET_009889,PROD_018,1,2800
TICKET_009890,PROD_002,1,3500
TICKET_009890,PROD_017,1,2800
TICKET_009890,PROD_022,1,3500
TICKET_009890,PROD_032,1,2500
TICKET_009891,PROD_019,1,3200
TICKET_009891,PROD_017,1,2800
TICKET_009891,PROD_009,1,5000
TICKET_009892,PROD_022,1,3500
TICKET_009893,PROD_019,1,3200
TICKET_009894,PROD_019,1,3200
TICKET_009894,PROD_012,1,3000
TICKET_009894,PROD_003,1,4500
TICKET_009894,PROD_026,1,3500
TICKET_009895,PROD_001,2,2500
TICKET_009896,PROD_019,1,3200
TICKET_009896,PROD_012,1,3000
TICKET_009897,PROD_033,1,1500
TICKET_009898,PROD_001,1,2500
TICKET_009899,PROD_035,1,7500
TICKET_009900,PROD_021,1,3500
TICKET_009900,PROD_035,1,7500
TICKET_009901,PROD_031,1,4500
TICKET_009902,PROD_001,1,2500
TICKET_009903,PROD_017,1,2800
TICKET_009904,PROD_001,1,2500
TICKET_009904,PROD_015,1,2800
TICKET_009904,PROD_003,1,4500
TICKET_009905,PROD_006,1,2500
TICKET_009906,PROD_013,1,3500
TICKET_009907,PROD_002,1,3500
TICKET_009907,PROD_009,1,5000
TICKET_009907,PROD_003,1,4500
TICKET_009908,PROD_001,2,2500
TICKET_009909,PROD_006,1,2500
TICKET_009909,PROD_028,1,2000
TICKET_009910,PROD_007,1,4500
TICKET_009911,PROD_035,1,7500
TICKET_009911,PROD_016,1,2500
TICKET_009912,PROD_021,1,3500
TICKET_009912,PROD_015,1,2800
TICKET_009913,PROD_007,1,4500
TICKET_009914,PROD_002,1,3500
TICKET_009915,PROD_001,1,2500
TICKET_009915,PROD_015,1,2800
TICKET_009915,PROD_034,1,6500
TICKET_009916,PROD_012,1,3000
TICKET_009916,PROD_024,2,3000
TICKET_009917,PROD_010,1,3500
TICKET_009918,PROD_035,1,7500
TICKET_009919,PROD_001,1,2500
TICKET_009919,PROD_013,1,3500
TICKET_009920,PROD_003,1,4500
TICKET_009921,PROD_002,1,3500
TICKET_009921,PROD_017,1,2800
TICKET_009921,PROD_009,1,5000
TICKET_009922,PROD_010,1,3500
TICKET_009922,PROD_016,1,2500
TICKET_009923,PROD_003,1,4500
TICKET_009923,PROD_023,1,3500
TICKET_009923,PROD_027,1,2500
TICKET_009924,PROD_001,1,2500
TICKET_009924,PROD_015,1,2800
TICKET_009924,PROD_019,1,3200
TICKET_009925,PROD_001,1,2500
TICKET_009926,PROD_010,1,3500
TICKET_009926,PROD_016,1,2500
TICKET_009926,PROD_009,1,5000
TICKET_009927,PROD_012,2,3000
TICKET_009927,PROD_024,1,3000
TICKET_009927,PROD_004,1,4800
TICKET_009928,PROD_001,2,2500
TICKET_009929,PROD_031,2,4500
TICKET_009929,PROD_003,1,4500
TICKET_009930,PROD_034,1,6500
TICKET_009930,PROD_023,1,3500
TICKET_009931,PROD_012,1,3000
TICKET_009931,PROD_024,1,3000
TICKET_009931,PROD_034,1,6500
TICKET_009932,PROD_031,1,4500
TICKET_009933,PROD_001,1,2500
TICKET_009934,PROD_026,1,3500
TICKET_009935,PROD_001,1,2500
TICKET_009935,PROD_015,1,2800
TICKET_009936,PROD_021,1,3500
TICKET_009936,PROD_015,1,2800
TICKET_009937,PROD_031,1,4500
TICKET_009937,PROD_010,1,3500
TICKET_009937,PROD_012,1,3000
TICKET_009938,PROD_031,1,4500
TICKET_009938,PROD_003,1,4500
TICKET_009938,PROD_012,1,3000
TICKET_009938,PROD_018,1,2800
TICKET_009939,PROD_003,1,4500
TICKET_009940,PROD_012,1,3000
TICKET_009940,PROD_024,1,3000
TICKET_009940,PROD_019,1,3200
TICKET_009941,PROD_020,1,3200
TICKET_009942,PROD_021,1,3500
TICKET_009942,PROD_009,1,5000
TICKET_009943,PROD_003,1,4500
TICKET_009943,PROD_023,1,3500
TICKET_009943,PROD_022,1,3500
TICKET_009944,PROD_025,1,3500
TICKET_009944,PROD_014,1,3800
TICKET_009945,PROD_006,1,2500
TICKET_009946,PROD_012,1,3000
TICKET_009946,PROD_024,1,3000
TICKET_009947,PROD_031,1,4500
TICKET_009947,PROD_019,1,3200
TICKET_009947,PROD_028,1,2000
TICKET_009948,PROD_021,1,3500
TICKET_009948,PROD_009,1,5000
TICKET_009948,PROD_024,1,3000
TICKET_009948,PROD_034,1,6500
TICKET_009949,PROD_031,1,4500
TICKET_009950,PROD_001,1,2500
TICKET_009951,PROD_014,1,3800
TICKET_009952,PROD_019,1,3200
TICKET_009953,PROD_010,1,3500
TICKET_009953,PROD_016,1,2500
TICKET_009953,PROD_008,1,3200
TICKET_009954,PROD_009,1,5000
TICKET_009955,PROD_031,1,4500
TICKET_009956,PROD_010,1,3500
TICKET_009956,PROD_016,1,2500
TICKET_009956,PROD_013,1,3500
TICKET_009957,PROD_012,1,3000
TICKET_009957,PROD_024,1,3000
TICKET_009957,PROD_017,1,2800
TICKET_009957,PROD_002,1,3500
TICKET_009958,PROD_001,2,2500
TICKET_009958,PROD_009,1,5000
TICKET_009959,PROD_012,1,3000
TICKET_009959,PROD_034,1,6500
TICKET_009960,PROD_012,1,3000
TICKET_009961,PROD_012,1,3000
TICKET_009961,PROD_008,1,3200
TICKET_009961,PROD_013,1,3500
TICKET_009962,PROD_012,1,3000
TICKET_009962,PROD_024,1,3000
TICKET_009963,PROD_021,1,3500
TICKET_009963,PROD_009,1,5000
TICKET_009963,PROD_023,1,3500
TICKET_009964,PROD_006,1,2500
TICKET_009964,PROD_028,1,2000
TICKET_009964,PROD_011,1,2500
TICKET_009964,PROD_003,1,4500
TICKET_009965,PROD_012,1,3000
TICKET_009965,PROD_024,1,3000
TICKET_009965,PROD_034,1,6500
TICKET_009966,PROD_001,2,2500
TICKET_009967,PROD_006,1,2500
TICKET_009968,PROD_031,1,4500
TICKET_009969,PROD_035,1,7500
TICKET_009970,PROD_033,1,1500
TICKET_009970,PROD_016,1,2500
TICKET_009971,PROD_026,1,3500
TICKET_009971,PROD_002,1,3500
TICKET_009972,PROD_031,1,4500
TICKET_009972,PROD_021,1,3500
TICKET_009973,PROD_006,1,2500
TICKET_009973,PROD_026,1,3500
TICKET_009974,PROD_003,1,4500
TICKET_009975,PROD_012,1,3000
TICKET_009976,PROD_003,1,4500
TICKET_009977,PROD_019,1,3200
TICKET_009977,PROD_012,1,3000
TICKET_009978,PROD_001,1,2500
TICKET_009978,PROD_004,1,4800
TICKET_009979,PROD_008,1,3200
TICKET_009980,PROD_003,1,4500
TICKET_009980,PROD_023,1,3500
TICKET_009981,PROD_001,1,2500
TICKET_009981,PROD_015,1,2800
TICKET_009981,PROD_012,1,3000
TICKET_009982,PROD_002,1,3500
TICKET_009982,PROD_025,1,3500
TICKET_009983,PROD_012,1,3000
TICKET_009984,PROD_001,1,2500
TICKET_009984,PROD_021,1,3500
TICKET_009985,PROD_029,1,3000
TICKET_009985,PROD_008,1,3200
TICKET_009986,PROD_006,1,2500
TICKET_009986,PROD_028,1,2000
TICKET_009987,PROD_001,1,2500
TICKET_009987,PROD_015,1,2800
TICKET_009987,PROD_018,1,2800
TICKET_009988,PROD_032,1,2500
TICKET_009989,PROD_006,1,2500
TICKET_009989,PROD_028,1,2000
TICKET_009990,PROD_010,1,3500
TICKET_009991,PROD_021,1,3500
TICKET_009992,PROD_003,1,4500
TICKET_009993,PROD_001,1,2500
TICKET_009993,PROD_015,1,2800
TICKET_009993,PROD_002,1,3500
TICKET_009994,PROD_001,1,2500
TICKET_009994,PROD_015,1,2800
TICKET_009994,PROD_013,1,3500
TICKET_009995,PROD_019,1,3200
TICKET_009996,PROD_012,1,3000
TICKET_009996,PROD_024,1,3000
TICKET_009997,PROD_001,1,2500
TICKET_009997,PROD_013,1,3500
TICKET_009998,PROD_002,1,3500
TICKET_009998,PROD_008,1,3200
TICKET_009998,PROD_017,1,2800
TICKET_009999,PROD_002,1,3500
TICKET_009999,PROD_017,1,2800
TICKET_010000,PROD_011,1,2500
