id_ticket,fecha,id_tienda,id_cliente
TICKET_000001,2024-08-29,TOSTAO_15,CUST_01364
TICKET_000002,2024-02-04,TOSTAO_18,CUST_01956
TICKET_000003,2024-02-23,TOSTAO_18,CUST_01501
TICKET_000004,2024-10-30,TOSTAO_08,CUST_01276
TICKET_000005,2024-10-06,TOSTAO_13,CUST_00764
TICKET_000006,2024-05-08,TOSTAO_11,CUST_01496
TICKET_000007,2024-08-18,TOSTAO_09,CUST_02183
TICKET_000008,2024-03-02,TOSTAO_12,CUST_02147
TICKET_000009,2024-05-10,TOSTAO_14,CUST_00503
TICKET_000010,2024-06-27,TOSTAO_04,CUST_00564
TICKET_000011,2024-06-19,TOSTAO_07,CUST_01184
TICKET_000012,2024-05-13,TOSTAO_12,CUST_01644
TICKET_000013,2024-07-08,TOSTAO_20,CUST_01401
TICKET_000014,2024-06-13,TOSTAO_12,CUST_01258
TICKET_000015,2024-11-13,TOSTAO_12,CUST_00564
TICKET_000016,2024-03-21,TOSTAO_02,CUST_00002
TICKET_000017,2024-06-20,TOSTAO_04,CUST_01734
TICKET_000018,2024-04-07,TOSTAO_16,CUST_01931
TICKET_000019,2024-12-14,TOSTAO_19,CUST_01956
TICKET_000020,2024-05-07,TOSTAO_11,CUST_00641
TICKET_000021,2024-09-19,TOSTAO_16,CUST_02394
TICKET_000022,2024-05-19,TOSTAO_09,CUST_01184
TICKET_000023,2024-04-25,TOSTAO_06,CUST_01444
TICKET_000024,2024-04-08,TOSTAO_14,CUST_01920
TICKET_000025,2024-10-03,TOSTAO_08,CUST_01528
TICKET_000026,2024-01-22,TOSTAO_06,CUST_02086
TICKET_000027,2024-10-03,TOSTAO_15,CUST_02332
TICKET_000028,2024-01-04,TOSTAO_12,CUST_00017
TICKET_000029,2024-08-20,TOSTAO_03,CUST_00302
TICKET_000030,2024-06-09,TOSTAO_18,CUST_00128
TICKET_000031,2024-10-14,TOSTAO_02,CUST_01687
TICKET_000032,2024-10-25,TOSTAO_10,CUST_01501
TICKET_000033,2024-11-08,TOSTAO_01,CUST_00020
TICKET_000034,2024-11-17,TOSTAO_19,CUST_01983
TICKET_000035,2024-06-28,TOSTAO_11,CUST_01078
TICKET_000036,2024-04-17,TOSTAO_06,CUST_01220
TICKET_000037,2024-05-23,TOSTAO_10,CUST_00636
TICKET_000038,2024-02-27,TOSTAO_09,CUST_00741
TICKET_000039,2024-08-26,TOSTAO_16,CUST_01142
TICKET_000040,2024-03-09,TOSTAO_03,CUST_02295
TICKET_000041,2024-08-07,TOSTAO_14,CUST_01009
TICKET_000042,2024-08-05,TOSTAO_07,CUST_02389
TICKET_000043,2024-10-16,TOSTAO_01,CUST_02490
TICKET_000044,2024-06-08,TOSTAO_12,CUST_01688
TICKET_000045,2024-11-18,TOSTAO_10,CUST_01192
TICKET_000046,2024-03-30,TOSTAO_02,CUST_01626
TICKET_000047,2024-08-04,TOSTAO_10,CUST_00676
TICKET_000048,2024-04-05,TOSTAO_12,CUST_00037
TICKET_000049,2024-09-29,TOSTAO_16,CUST_00596
TICKET_000050,2024-08-20,TOSTAO_07,CUST_00265
TICKET_000051,2024-05-23,TOSTAO_20,CUST_00396
TICKET_000052,2024-02-26,TOSTAO_07,CUST_01066
TICKET_000053,2024-08-02,TOSTAO_12,CUST_00751
TICKET_000054,2024-06-22,TOSTAO_09,CUST_02218
TICKET_000055,2024-06-13,TOSTAO_13,CUST_01520
TICKET_000056,2024-09-08,TOSTAO_12,CUST_02493
TICKET_000057,2024-06-21,TOSTAO_20,CUST_01244
TICKET_000058,2024-07-09,TOSTAO_01,CUST_00824
TICKET_000059,2024-03-20,TOSTAO_05,CUST_00203
TICKET_000060,2024-01-14,TOSTAO_03,CUST_01397
TICKET_000061,2024-11-25,TOSTAO_06,CUST_00968
TICKET_000062,2024-03-30,TOSTAO_05,CUST_00540
TICKET_000063,2024-07-30,TOSTAO_13,CUST_00925
TICKET_000064,2024-10-29,TOSTAO_18,CUST_00010
TICKET_000065,2024-03-05,TOSTAO_17,CUST_01263
TICKET_000066,2024-04-07,TOSTAO_01,CUST_00511
TICKET_000067,2024-01-23,TOSTAO_10,CUST_00714
TICKET_000068,2024-02-20,TOSTAO_01,CUST_01470
TICKET_000069,2024-03-12,TOSTAO_02,CUST_00250
TICKET_000070,2024-08-09,TOSTAO_16,CUST_02449
TICKET_000071,2024-04-12,TOSTAO_02,CUST_00764
TICKET_000072,2024-11-03,TOSTAO_10,CUST_01359
TICKET_000073,2024-11-25,TOSTAO_05,CUST_01876
TICKET_000074,2024-05-05,TOSTAO_15,CUST_01907
TICKET_000075,2024-01-08,TOSTAO_03,CUST_01720
TICKET_000076,2024-03-01,TOSTAO_18,CUST_01029
TICKET_000077,2024-08-20,TOSTAO_14,CUST_01969
TICKET_000078,2024-08-01,TOSTAO_11,CUST_02398
TICKET_000079,2024-10-18,TOSTAO_03,CUST_00625
TICKET_000080,2024-08-03,TOSTAO_19,CUST_00526
TICKET_000081,2024-09-30,TOSTAO_15,CUST_01907
TICKET_000082,2024-09-29,TOSTAO_12,CUST_00126
TICKET_000083,2024-08-20,TOSTAO_04,CUST_02159
TICKET_000084,2024-02-11,TOSTAO_20,CUST_01542
TICKET_000085,2024-12-30,TOSTAO_06,CUST_01313
TICKET_000086,2024-12-15,TOSTAO_03,CUST_01161
TICKET_000087,2024-03-15,TOSTAO_17,CUST_00646
TICKET_000088,2024-06-21,TOSTAO_04,CUST_02374
TICKET_000089,2024-05-21,TOSTAO_11,CUST_01829
TICKET_000090,2024-06-09,TOSTAO_10,CUST_02040
TICKET_000091,2024-05-09,TOSTAO_05,CUST_01343
TICKET_000092,2024-04-03,TOSTAO_12,CUST_01605
TICKET_000093,2024-10-22,TOSTAO_08,CUST_01856
TICKET_000094,2024-10-17,TOSTAO_19,CUST_02053
TICKET_000095,2024-08-24,TOSTAO_08,CUST_02450
TICKET_000096,2024-12-18,TOSTAO_01,CUST_02191
TICKET_000097,2024-04-13,TOSTAO_06,CUST_01971
TICKET_000098,2024-01-15,TOSTAO_20,CUST_01313
TICKET_000099,2024-04-06,TOSTAO_01,CUST_00951
TICKET_000100,2024-11-25,TOSTAO_15,CUST_01933
TICKET_000101,2024-06-05,TOSTAO_04,CUST_02095
TICKET_000102,2024-08-30,TOSTAO_11,CUST_00794
TICKET_000103,2024-10-29,TOSTAO_12,CUST_00363
TICKET_000104,2024-04-20,TOSTAO_16,CUST_00356
TICKET_000105,2024-04-01,TOSTAO_19,CUST_01929
TICKET_000106,2024-10-28,TOSTAO_04,CUST_01646
TICKET_000107,2024-05-28,TOSTAO_09,CUST_01333
TICKET_000108,2024-03-03,TOSTAO_11,CUST_01626
TICKET_000109,2024-12-12,TOSTAO_12,CUST_00939
TICKET_000110,2024-06-28,TOSTAO_01,CUST_01880
TICKET_000111,2024-02-18,TOSTAO_09,CUST_01108
TICKET_000112,2024-11-22,TOSTAO_19,CUST_00990
TICKET_000113,2024-10-31,TOSTAO_16,CUST_00286
TICKET_000114,2024-04-22,TOSTAO_19,CUST_01702
TICKET_000115,2024-05-10,TOSTAO_19,CUST_01482
TICKET_000116,2024-02-24,TOSTAO_07,CUST_01202
TICKET_000117,2024-09-11,TOSTAO_02,CUST_01288
TICKET_000118,2024-06-13,TOSTAO_16,CUST_00910
TICKET_000119,2024-05-26,TOSTAO_04,CUST_00915
TICKET_000120,2024-07-15,TOSTAO_02,CUST_00746
TICKET_000121,2024-08-09,TOSTAO_12,CUST_01077
TICKET_000122,2024-07-20,TOSTAO_14,CUST_02107
TICKET_000123,2024-08-24,TOSTAO_11,CUST_01782
TICKET_000124,2024-08-02,TOSTAO_10,CUST_02176
TICKET_000125,2024-03-16,TOSTAO_06,CUST_00342
TICKET_000126,2024-06-21,TOSTAO_14,CUST_00702
TICKET_000127,2024-10-18,TOSTAO_11,CUST_00029
TICKET_000128,2024-08-14,TOSTAO_15,CUST_00055
TICKET_000129,2024-09-06,TOSTAO_20,CUST_01763
TICKET_000130,2024-03-13,TOSTAO_01,CUST_01041
TICKET_000131,2024-05-10,TOSTAO_12,CUST_00108
TICKET_000132,2024-10-01,TOSTAO_10,CUST_01041
TICKET_000133,2024-03-20,TOSTAO_17,CUST_01800
TICKET_000134,2024-01-25,TOSTAO_15,CUST_01292
TICKET_000135,2024-02-16,TOSTAO_07,CUST_01040
TICKET_000136,2024-09-26,TOSTAO_19,CUST_00137
TICKET_000137,2024-04-12,TOSTAO_03,CUST_01183
TICKET_000138,2024-12-29,TOSTAO_13,CUST_01373
TICKET_000139,2024-11-06,TOSTAO_13,CUST_00546
TICKET_000140,2024-01-29,TOSTAO_12,CUST_00477
TICKET_000141,2024-12-24,TOSTAO_13,CUST_02051
TICKET_000142,2024-06-01,TOSTAO_09,CUST_01999
TICKET_000143,2024-10-19,TOSTAO_06,CUST_00939
TICKET_000144,2024-08-13,TOSTAO_08,CUST_00772
TICKET_000145,2024-11-25,TOSTAO_09,CUST_00825
TICKET_000146,2024-01-09,TOSTAO_17,CUST_01914
TICKET_000147,2024-05-24,TOSTAO_03,CUST_00160
TICKET_000148,2024-03-08,TOSTAO_09,CUST_01291
TICKET_000149,2024-01-25,TOSTAO_02,CUST_00955
TICKET_000150,2024-02-06,TOSTAO_05,CUST_00796
TICKET_000151,2024-11-13,TOSTAO_08,CUST_01347
TICKET_000152,2024-09-18,TOSTAO_08,CUST_02384
TICKET_000153,2024-06-29,TOSTAO_06,CUST_00191
TICKET_000154,2024-06-08,TOSTAO_18,CUST_01575
TICKET_000155,2024-08-11,TOSTAO_17,CUST_01691
TICKET_000156,2024-06-11,TOSTAO_07,CUST_02462
TICKET_000157,2024-10-04,TOSTAO_04,CUST_01888
TICKET_000158,2024-01-22,TOSTAO_18,CUST_02258
TICKET_000159,2024-09-07,TOSTAO_12,CUST_02429
TICKET_000160,2024-02-27,TOSTAO_02,CUST_01454
TICKET_000161,2024-02-08,TOSTAO_11,CUST_02205
TICKET_000162,2024-01-27,TOSTAO_15,CUST_00989
TICKET_000163,2024-09-13,TOSTAO_15,CUST_00934
TICKET_000164,2024-10-06,TOSTAO_12,CUST_01295
TICKET_000165,2024-04-02,TOSTAO_14,CUST_00591
TICKET_000166,2024-06-29,TOSTAO_03,CUST_00378
TICKET_000167,2024-12-05,TOSTAO_16,CUST_01702
TICKET_000168,2024-12-09,TOSTAO_13,CUST_01088
TICKET_000169,2024-04-04,TOSTAO_13,CUST_02059
TICKET_000170,2024-06-27,TOSTAO_12,CUST_02449
TICKET_000171,2024-11-05,TOSTAO_08,CUST_00714
TICKET_000172,2024-03-17,TOSTAO_07,CUST_00918
TICKET_000173,2024-04-15,TOSTAO_08,CUST_01329
TICKET_000174,2024-09-18,TOSTAO_09,CUST_02271
TICKET_000175,2024-11-13,TOSTAO_07,CUST_02431
TICKET_000176,2024-01-22,TOSTAO_09,CUST_00515
TICKET_000177,2024-01-25,TOSTAO_19,CUST_02170
TICKET_000178,2024-08-08,TOSTAO_19,CUST_00695
TICKET_000179,2024-12-17,TOSTAO_03,CUST_01083
TICKET_000180,2024-07-25,TOSTAO_17,CUST_01356
TICKET_000181,2024-10-19,TOSTAO_20,CUST_01388
TICKET_000182,2024-04-26,TOSTAO_02,CUST_02383
TICKET_000183,2024-07-04,TOSTAO_03,CUST_01292
TICKET_000184,2024-12-20,TOSTAO_16,CUST_02148
TICKET_000185,2024-01-02,TOSTAO_15,CUST_00553
TICKET_000186,2024-12-10,TOSTAO_03,CUST_02114
TICKET_000187,2024-06-12,TOSTAO_11,CUST_02335
TICKET_000188,2024-04-02,TOSTAO_09,CUST_00862
TICKET_000189,2024-10-10,TOSTAO_15,CUST_01957
TICKET_000190,2024-07-25,TOSTAO_20,CUST_01275
TICKET_000191,2024-10-08,TOSTAO_03,CUST_02167
TICKET_000192,2024-06-27,TOSTAO_20,CUST_00490
TICKET_000193,2024-11-01,TOSTAO_15,CUST_01247
TICKET_000194,2024-05-05,TOSTAO_18,CUST_01360
TICKET_000195,2024-09-20,TOSTAO_05,CUST_01382
TICKET_000196,2024-11-06,TOSTAO_10,CUST_02475
TICKET_000197,2024-11-23,TOSTAO_01,CUST_01988
TICKET_000198,2024-12-26,TOSTAO_06,CUST_01010
TICKET_000199,2024-11-19,TOSTAO_04,CUST_00494
TICKET_000200,2024-12-04,TOSTAO_07,CUST_01368
TICKET_000201,2024-11-11,TOSTAO_17,CUST_01441
TICKET_000202,2024-12-20,TOSTAO_14,CUST_00962
TICKET_000203,2024-04-26,TOSTAO_12,CUST_00665
TICKET_000204,2024-02-12,TOSTAO_14,CUST_01350
TICKET_000205,2024-12-01,TOSTAO_15,CUST_01148
TICKET_000206,2024-02-21,TOSTAO_15,CUST_01693
TICKET_000207,2024-03-17,TOSTAO_11,CUST_00350
TICKET_000208,2024-11-07,TOSTAO_10,CUST_00445
TICKET_000209,2024-11-05,TOSTAO_13,CUST_01400
TICKET_000210,2024-08-01,TOSTAO_15,CUST_00521
TICKET_000211,2024-05-31,TOSTAO_05,CUST_00859
TICKET_000212,2024-07-20,TOSTAO_04,CUST_00915
TICKET_000213,2024-04-17,TOSTAO_17,CUST_00631
TICKET_000214,2024-05-17,TOSTAO_02,CUST_01101
TICKET_000215,2024-05-04,TOSTAO_14,CUST_00999
TICKET_000216,2024-08-16,TOSTAO_09,CUST_01923
TICKET_000217,2024-02-18,TOSTAO_05,CUST_00956
TICKET_000218,2024-10-26,TOSTAO_06,CUST_00342
TICKET_000219,2024-05-29,TOSTAO_15,CUST_01869
TICKET_000220,2024-01-12,TOSTAO_08,CUST_01932
TICKET_000221,2024-04-13,TOSTAO_08,CUST_02004
TICKET_000222,2024-05-28,TOSTAO_18,CUST_02454
TICKET_000223,2024-08-13,TOSTAO_18,CUST_00481
TICKET_000224,2024-06-28,TOSTAO_04,CUST_01690
TICKET_000225,2024-05-22,TOSTAO_10,CUST_00244
TICKET_000226,2024-06-06,TOSTAO_14,CUST_00948
TICKET_000227,2024-07-24,TOSTAO_02,CUST_00266
TICKET_000228,2024-12-01,TOSTAO_20,CUST_02429
TICKET_000229,2024-01-25,TOSTAO_12,CUST_01980
TICKET_000230,2024-01-31,TOSTAO_06,CUST_01682
TICKET_000231,2024-01-05,TOSTAO_02,CUST_02393
TICKET_000232,2024-03-23,TOSTAO_09,CUST_00149
TICKET_000233,2024-03-20,TOSTAO_04,CUST_00609
TICKET_000234,2024-11-03,TOSTAO_07,CUST_00422
TICKET_000235,2024-09-12,TOSTAO_14,CUST_02203
TICKET_000236,2024-03-02,TOSTAO_06,CUST_02294
TICKET_000237,2024-03-05,TOSTAO_18,CUST_02010
TICKET_000238,2024-06-12,TOSTAO_11,CUST_00497
TICKET_000239,2024-07-14,TOSTAO_18,CUST_00624
TICKET_000240,2024-04-22,TOSTAO_09,CUST_00017
TICKET_000241,2024-08-29,TOSTAO_11,CUST_02280
TICKET_000242,2024-12-08,TOSTAO_12,CUST_01440
TICKET_000243,2024-03-27,TOSTAO_03,CUST_00408
TICKET_000244,2024-08-15,TOSTAO_19,CUST_00399
TICKET_000245,2024-09-17,TOSTAO_10,CUST_01344
TICKET_000246,2024-02-18,TOSTAO_09,CUST_01614
TICKET_000247,2024-09-22,TOSTAO_08,CUST_00652
TICKET_000248,2024-08-13,TOSTAO_17,CUST_00783
TICKET_000249,2024-11-10,TOSTAO_20,CUST_02462
TICKET_000250,2024-02-01,TOSTAO_17,CUST_00039
TICKET_000251,2024-05-05,TOSTAO_07,CUST_02286
TICKET_000252,2024-12-13,TOSTAO_15,CUST_00770
TICKET_000253,2024-10-04,TOSTAO_01,CUST_01725
TICKET_000254,2024-10-07,TOSTAO_08,CUST_01135
TICKET_000255,2024-04-13,TOSTAO_10,CUST_01856
TICKET_000256,2024-10-28,TOSTAO_02,CUST_00923
TICKET_000257,2024-03-30,TOSTAO_14,CUST_02257
TICKET_000258,2024-08-10,TOSTAO_04,CUST_01125
TICKET_000259,2024-11-05,TOSTAO_10,CUST_02453
TICKET_000260,2024-09-29,TOSTAO_03,CUST_00526
TICKET_000261,2024-06-10,TOSTAO_19,CUST_01939
TICKET_000262,2024-01-30,TOSTAO_04,CUST_01141
TICKET_000263,2024-11-14,TOSTAO_15,CUST_00476
TICKET_000264,2024-09-16,TOSTAO_15,CUST_01071
TICKET_000265,2024-03-01,TOSTAO_13,CUST_01795
TICKET_000266,2024-07-16,TOSTAO_19,CUST_01901
TICKET_000267,2024-03-09,TOSTAO_20,CUST_01957
TICKET_000268,2024-12-21,TOSTAO_07,CUST_00638
TICKET_000269,2024-10-23,TOSTAO_12,CUST_01852
TICKET_000270,2024-12-07,TOSTAO_14,CUST_00163
TICKET_000271,2024-08-15,TOSTAO_11,CUST_02298
TICKET_000272,2024-06-08,TOSTAO_15,CUST_01172
TICKET_000273,2024-05-21,TOSTAO_18,CUST_02362
TICKET_000274,2024-12-10,TOSTAO_09,CUST_01932
TICKET_000275,2024-11-22,TOSTAO_17,CUST_02337
TICKET_000276,2024-02-12,TOSTAO_17,CUST_00177
TICKET_000277,2024-03-05,TOSTAO_16,CUST_01538
TICKET_000278,2024-05-04,TOSTAO_15,CUST_00588
TICKET_000279,2024-02-01,TOSTAO_04,CUST_00532
TICKET_000280,2024-07-31,TOSTAO_09,CUST_00782
TICKET_000281,2024-02-13,TOSTAO_03,CUST_01012
TICKET_000282,2024-07-15,TOSTAO_10,CUST_02316
TICKET_000283,2024-02-16,TOSTAO_08,CUST_02286
TICKET_000284,2024-12-01,TOSTAO_18,CUST_00259
TICKET_000285,2024-01-08,TOSTAO_16,CUST_01916
TICKET_000286,2024-10-28,TOSTAO_13,CUST_01153
TICKET_000287,2024-09-16,TOSTAO_05,CUST_01530
TICKET_000288,2024-08-14,TOSTAO_20,CUST_00265
TICKET_000289,2024-12-29,TOSTAO_03,CUST_01250
TICKET_000290,2024-06-04,TOSTAO_01,CUST_00190
TICKET_000291,2024-03-15,TOSTAO_17,CUST_00896
TICKET_000292,2024-12-12,TOSTAO_16,CUST_00724
TICKET_000293,2024-07-19,TOSTAO_08,CUST_02049
TICKET_000294,2024-07-09,TOSTAO_14,CUST_01337
TICKET_000295,2024-09-08,TOSTAO_19,CUST_02258
TICKET_000296,2024-03-31,TOSTAO_04,CUST_00142
TICKET_000297,2024-12-09,TOSTAO_16,CUST_01751
TICKET_000298,2024-10-10,TOSTAO_19,CUST_01660
TICKET_000299,2024-10-12,TOSTAO_14,CUST_02137
TICKET_000300,2024-03-08,TOSTAO_09,CUST_01622
TICKET_000301,2024-03-02,TOSTAO_12,CUST_01694
TICKET_000302,2024-12-22,TOSTAO_09,CUST_02045
TICKET_000303,2024-08-03,TOSTAO_13,CUST_01032
TICKET_000304,2024-06-22,TOSTAO_19,CUST_01897
TICKET_000305,2024-11-02,TOSTAO_19,CUST_00505
TICKET_000306,2024-03-16,TOSTAO_02,CUST_01516
TICKET_000307,2024-09-18,TOSTAO_12,CUST_01937
TICKET_000308,2024-04-02,TOSTAO_08,CUST_00867
TICKET_000309,2024-10-28,TOSTAO_11,CUST_01160
TICKET_000310,2024-09-01,TOSTAO_10,CUST_00318
TICKET_000311,2024-02-10,TOSTAO_19,CUST_01813
TICKET_000312,2024-07-10,TOSTAO_13,CUST_00907
TICKET_000313,2024-11-27,TOSTAO_13,CUST_02037
TICKET_000314,2024-04-12,TOSTAO_14,CUST_00520
TICKET_000315,2024-06-09,TOSTAO_05,CUST_00594
TICKET_000316,2024-08-30,TOSTAO_09,CUST_01794
TICKET_000317,2024-02-20,TOSTAO_03,CUST_01564
TICKET_000318,2024-04-02,TOSTAO_08,CUST_01936
TICKET_000319,2024-08-22,TOSTAO_05,CUST_01999
TICKET_000320,2024-10-20,TOSTAO_11,CUST_01462
TICKET_000321,2024-01-30,TOSTAO_03,CUST_01890
TICKET_000322,2024-02-17,TOSTAO_04,CUST_01142
TICKET_000323,2024-01-07,TOSTAO_01,CUST_01592
TICKET_000324,2024-05-05,TOSTAO_05,CUST_01830
TICKET_000325,2024-04-22,TOSTAO_03,CUST_01400
TICKET_000326,2024-12-28,TOSTAO_19,CUST_01258
TICKET_000327,2024-12-22,TOSTAO_18,CUST_01732
TICKET_000328,2024-04-18,TOSTAO_04,CUST_01302
TICKET_000329,2024-06-10,TOSTAO_19,CUST_00821
TICKET_000330,2024-12-06,TOSTAO_12,CUST_01004
TICKET_000331,2024-10-06,TOSTAO_15,CUST_00909
TICKET_000332,2024-04-08,TOSTAO_19,CUST_02152
TICKET_000333,2024-03-04,TOSTAO_11,CUST_01890
TICKET_000334,2024-07-02,TOSTAO_12,CUST_00558
TICKET_000335,2024-11-03,TOSTAO_04,CUST_00695
TICKET_000336,2024-07-21,TOSTAO_14,CUST_01715
TICKET_000337,2024-06-11,TOSTAO_20,CUST_01864
TICKET_000338,2024-11-20,TOSTAO_16,CUST_01725
TICKET_000339,2024-10-24,TOSTAO_16,CUST_00277
TICKET_000340,2024-07-02,TOSTAO_18,CUST_00019
TICKET_000341,2024-03-05,TOSTAO_01,CUST_01573
TICKET_000342,2024-02-04,TOSTAO_14,CUST_00802
TICKET_000343,2024-12-20,TOSTAO_13,CUST_00910
TICKET_000344,2024-05-02,TOSTAO_08,CUST_01090
TICKET_000345,2024-01-13,TOSTAO_02,CUST_01951
TICKET_000346,2024-02-24,TOSTAO_07,CUST_01589
TICKET_000347,2024-02-22,TOSTAO_17,CUST_01305
TICKET_000348,2024-02-23,TOSTAO_18,CUST_00160
TICKET_000349,2024-01-30,TOSTAO_08,CUST_01229
TICKET_000350,2024-12-26,TOSTAO_17,CUST_01465
TICKET_000351,2024-03-28,TOSTAO_06,CUST_01961
TICKET_000352,2024-05-16,TOSTAO_04,CUST_00428
TICKET_000353,2024-04-21,TOSTAO_01,CUST_02449
TICKET_000354,2024-07-31,TOSTAO_01,CUST_01125
TICKET_000355,2024-07-29,TOSTAO_05,CUST_00913
TICKET_000356,2024-10-29,TOSTAO_03,CUST_01998
TICKET_000357,2024-04-09,TOSTAO_09,CUST_00649
TICKET_000358,2024-04-09,TOSTAO_13,CUST_01197
TICKET_000359,2024-01-03,TOSTAO_08,CUST_00940
TICKET_000360,2024-08-14,TOSTAO_10,CUST_02097
TICKET_000361,2024-04-11,TOSTAO_17,CUST_02006
TICKET_000362,2024-09-24,TOSTAO_11,CUST_00541
TICKET_000363,2024-08-17,TOSTAO_16,CUST_00119
TICKET_000364,2024-10-09,TOSTAO_15,CUST_01706
TICKET_000365,2024-08-11,TOSTAO_07,CUST_00033
TICKET_000366,2024-11-26,TOSTAO_13,CUST_01480
TICKET_000367,2024-08-13,TOSTAO_12,CUST_01103
TICKET_000368,2024-11-07,TOSTAO_11,CUST_00434
TICKET_000369,2024-02-28,TOSTAO_10,CUST_02410
TICKET_000370,2024-11-16,TOSTAO_15,CUST_00216
TICKET_000371,2024-09-04,TOSTAO_02,CUST_02470
TICKET_000372,2024-10-20,TOSTAO_18,CUST_02494
TICKET_000373,2024-08-22,TOSTAO_13,CUST_02379
TICKET_000374,2024-07-02,TOSTAO_12,CUST_02494
TICKET_000375,2024-12-23,TOSTAO_06,CUST_02202
TICKET_000376,2024-09-29,TOSTAO_16,CUST_00245
TICKET_000377,2024-01-08,TOSTAO_15,CUST_02020
TICKET_000378,2024-02-13,TOSTAO_04,CUST_02122
TICKET_000379,2024-06-18,TOSTAO_08,CUST_02370
TICKET_000380,2024-12-14,TOSTAO_13,CUST_01677
TICKET_000381,2024-03-29,TOSTAO_20,CUST_00980
TICKET_000382,2024-07-24,TOSTAO_20,CUST_00685
TICKET_000383,2024-02-27,TOSTAO_20,CUST_01428
TICKET_000384,2024-10-04,TOSTAO_09,CUST_01773
TICKET_000385,2024-05-28,TOSTAO_19,CUST_02330
TICKET_000386,2024-05-11,TOSTAO_15,CUST_00084
TICKET_000387,2024-04-12,TOSTAO_04,CUST_00475
TICKET_000388,2024-10-06,TOSTAO_04,CUST_01983
TICKET_000389,2024-11-18,TOSTAO_20,CUST_02481
TICKET_000390,2024-09-05,TOSTAO_05,CUST_01350
TICKET_000391,2024-11-12,TOSTAO_19,CUST_00384
TICKET_000392,2024-08-26,TOSTAO_18,CUST_01933
TICKET_000393,2024-07-03,TOSTAO_04,CUST_01910
TICKET_000394,2024-05-28,TOSTAO_10,CUST_00272
TICKET_000395,2024-05-18,TOSTAO_20,CUST_01584
TICKET_000396,2024-07-09,TOSTAO_09,CUST_01105
TICKET_000397,2024-01-01,TOSTAO_07,CUST_01402
TICKET_000398,2024-09-07,TOSTAO_13,CUST_02121
TICKET_000399,2024-06-23,TOSTAO_01,CUST_00192
TICKET_000400,2024-12-04,TOSTAO_01,CUST_00078
TICKET_000401,2024-08-03,TOSTAO_01,CUST_00902
TICKET_000402,2024-10-09,TOSTAO_13,CUST_01000
TICKET_000403,2024-03-20,TOSTAO_20,CUST_01482
TICKET_000404,2024-01-22,TOSTAO_07,CUST_00840
TICKET_000405,2024-11-23,TOSTAO_12,CUST_00113
TICKET_000406,2024-02-26,TOSTAO_01,CUST_02166
TICKET_000407,2024-02-16,TOSTAO_13,CUST_02337
TICKET_000408,2024-08-02,TOSTAO_20,CUST_01846
TICKET_000409,2024-07-20,TOSTAO_05,CUST_00518
TICKET_000410,2024-08-06,TOSTAO_10,CUST_02435
TICKET_000411,2024-03-14,TOSTAO_11,CUST_00154
TICKET_000412,2024-05-27,TOSTAO_03,CUST_00596
TICKET_000413,2024-11-18,TOSTAO_10,CUST_01307
TICKET_000414,2024-09-14,TOSTAO_19,CUST_01089
TICKET_000415,2024-02-17,TOSTAO_04,CUST_01272
TICKET_000416,2024-10-27,TOSTAO_09,CUST_00817
TICKET_000417,2024-10-14,TOSTAO_17,CUST_01190
TICKET_000418,2024-09-27,TOSTAO_09,CUST_02427
TICKET_000419,2024-06-18,TOSTAO_08,CUST_01517
TICKET_000420,2024-03-03,TOSTAO_05,CUST_01390
TICKET_000421,2024-11-13,TOSTAO_16,CUST_00331
TICKET_000422,2024-03-17,TOSTAO_10,CUST_02435
TICKET_000423,2024-07-27,TOSTAO_11,CUST_00390
TICKET_000424,2024-07-05,TOSTAO_11,CUST_00445
TICKET_000425,2024-04-16,TOSTAO_18,CUST_02140
TICKET_000426,2024-07-04,TOSTAO_07,CUST_00256
TICKET_000427,2024-05-08,TOSTAO_06,CUST_00974
TICKET_000428,2024-05-12,TOSTAO_18,CUST_02069
TICKET_000429,2024-03-09,TOSTAO_10,CUST_02188
TICKET_000430,2024-12-09,TOSTAO_14,CUST_01335
TICKET_000431,2024-12-27,TOSTAO_17,CUST_02145
TICKET_000432,2024-09-17,TOSTAO_16,CUST_02124
TICKET_000433,2024-10-11,TOSTAO_16,CUST_00495
TICKET_000434,2024-04-03,TOSTAO_17,CUST_00289
TICKET_000435,2024-04-24,TOSTAO_10,CUST_01737
TICKET_000436,2024-04-27,TOSTAO_08,CUST_00412
TICKET_000437,2024-01-19,TOSTAO_15,CUST_01960
TICKET_000438,2024-05-20,TOSTAO_16,CUST_00093
TICKET_000439,2024-11-12,TOSTAO_17,CUST_00856
TICKET_000440,2024-04-12,TOSTAO_17,CUST_01777
TICKET_000441,2024-01-29,TOSTAO_16,CUST_02464
TICKET_000442,2024-12-29,TOSTAO_14,CUST_01223
TICKET_000443,2024-01-30,TOSTAO_16,CUST_02483
TICKET_000444,2024-07-03,TOSTAO_20,CUST_00732
TICKET_000445,2024-11-28,TOSTAO_20,CUST_02383
TICKET_000446,2024-12-04,TOSTAO_08,CUST_00206
TICKET_000447,2024-04-16,TOSTAO_17,CUST_00898
TICKET_000448,2024-05-15,TOSTAO_05,CUST_02362
TICKET_000449,2024-07-29,TOSTAO_09,CUST_00583
TICKET_000450,2024-03-04,TOSTAO_05,CUST_00490
TICKET_000451,2024-09-23,TOSTAO_08,CUST_00616
TICKET_000452,2024-03-21,TOSTAO_19,CUST_02444
TICKET_000453,2024-03-02,TOSTAO_03,CUST_00239
TICKET_000454,2024-06-21,TOSTAO_04,CUST_00923
TICKET_000455,2024-07-25,TOSTAO_06,CUST_01815
TICKET_000456,2024-06-09,TOSTAO_05,CUST_00769
TICKET_000457,2024-10-28,TOSTAO_14,CUST_01241
TICKET_000458,2024-04-13,TOSTAO_02,CUST_01938
TICKET_000459,2024-01-27,TOSTAO_10,CUST_00299
TICKET_000460,2024-09-25,TOSTAO_11,CUST_01012
TICKET_000461,2024-10-30,TOSTAO_14,CUST_00166
TICKET_000462,2024-07-01,TOSTAO_03,CUST_01259
TICKET_000463,2024-12-04,TOSTAO_19,CUST_01597
TICKET_000464,2024-12-08,TOSTAO_02,CUST_01646
TICKET_000465,2024-05-28,TOSTAO_17,CUST_01924
TICKET_000466,2024-07-07,TOSTAO_18,CUST_01591
TICKET_000467,2024-02-28,TOSTAO_10,CUST_01001
TICKET_000468,2024-08-01,TOSTAO_14,CUST_00093
TICKET_000469,2024-02-28,TOSTAO_08,CUST_00780
TICKET_000470,2024-04-03,TOSTAO_05,CUST_01858
TICKET_000471,2024-03-15,TOSTAO_11,CUST_01960
TICKET_000472,2024-07-27,TOSTAO_16,CUST_00628
TICKET_000473,2024-08-26,TOSTAO_09,CUST_02203
TICKET_000474,2024-08-26,TOSTAO_14,CUST_01231
TICKET_000475,2024-09-29,TOSTAO_19,CUST_00925
TICKET_000476,2024-10-16,TOSTAO_06,CUST_00050
TICKET_000477,2024-03-24,TOSTAO_08,CUST_02041
TICKET_000478,2024-07-10,TOSTAO_10,CUST_00862
TICKET_000479,2024-02-05,TOSTAO_06,CUST_01362
TICKET_000480,2024-10-04,TOSTAO_14,CUST_00011
TICKET_000481,2024-05-07,TOSTAO_16,CUST_01964
TICKET_000482,2024-11-08,TOSTAO_02,CUST_02229
TICKET_000483,2024-04-15,TOSTAO_07,CUST_01527
TICKET_000484,2024-03-22,TOSTAO_12,CUST_02249
TICKET_000485,2024-02-17,TOSTAO_07,CUST_01463
TICKET_000486,2024-03-17,TOSTAO_14,CUST_01882
TICKET_000487,2024-10-07,TOSTAO_03,CUST_01446
TICKET_000488,2024-07-18,TOSTAO_06,CUST_01854
TICKET_000489,2024-12-14,TOSTAO_09,CUST_00308
TICKET_000490,2024-01-13,TOSTAO_20,CUST_00276
TICKET_000491,2024-09-29,TOSTAO_18,CUST_01352
TICKET_000492,2024-04-20,TOSTAO_16,CUST_01521
TICKET_000493,2024-10-12,TOSTAO_14,CUST_00498
TICKET_000494,2024-04-03,TOSTAO_17,CUST_01591
TICKET_000495,2024-12-29,TOSTAO_20,CUST_02432
TICKET_000496,2024-04-07,TOSTAO_12,CUST_01807
TICKET_000497,2024-03-12,TOSTAO_01,CUST_01292
TICKET_000498,2024-04-12,TOSTAO_01,CUST_02321
TICKET_000499,2024-07-10,TOSTAO_09,CUST_01736
TICKET_000500,2024-04-24,TOSTAO_19,CUST_00104
TICKET_000501,2024-07-02,TOSTAO_05,CUST_01574
TICKET_000502,2024-10-25,TOSTAO_20,CUST_01293
TICKET_000503,2024-07-06,TOSTAO_03,CUST_01210
TICKET_000504,2024-07-28,TOSTAO_12,CUST_02495
TICKET_000505,2024-05-16,TOSTAO_12,CUST_00184
TICKET_000506,2024-10-16,TOSTAO_20,CUST_01097
TICKET_000507,2024-01-05,TOSTAO_03,CUST_00271
TICKET_000508,2024-12-05,TOSTAO_16,CUST_00087
TICKET_000509,2024-03-06,TOSTAO_20,CUST_00149
TICKET_000510,2024-10-20,TOSTAO_14,CUST_00250
TICKET_000511,2024-03-10,TOSTAO_04,CUST_01327
TICKET_000512,2024-02-09,TOSTAO_20,CUST_00345
TICKET_000513,2024-06-29,TOSTAO_13,CUST_02104
TICKET_000514,2024-07-06,TOSTAO_12,CUST_01803
TICKET_000515,2024-08-07,TOSTAO_15,CUST_00615
TICKET_000516,2024-04-10,TOSTAO_10,CUST_00761
TICKET_000517,2024-04-08,TOSTAO_15,CUST_02056
TICKET_000518,2024-12-02,TOSTAO_06,CUST_00429
TICKET_000519,2024-09-01,TOSTAO_06,CUST_01084
TICKET_000520,2024-08-04,TOSTAO_20,CUST_00986
TICKET_000521,2024-01-13,TOSTAO_15,CUST_00556
TICKET_000522,2024-04-09,TOSTAO_16,CUST_02170
TICKET_000523,2024-12-28,TOSTAO_04,CUST_02403
TICKET_000524,2024-08-26,TOSTAO_16,CUST_00808
TICKET_000525,2024-10-10,TOSTAO_03,CUST_01218
TICKET_000526,2024-02-14,TOSTAO_19,CUST_00876
TICKET_000527,2024-08-17,TOSTAO_07,CUST_01221
TICKET_000528,2024-05-01,TOSTAO_10,CUST_02054
TICKET_000529,2024-08-16,TOSTAO_16,CUST_01030
TICKET_000530,2024-10-25,TOSTAO_04,CUST_01412
TICKET_000531,2024-01-22,TOSTAO_16,CUST_02198
TICKET_000532,2024-11-11,TOSTAO_18,CUST_00225
TICKET_000533,2024-05-04,TOSTAO_02,CUST_01280
TICKET_000534,2024-04-03,TOSTAO_14,CUST_01961
TICKET_000535,2024-03-25,TOSTAO_07,CUST_00685
TICKET_000536,2024-02-23,TOSTAO_17,CUST_00784
TICKET_000537,2024-12-29,TOSTAO_16,CUST_00239
TICKET_000538,2024-09-02,TOSTAO_15,CUST_00827
TICKET_000539,2024-01-12,TOSTAO_17,CUST_00017
TICKET_000540,2024-10-18,TOSTAO_15,CUST_01885
TICKET_000541,2024-09-26,TOSTAO_20,CUST_02029
TICKET_000542,2024-10-01,TOSTAO_05,CUST_00064
TICKET_000543,2024-10-07,TOSTAO_02,CUST_01188
TICKET_000544,2024-02-14,TOSTAO_13,CUST_02082
TICKET_000545,2024-08-18,TOSTAO_06,CUST_01574
TICKET_000546,2024-10-14,TOSTAO_05,CUST_01874
TICKET_000547,2024-10-26,TOSTAO_09,CUST_01834
TICKET_000548,2024-06-07,TOSTAO_19,CUST_02489
TICKET_000549,2024-05-17,TOSTAO_17,CUST_02364
TICKET_000550,2024-12-06,TOSTAO_15,CUST_01434
TICKET_000551,2024-12-13,TOSTAO_10,CUST_00559
TICKET_000552,2024-01-19,TOSTAO_11,CUST_00818
TICKET_000553,2024-10-09,TOSTAO_02,CUST_00656
TICKET_000554,2024-10-24,TOSTAO_09,CUST_00845
TICKET_000555,2024-08-24,TOSTAO_18,CUST_00468
TICKET_000556,2024-03-29,TOSTAO_09,CUST_01448
TICKET_000557,2024-03-06,TOSTAO_02,CUST_02038
TICKET_000558,2024-06-04,TOSTAO_10,CUST_00871
TICKET_000559,2024-05-07,TOSTAO_06,CUST_01174
TICKET_000560,2024-05-06,TOSTAO_01,CUST_01380
TICKET_000561,2024-05-30,TOSTAO_16,CUST_00123
TICKET_000562,2024-08-18,TOSTAO_12,CUST_00710
TICKET_000563,2024-10-14,TOSTAO_15,CUST_00681
TICKET_000564,2024-04-13,TOSTAO_15,CUST_02254
TICKET_000565,2024-09-29,TOSTAO_08,CUST_01134
TICKET_000566,2024-04-04,TOSTAO_05,CUST_01965
TICKET_000567,2024-12-08,TOSTAO_15,CUST_01959
TICKET_000568,2024-01-16,TOSTAO_03,CUST_01582
TICKET_000569,2024-12-02,TOSTAO_06,CUST_00852
TICKET_000570,2024-12-29,TOSTAO_20,CUST_01645
TICKET_000571,2024-06-21,TOSTAO_20,CUST_01933
TICKET_000572,2024-07-18,TOSTAO_11,CUST_01050
TICKET_000573,2024-02-08,TOSTAO_14,CUST_01231
TICKET_000574,2024-10-01,TOSTAO_20,CUST_00942
TICKET_000575,2024-09-19,TOSTAO_12,CUST_01945
TICKET_000576,2024-04-26,TOSTAO_16,CUST_00600
TICKET_000577,2024-04-25,TOSTAO_17,CUST_01099
TICKET_000578,2024-08-02,TOSTAO_15,CUST_00747
TICKET_000579,2024-06-12,TOSTAO_17,CUST_00798
TICKET_000580,2024-08-04,TOSTAO_15,CUST_00507
TICKET_000581,2024-08-04,TOSTAO_18,CUST_01873
TICKET_000582,2024-08-17,TOSTAO_01,CUST_00673
TICKET_000583,2024-09-16,TOSTAO_03,CUST_00457
TICKET_000584,2024-10-09,TOSTAO_18,CUST_00377
TICKET_000585,2024-09-16,TOSTAO_14,CUST_00304
TICKET_000586,2024-06-06,TOSTAO_12,CUST_01090
TICKET_000587,2024-06-29,TOSTAO_01,CUST_02301
TICKET_000588,2024-03-10,TOSTAO_05,CUST_00019
TICKET_000589,2024-12-15,TOSTAO_12,CUST_00905
TICKET_000590,2024-09-14,TOSTAO_18,CUST_00172
TICKET_000591,2024-12-29,TOSTAO_11,CUST_02426
TICKET_000592,2024-04-02,TOSTAO_12,CUST_01474
TICKET_000593,2024-02-24,TOSTAO_14,CUST_01887
TICKET_000594,2024-08-02,TOSTAO_10,CUST_00480
TICKET_000595,2024-12-04,TOSTAO_15,CUST_00029
TICKET_000596,2024-01-08,TOSTAO_15,CUST_00340
TICKET_000597,2024-07-13,TOSTAO_13,CUST_02382
TICKET_000598,2024-10-04,TOSTAO_12,CUST_02021
TICKET_000599,2024-01-12,TOSTAO_14,CUST_01724
TICKET_000600,2024-05-13,TOSTAO_18,CUST_01451
TICKET_000601,2024-05-25,TOSTAO_19,CUST_01343
TICKET_000602,2024-03-08,TOSTAO_16,CUST_00994
TICKET_000603,2024-04-03,TOSTAO_18,CUST_00148
TICKET_000604,2024-06-23,TOSTAO_13,CUST_00495
TICKET_000605,2024-01-14,TOSTAO_09,CUST_01452
TICKET_000606,2024-10-01,TOSTAO_01,CUST_00439
TICKET_000607,2024-04-08,TOSTAO_08,CUST_01507
TICKET_000608,2024-01-28,TOSTAO_13,CUST_00444
TICKET_000609,2024-03-05,TOSTAO_11,CUST_00627
TICKET_000610,2024-05-25,TOSTAO_07,CUST_01941
TICKET_000611,2024-12-05,TOSTAO_09,CUST_01371
TICKET_000612,2024-03-30,TOSTAO_17,CUST_01613
TICKET_000613,2024-01-28,TOSTAO_18,CUST_01561
TICKET_000614,2024-03-15,TOSTAO_03,CUST_01192
TICKET_000615,2024-08-28,TOSTAO_13,CUST_02392
TICKET_000616,2024-05-05,TOSTAO_16,CUST_00345
TICKET_000617,2024-11-24,TOSTAO_02,CUST_00481
TICKET_000618,2024-02-14,TOSTAO_06,CUST_01658
TICKET_000619,2024-01-10,TOSTAO_20,CUST_00274
TICKET_000620,2024-07-27,TOSTAO_20,CUST_01913
TICKET_000621,2024-04-20,TOSTAO_13,CUST_00938
TICKET_000622,2024-03-07,TOSTAO_11,CUST_00521
TICKET_000623,2024-03-14,TOSTAO_20,CUST_00073
TICKET_000624,2024-10-22,TOSTAO_14,CUST_01175
TICKET_000625,2024-08-23,TOSTAO_02,CUST_00493
TICKET_000626,2024-04-15,TOSTAO_11,CUST_00594
TICKET_000627,2024-11-10,TOSTAO_15,CUST_00894
TICKET_000628,2024-02-04,TOSTAO_06,CUST_01491
TICKET_000629,2024-05-23,TOSTAO_19,CUST_00232
TICKET_000630,2024-01-07,TOSTAO_18,CUST_00518
TICKET_000631,2024-12-02,TOSTAO_19,CUST_02379
TICKET_000632,2024-03-30,TOSTAO_07,CUST_00566
TICKET_000633,2024-02-28,TOSTAO_01,CUST_01645
TICKET_000634,2024-09-02,TOSTAO_01,CUST_01543
TICKET_000635,2024-05-02,TOSTAO_01,CUST_01909
TICKET_000636,2024-07-27,TOSTAO_16,CUST_01413
TICKET_000637,2024-04-25,TOSTAO_17,CUST_01392
TICKET_000638,2024-07-24,TOSTAO_15,CUST_01606
TICKET_000639,2024-07-08,TOSTAO_02,CUST_01385
TICKET_000640,2024-09-12,TOSTAO_13,CUST_00753
TICKET_000641,2024-12-14,TOSTAO_06,CUST_01991
TICKET_000642,2024-03-29,TOSTAO_03,CUST_00340
TICKET_000643,2024-12-01,TOSTAO_04,CUST_00130
TICKET_000644,2024-11-20,TOSTAO_16,CUST_02496
TICKET_000645,2024-07-03,TOSTAO_06,CUST_01463
TICKET_000646,2024-01-01,TOSTAO_18,CUST_02173
TICKET_000647,2024-08-15,TOSTAO_16,CUST_02366
TICKET_000648,2024-01-13,TOSTAO_05,CUST_02161
TICKET_000649,2024-06-30,TOSTAO_04,CUST_00866
TICKET_000650,2024-10-22,TOSTAO_04,CUST_00193
TICKET_000651,2024-11-29,TOSTAO_12,CUST_01455
TICKET_000652,2024-05-07,TOSTAO_06,CUST_01435
TICKET_000653,2024-03-23,TOSTAO_03,CUST_00951
TICKET_000654,2024-01-31,TOSTAO_17,CUST_02450
TICKET_000655,2024-02-25,TOSTAO_03,CUST_01506
TICKET_000656,2024-07-16,TOSTAO_01,CUST_00179
TICKET_000657,2024-02-23,TOSTAO_04,CUST_00065
TICKET_000658,2024-06-29,TOSTAO_02,CUST_01871
TICKET_000659,2024-04-05,TOSTAO_18,CUST_01034
TICKET_000660,2024-05-08,TOSTAO_19,CUST_01222
TICKET_000661,2024-11-30,TOSTAO_13,CUST_00548
TICKET_000662,2024-11-12,TOSTAO_01,CUST_01914
TICKET_000663,2024-03-19,TOSTAO_02,CUST_02461
TICKET_000664,2024-04-14,TOSTAO_20,CUST_02318
TICKET_000665,2024-03-30,TOSTAO_17,CUST_01764
TICKET_000666,2024-07-22,TOSTAO_15,CUST_02080
TICKET_000667,2024-07-05,TOSTAO_04,CUST_00130
TICKET_000668,2024-07-21,TOSTAO_16,CUST_00101
TICKET_000669,2024-04-06,TOSTAO_02,CUST_02277
TICKET_000670,2024-06-16,TOSTAO_18,CUST_01365
TICKET_000671,2024-09-30,TOSTAO_13,CUST_02149
TICKET_000672,2024-05-11,TOSTAO_15,CUST_01428
TICKET_000673,2024-06-03,TOSTAO_19,CUST_00997
TICKET_000674,2024-04-01,TOSTAO_03,CUST_01504
TICKET_000675,2024-03-16,TOSTAO_11,CUST_00643
TICKET_000676,2024-04-27,TOSTAO_04,CUST_02350
TICKET_000677,2024-09-22,TOSTAO_08,CUST_00144
TICKET_000678,2024-05-27,TOSTAO_11,CUST_01358
TICKET_000679,2024-07-30,TOSTAO_04,CUST_01460
TICKET_000680,2024-05-19,TOSTAO_13,CUST_01953
TICKET_000681,2024-05-28,TOSTAO_08,CUST_00996
TICKET_000682,2024-12-02,TOSTAO_02,CUST_01404
TICKET_000683,2024-03-18,TOSTAO_14,CUST_01533
TICKET_000684,2024-05-02,TOSTAO_16,CUST_01095
TICKET_000685,2024-10-30,TOSTAO_03,CUST_00143
TICKET_000686,2024-04-02,TOSTAO_08,CUST_01178
TICKET_000687,2024-01-14,TOSTAO_12,CUST_01830
TICKET_000688,2024-08-10,TOSTAO_04,CUST_00871
TICKET_000689,2024-07-15,TOSTAO_10,CUST_01105
TICKET_000690,2024-05-19,TOSTAO_04,CUST_01675
TICKET_000691,2024-09-09,TOSTAO_18,CUST_01462
TICKET_000692,2024-01-20,TOSTAO_09,CUST_00135
TICKET_000693,2024-05-24,TOSTAO_19,CUST_00920
TICKET_000694,2024-02-26,TOSTAO_01,CUST_02008
TICKET_000695,2024-10-30,TOSTAO_14,CUST_01610
TICKET_000696,2024-01-25,TOSTAO_20,CUST_00738
TICKET_000697,2024-08-19,TOSTAO_18,CUST_02306
TICKET_000698,2024-09-02,TOSTAO_08,CUST_02136
TICKET_000699,2024-07-04,TOSTAO_15,CUST_01185
TICKET_000700,2024-10-01,TOSTAO_16,CUST_01275
TICKET_000701,2024-01-18,TOSTAO_13,CUST_00005
TICKET_000702,2024-03-16,TOSTAO_18,CUST_01132
TICKET_000703,2024-10-08,TOSTAO_16,CUST_01228
TICKET_000704,2024-11-28,TOSTAO_18,CUST_02414
TICKET_000705,2024-02-09,TOSTAO_15,CUST_00255
TICKET_000706,2024-04-17,TOSTAO_16,CUST_00421
TICKET_000707,2024-05-30,TOSTAO_04,CUST_00990
TICKET_000708,2024-03-30,TOSTAO_01,CUST_01008
TICKET_000709,2024-11-07,TOSTAO_02,CUST_00878
TICKET_000710,2024-02-11,TOSTAO_01,CUST_01205
TICKET_000711,2024-06-14,TOSTAO_19,CUST_00221
TICKET_000712,2024-10-07,TOSTAO_05,CUST_01444
TICKET_000713,2024-04-14,TOSTAO_18,CUST_00429
TICKET_000714,2024-04-25,TOSTAO_03,CUST_02416
TICKET_000715,2024-05-29,TOSTAO_09,CUST_02107
TICKET_000716,2024-08-26,TOSTAO_16,CUST_01192
TICKET_000717,2024-03-20,TOSTAO_15,CUST_01485
TICKET_000718,2024-08-29,TOSTAO_04,CUST_00588
TICKET_000719,2024-09-02,TOSTAO_16,CUST_00207
TICKET_000720,2024-03-02,TOSTAO_20,CUST_01492
TICKET_000721,2024-02-03,TOSTAO_10,CUST_00055
TICKET_000722,2024-05-07,TOSTAO_01,CUST_02440
TICKET_000723,2024-01-30,TOSTAO_05,CUST_01169
TICKET_000724,2024-03-03,TOSTAO_01,CUST_01870
TICKET_000725,2024-04-04,TOSTAO_07,CUST_00897
TICKET_000726,2024-08-25,TOSTAO_06,CUST_00916
TICKET_000727,2024-04-02,TOSTAO_13,CUST_01217
TICKET_000728,2024-06-01,TOSTAO_13,CUST_00998
TICKET_000729,2024-07-16,TOSTAO_09,CUST_01521
TICKET_000730,2024-02-11,TOSTAO_17,CUST_02377
TICKET_000731,2024-09-02,TOSTAO_07,CUST_01105
TICKET_000732,2024-07-14,TOSTAO_05,CUST_00014
TICKET_000733,2024-10-12,TOSTAO_17,CUST_01303
TICKET_000734,2024-09-27,TOSTAO_03,CUST_01724
TICKET_000735,2024-04-18,TOSTAO_07,CUST_01071
TICKET_000736,2024-08-07,TOSTAO_17,CUST_00679
TICKET_000737,2024-02-07,TOSTAO_09,CUST_02441
TICKET_000738,2024-08-07,TOSTAO_20,CUST_02215
TICKET_000739,2024-06-14,TOSTAO_01,CUST_00088
TICKET_000740,2024-04-17,TOSTAO_12,CUST_01382
TICKET_000741,2024-07-14,TOSTAO_19,CUST_01503
TICKET_000742,2024-07-16,TOSTAO_19,CUST_00045
TICKET_000743,2024-01-03,TOSTAO_19,CUST_00074
TICKET_000744,2024-08-18,TOSTAO_06,CUST_01076
TICKET_000745,2024-07-23,TOSTAO_03,CUST_00152
TICKET_000746,2024-02-25,TOSTAO_14,CUST_00814
TICKET_000747,2024-12-20,TOSTAO_02,CUST_00180
TICKET_000748,2024-11-18,TOSTAO_12,CUST_00442
TICKET_000749,2024-10-23,TOSTAO_12,CUST_00493
TICKET_000750,2024-06-21,TOSTAO_11,CUST_00517
TICKET_000751,2024-12-27,TOSTAO_13,CUST_00839
TICKET_000752,2024-07-17,TOSTAO_11,CUST_01581
TICKET_000753,2024-08-01,TOSTAO_17,CUST_01788
TICKET_000754,2024-10-04,TOSTAO_07,CUST_02181
TICKET_000755,2024-08-30,TOSTAO_10,CUST_01615
TICKET_000756,2024-12-23,TOSTAO_13,CUST_02398
TICKET_000757,2024-12-12,TOSTAO_07,CUST_00923
TICKET_000758,2024-08-13,TOSTAO_16,CUST_00224
TICKET_000759,2024-01-03,TOSTAO_20,CUST_00029
TICKET_000760,2024-02-08,TOSTAO_04,CUST_00066
TICKET_000761,2024-04-08,TOSTAO_11,CUST_00281
TICKET_000762,2024-05-05,TOSTAO_05,CUST_00970
TICKET_000763,2024-01-10,TOSTAO_17,CUST_00502
TICKET_000764,2024-12-11,TOSTAO_08,CUST_02284
TICKET_000765,2024-02-16,TOSTAO_16,CUST_00888
TICKET_000766,2024-11-13,TOSTAO_11,CUST_01241
TICKET_000767,2024-01-21,TOSTAO_20,CUST_01014
TICKET_000768,2024-06-02,TOSTAO_16,CUST_00502
TICKET_000769,2024-11-22,TOSTAO_06,CUST_00848
TICKET_000770,2024-03-31,TOSTAO_19,CUST_01565
TICKET_000771,2024-06-12,TOSTAO_14,CUST_01082
TICKET_000772,2024-06-30,TOSTAO_06,CUST_02054
TICKET_000773,2024-03-27,TOSTAO_05,CUST_00662
TICKET_000774,2024-04-26,TOSTAO_15,CUST_00105
TICKET_000775,2024-10-27,TOSTAO_10,CUST_02497
TICKET_000776,2024-01-16,TOSTAO_15,CUST_02291
TICKET_000777,2024-11-20,TOSTAO_11,CUST_02442
TICKET_000778,2024-11-10,TOSTAO_17,CUST_02055
TICKET_000779,2024-01-02,TOSTAO_20,CUST_01668
TICKET_000780,2024-02-04,TOSTAO_16,CUST_02084
TICKET_000781,2024-08-03,TOSTAO_05,CUST_01396
TICKET_000782,2024-06-17,TOSTAO_04,CUST_02114
TICKET_000783,2024-11-05,TOSTAO_16,CUST_00785
TICKET_000784,2024-08-25,TOSTAO_07,CUST_01123
TICKET_000785,2024-07-29,TOSTAO_12,CUST_01412
TICKET_000786,2024-02-01,TOSTAO_05,CUST_01873
TICKET_000787,2024-04-09,TOSTAO_18,CUST_01053
TICKET_000788,2024-11-30,TOSTAO_18,CUST_02130
TICKET_000789,2024-03-02,TOSTAO_13,CUST_02150
TICKET_000790,2024-07-14,TOSTAO_20,CUST_01116
TICKET_000791,2024-03-09,TOSTAO_01,CUST_02282
TICKET_000792,2024-03-02,TOSTAO_19,CUST_00580
TICKET_000793,2024-09-02,TOSTAO_12,CUST_00031
TICKET_000794,2024-04-19,TOSTAO_12,CUST_01130
TICKET_000795,2024-10-12,TOSTAO_03,CUST_01478
TICKET_000796,2024-02-22,TOSTAO_17,CUST_02236
TICKET_000797,2024-01-11,TOSTAO_04,CUST_00597
TICKET_000798,2024-09-11,TOSTAO_08,CUST_00542
TICKET_000799,2024-10-01,TOSTAO_19,CUST_00328
TICKET_000800,2024-03-23,TOSTAO_07,CUST_02461
TICKET_000801,2024-04-06,TOSTAO_07,CUST_00791
TICKET_000802,2024-10-08,TOSTAO_01,CUST_02317
TICKET_000803,2024-10-12,TOSTAO_01,CUST_01712
TICKET_000804,2024-03-12,TOSTAO_06,CUST_01809
TICKET_000805,2024-05-19,TOSTAO_19,CUST_01302
TICKET_000806,2024-07-01,TOSTAO_20,CUST_00079
TICKET_000807,2024-08-17,TOSTAO_17,CUST_00704
TICKET_000808,2024-05-12,TOSTAO_04,CUST_00121
TICKET_000809,2024-07-28,TOSTAO_05,CUST_01154
TICKET_000810,2024-06-22,TOSTAO_15,CUST_01014
TICKET_000811,2024-07-10,TOSTAO_02,CUST_00755
TICKET_000812,2024-11-29,TOSTAO_03,CUST_01461
TICKET_000813,2024-11-16,TOSTAO_06,CUST_00379
TICKET_000814,2024-08-31,TOSTAO_12,CUST_00231
TICKET_000815,2024-03-25,TOSTAO_17,CUST_00611
TICKET_000816,2024-04-24,TOSTAO_11,CUST_00031
TICKET_000817,2024-01-02,TOSTAO_20,CUST_01413
TICKET_000818,2024-01-25,TOSTAO_06,CUST_01050
TICKET_000819,2024-01-13,TOSTAO_19,CUST_00921
TICKET_000820,2024-12-24,TOSTAO_03,CUST_00950
TICKET_000821,2024-06-09,TOSTAO_20,CUST_01970
TICKET_000822,2024-02-08,TOSTAO_16,CUST_02304
TICKET_000823,2024-06-26,TOSTAO_15,CUST_01010
TICKET_000824,2024-10-31,TOSTAO_05,CUST_00516
TICKET_000825,2024-09-26,TOSTAO_17,CUST_01177
TICKET_000826,2024-06-29,TOSTAO_14,CUST_02494
TICKET_000827,2024-07-07,TOSTAO_06,CUST_01555
TICKET_000828,2024-07-14,TOSTAO_11,CUST_00344
TICKET_000829,2024-03-20,TOSTAO_16,CUST_01018
TICKET_000830,2024-10-23,TOSTAO_20,CUST_01307
TICKET_000831,2024-04-12,TOSTAO_05,CUST_00769
TICKET_000832,2024-04-30,TOSTAO_10,CUST_00767
TICKET_000833,2024-01-24,TOSTAO_20,CUST_02073
TICKET_000834,2024-08-14,TOSTAO_10,CUST_00916
TICKET_000835,2024-09-23,TOSTAO_04,CUST_00999
TICKET_000836,2024-04-10,TOSTAO_18,CUST_00541
TICKET_000837,2024-06-14,TOSTAO_19,CUST_01626
TICKET_000838,2024-09-30,TOSTAO_14,CUST_00562
TICKET_000839,2024-12-29,TOSTAO_07,CUST_01717
TICKET_000840,2024-02-17,TOSTAO_12,CUST_00372
TICKET_000841,2024-11-29,TOSTAO_03,CUST_00371
TICKET_000842,2024-08-28,TOSTAO_06,CUST_02274
TICKET_000843,2024-12-02,TOSTAO_14,CUST_02270
TICKET_000844,2024-12-09,TOSTAO_06,CUST_00229
TICKET_000845,2024-11-16,TOSTAO_11,CUST_00844
TICKET_000846,2024-04-02,TOSTAO_18,CUST_02427
TICKET_000847,2024-04-09,TOSTAO_02,CUST_01329
TICKET_000848,2024-10-19,TOSTAO_07,CUST_01959
TICKET_000849,2024-01-07,TOSTAO_03,CUST_01221
TICKET_000850,2024-12-25,TOSTAO_07,CUST_00919
TICKET_000851,2024-02-10,TOSTAO_20,CUST_00234
TICKET_000852,2024-12-01,TOSTAO_04,CUST_01098
TICKET_000853,2024-01-22,TOSTAO_18,CUST_00105
TICKET_000854,2024-04-16,TOSTAO_02,CUST_02028
TICKET_000855,2024-07-20,TOSTAO_08,CUST_00183
TICKET_000856,2024-04-13,TOSTAO_01,CUST_02203
TICKET_000857,2024-07-15,TOSTAO_02,CUST_02346
TICKET_000858,2024-10-07,TOSTAO_14,CUST_00702
TICKET_000859,2024-06-24,TOSTAO_03,CUST_00235
TICKET_000860,2024-12-13,TOSTAO_17,CUST_01919
TICKET_000861,2024-08-08,TOSTAO_17,CUST_02492
TICKET_000862,2024-09-22,TOSTAO_13,CUST_00115
TICKET_000863,2024-08-20,TOSTAO_17,CUST_00921
TICKET_000864,2024-07-24,TOSTAO_04,CUST_02433
TICKET_000865,2024-06-28,TOSTAO_20,CUST_00708
TICKET_000866,2024-07-10,TOSTAO_07,CUST_00396
TICKET_000867,2024-03-30,TOSTAO_02,CUST_02281
TICKET_000868,2024-05-31,TOSTAO_13,CUST_02178
TICKET_000869,2024-05-22,TOSTAO_01,CUST_00463
TICKET_000870,2024-08-11,TOSTAO_13,CUST_00665
TICKET_000871,2024-12-28,TOSTAO_11,CUST_00668
TICKET_000872,2024-03-02,TOSTAO_08,CUST_00598
TICKET_000873,2024-08-27,TOSTAO_10,CUST_01532
TICKET_000874,2024-01-19,TOSTAO_06,CUST_00166
TICKET_000875,2024-11-27,TOSTAO_09,CUST_02127
TICKET_000876,2024-08-23,TOSTAO_06,CUST_00226
TICKET_000877,2024-12-11,TOSTAO_11,CUST_02463
TICKET_000878,2024-05-12,TOSTAO_16,CUST_02269
TICKET_000879,2024-10-02,TOSTAO_05,CUST_00039
TICKET_000880,2024-02-23,TOSTAO_07,CUST_02290
TICKET_000881,2024-05-10,TOSTAO_17,CUST_01442
TICKET_000882,2024-02-14,TOSTAO_17,CUST_00443
TICKET_000883,2024-12-23,TOSTAO_15,CUST_00489
TICKET_000884,2024-07-22,TOSTAO_03,CUST_01811
TICKET_000885,2024-06-28,TOSTAO_17,CUST_01319
TICKET_000886,2024-02-18,TOSTAO_20,CUST_00293
TICKET_000887,2024-11-22,TOSTAO_11,CUST_00890
TICKET_000888,2024-01-23,TOSTAO_07,CUST_02277
TICKET_000889,2024-05-07,TOSTAO_07,CUST_01922
TICKET_000890,2024-11-26,TOSTAO_16,CUST_01021
TICKET_000891,2024-04-11,TOSTAO_02,CUST_02277
TICKET_000892,2024-04-12,TOSTAO_02,CUST_00359
TICKET_000893,2024-10-12,TOSTAO_01,CUST_01177
TICKET_000894,2024-11-28,TOSTAO_03,CUST_01076
TICKET_000895,2024-04-02,TOSTAO_17,CUST_00821
TICKET_000896,2024-01-06,TOSTAO_05,CUST_00717
TICKET_000897,2024-09-26,TOSTAO_14,CUST_00149
TICKET_000898,2024-12-09,TOSTAO_01,CUST_02323
TICKET_000899,2024-04-22,TOSTAO_13,CUST_01925
TICKET_000900,2024-11-18,TOSTAO_03,CUST_01630
TICKET_000901,2024-07-21,TOSTAO_10,CUST_00738
TICKET_000902,2024-06-03,TOSTAO_05,CUST_00749
TICKET_000903,2024-03-19,TOSTAO_16,CUST_02099
TICKET_000904,2024-02-05,TOSTAO_10,CUST_02316
TICKET_000905,2024-10-15,TOSTAO_09,CUST_00314
TICKET_000906,2024-07-06,TOSTAO_03,CUST_00271
TICKET_000907,2024-07-21,TOSTAO_10,CUST_00628
TICKET_000908,2024-03-22,TOSTAO_02,CUST_00600
TICKET_000909,2024-04-03,TOSTAO_02,CUST_01089
TICKET_000910,2024-03-28,TOSTAO_20,CUST_02444
TICKET_000911,2024-11-06,TOSTAO_02,CUST_02486
TICKET_000912,2024-07-04,TOSTAO_11,CUST_02090
TICKET_000913,2024-02-11,TOSTAO_19,CUST_00426
TICKET_000914,2024-08-18,TOSTAO_09,CUST_02139
TICKET_000915,2024-12-21,TOSTAO_04,CUST_00557
TICKET_000916,2024-06-15,TOSTAO_15,CUST_00638
TICKET_000917,2024-05-04,TOSTAO_08,CUST_00730
TICKET_000918,2024-07-06,TOSTAO_04,CUST_02250
TICKET_000919,2024-09-09,TOSTAO_09,CUST_01491
TICKET_000920,2024-07-06,TOSTAO_05,CUST_02019
TICKET_000921,2024-08-23,TOSTAO_09,CUST_01186
TICKET_000922,2024-06-17,TOSTAO_14,CUST_01466
TICKET_000923,2024-02-17,TOSTAO_16,CUST_01732
TICKET_000924,2024-12-03,TOSTAO_18,CUST_01703
TICKET_000925,2024-11-12,TOSTAO_02,CUST_02153
TICKET_000926,2024-06-30,TOSTAO_01,CUST_00333
TICKET_000927,2024-08-10,TOSTAO_17,CUST_00619
TICKET_000928,2024-03-21,TOSTAO_08,CUST_00522
TICKET_000929,2024-01-20,TOSTAO_03,CUST_02404
TICKET_000930,2024-10-16,TOSTAO_02,CUST_01778
TICKET_000931,2024-01-15,TOSTAO_18,CUST_01349
TICKET_000932,2024-10-02,TOSTAO_18,CUST_00850
TICKET_000933,2024-06-07,TOSTAO_06,CUST_02493
TICKET_000934,2024-10-01,TOSTAO_11,CUST_01862
TICKET_000935,2024-02-25,TOSTAO_10,CUST_00531
TICKET_000936,2024-07-12,TOSTAO_13,CUST_00668
TICKET_000937,2024-11-10,TOSTAO_08,CUST_01254
TICKET_000938,2024-11-25,TOSTAO_10,CUST_01891
TICKET_000939,2024-06-17,TOSTAO_20,CUST_01298
TICKET_000940,2024-04-13,TOSTAO_19,CUST_01234
TICKET_000941,2024-08-23,TOSTAO_04,CUST_01489
TICKET_000942,2024-06-13,TOSTAO_03,CUST_01300
TICKET_000943,2024-01-04,TOSTAO_15,CUST_00870
TICKET_000944,2024-11-19,TOSTAO_09,CUST_02429
TICKET_000945,2024-11-28,TOSTAO_19,CUST_02136
TICKET_000946,2024-07-23,TOSTAO_16,CUST_00142
TICKET_000947,2024-05-20,TOSTAO_16,CUST_00624
TICKET_000948,2024-08-31,TOSTAO_20,CUST_01292
TICKET_000949,2024-02-18,TOSTAO_12,CUST_01313
TICKET_000950,2024-07-24,TOSTAO_07,CUST_01487
TICKET_000951,2024-09-05,TOSTAO_20,CUST_01611
TICKET_000952,2024-05-29,TOSTAO_14,CUST_01817
TICKET_000953,2024-12-10,TOSTAO_16,CUST_02294
TICKET_000954,2024-11-05,TOSTAO_15,CUST_01746
TICKET_000955,2024-08-06,TOSTAO_05,CUST_01649
TICKET_000956,2024-09-27,TOSTAO_20,CUST_00076
TICKET_000957,2024-05-09,TOSTAO_13,CUST_02057
TICKET_000958,2024-04-09,TOSTAO_19,CUST_01215
TICKET_000959,2024-10-26,TOSTAO_04,CUST_00417
TICKET_000960,2024-12-29,TOSTAO_18,CUST_01726
TICKET_000961,2024-01-25,TOSTAO_11,CUST_01817
TICKET_000962,2024-12-20,TOSTAO_14,CUST_00689
TICKET_000963,2024-01-09,TOSTAO_16,CUST_02482
TICKET_000964,2024-12-11,TOSTAO_15,CUST_01424
TICKET_000965,2024-03-12,TOSTAO_10,CUST_01307
TICKET_000966,2024-12-27,TOSTAO_01,CUST_00324
TICKET_000967,2024-07-25,TOSTAO_19,CUST_01404
TICKET_000968,2024-09-22,TOSTAO_20,CUST_00585
TICKET_000969,2024-05-17,TOSTAO_18,CUST_01790
TICKET_000970,2024-04-13,TOSTAO_12,CUST_00974
TICKET_000971,2024-01-31,TOSTAO_10,CUST_00105
TICKET_000972,2024-03-07,TOSTAO_20,CUST_01749
TICKET_000973,2024-08-18,TOSTAO_13,CUST_00092
TICKET_000974,2024-08-09,TOSTAO_17,CUST_00278
TICKET_000975,2024-03-30,TOSTAO_07,CUST_00030
TICKET_000976,2024-10-13,TOSTAO_03,CUST_00698
TICKET_000977,2024-06-28,TOSTAO_15,CUST_01187
TICKET_000978,2024-12-18,TOSTAO_01,CUST_01107
TICKET_000979,2024-03-18,TOSTAO_15,CUST_00382
TICKET_000980,2024-12-19,TOSTAO_19,CUST_01234
TICKET_000981,2024-03-18,TOSTAO_13,CUST_01880
TICKET_000982,2024-08-06,TOSTAO_13,CUST_01304
TICKET_000983,2024-09-29,TOSTAO_04,CUST_01597
TICKET_000984,2024-07-16,TOSTAO_01,CUST_01718
TICKET_000985,2024-06-13,TOSTAO_06,CUST_01544
TICKET_000986,2024-12-24,TOSTAO_17,CUST_01358
TICKET_000987,2024-07-17,TOSTAO_07,CUST_01716
TICKET_000988,2024-01-06,TOSTAO_11,CUST_01892
TICKET_000989,2024-12-30,TOSTAO_09,CUST_01245
TICKET_000990,2024-07-26,TOSTAO_10,CUST_00124
TICKET_000991,2024-01-24,TOSTAO_04,CUST_01735
TICKET_000992,2024-10-08,TOSTAO_01,CUST_00516
TICKET_000993,2024-12-02,TOSTAO_16,CUST_00730
TICKET_000994,2024-04-27,TOSTAO_05,CUST_01750
TICKET_000995,2024-11-20,TOSTAO_02,CUST_02336
TICKET_000996,2024-09-13,TOSTAO_13,CUST_00038
TICKET_000997,2024-02-25,TOSTAO_06,CUST_02117
TICKET_000998,2024-05-26,TOSTAO_18,CUST_02461
TICKET_000999,2024-02-18,TOSTAO_03,CUST_00434
TICKET_001000,2024-06-26,TOSTAO_15,CUST_01194
TICKET_001001,2024-08-17,TOSTAO_16,CUST_02422
TICKET_001002,2024-07-19,TOSTAO_15,CUST_01937
TICKET_001003,2024-10-28,TOSTAO_09,CUST_01184
TICKET_001004,2024-03-20,TOSTAO_11,CUST_00473
TICKET_001005,2024-11-26,TOSTAO_06,CUST_01897
TICKET_001006,2024-12-01,TOSTAO_17,CUST_00147
TICKET_001007,2024-12-21,TOSTAO_17,CUST_01346
TICKET_001008,2024-07-07,TOSTAO_02,CUST_02427
TICKET_001009,2024-07-13,TOSTAO_19,CUST_00653
TICKET_001010,2024-12-07,TOSTAO_18,CUST_00770
TICKET_001011,2024-03-20,TOSTAO_07,CUST_00766
TICKET_001012,2024-04-16,TOSTAO_06,CUST_01873
TICKET_001013,2024-04-04,TOSTAO_05,CUST_00566
TICKET_001014,2024-02-26,TOSTAO_04,CUST_01114
TICKET_001015,2024-12-03,TOSTAO_12,CUST_01649
TICKET_001016,2024-01-28,TOSTAO_04,CUST_01075
TICKET_001017,2024-11-15,TOSTAO_12,CUST_00479
TICKET_001018,2024-03-29,TOSTAO_04,CUST_00189
TICKET_001019,2024-12-06,TOSTAO_05,CUST_00452
TICKET_001020,2024-10-20,TOSTAO_15,CUST_02025
TICKET_001021,2024-05-26,TOSTAO_17,CUST_02382
TICKET_001022,2024-12-18,TOSTAO_19,CUST_01420
TICKET_001023,2024-11-20,TOSTAO_16,CUST_00080
TICKET_001024,2024-03-17,TOSTAO_20,CUST_01906
TICKET_001025,2024-08-12,TOSTAO_05,CUST_02296
TICKET_001026,2024-07-07,TOSTAO_07,CUST_01632
TICKET_001027,2024-04-30,TOSTAO_01,CUST_01506
TICKET_001028,2024-01-16,TOSTAO_18,CUST_01407
TICKET_001029,2024-11-16,TOSTAO_09,CUST_01242
TICKET_001030,2024-08-13,TOSTAO_09,CUST_00408
TICKET_001031,2024-05-26,TOSTAO_11,CUST_00918
TICKET_001032,2024-10-24,TOSTAO_01,CUST_01817
TICKET_001033,2024-11-21,TOSTAO_06,CUST_00089
TICKET_001034,2024-12-03,TOSTAO_17,CUST_02312
TICKET_001035,2024-06-21,TOSTAO_14,CUST_01664
TICKET_001036,2024-01-31,TOSTAO_11,CUST_01292
TICKET_001037,2024-01-19,TOSTAO_14,CUST_01208
TICKET_001038,2024-12-13,TOSTAO_16,CUST_00097
TICKET_001039,2024-09-29,TOSTAO_16,CUST_01032
TICKET_001040,2024-01-06,TOSTAO_16,CUST_00443
TICKET_001041,2024-05-15,TOSTAO_08,CUST_01349
TICKET_001042,2024-09-28,TOSTAO_06,CUST_00495
TICKET_001043,2024-12-10,TOSTAO_12,CUST_02192
TICKET_001044,2024-09-17,TOSTAO_01,CUST_01763
TICKET_001045,2024-07-28,TOSTAO_04,CUST_02087
TICKET_001046,2024-04-03,TOSTAO_10,CUST_00957
TICKET_001047,2024-11-12,TOSTAO_02,CUST_01972
TICKET_001048,2024-06-19,TOSTAO_01,CUST_01083
TICKET_001049,2024-05-04,TOSTAO_07,CUST_00254
TICKET_001050,2024-09-18,TOSTAO_02,CUST_00213
TICKET_001051,2024-03-17,TOSTAO_14,CUST_02095
TICKET_001052,2024-12-18,TOSTAO_08,CUST_00769
TICKET_001053,2024-08-19,TOSTAO_07,CUST_00542
TICKET_001054,2024-08-07,TOSTAO_03,CUST_01171
TICKET_001055,2024-03-30,TOSTAO_20,CUST_00481
TICKET_001056,2024-03-31,TOSTAO_04,CUST_02152
TICKET_001057,2024-07-29,TOSTAO_13,CUST_01077
TICKET_001058,2024-10-05,TOSTAO_13,CUST_01986
TICKET_001059,2024-09-13,TOSTAO_16,CUST_01046
TICKET_001060,2024-07-27,TOSTAO_08,CUST_02155
TICKET_001061,2024-04-04,TOSTAO_19,CUST_00602
TICKET_001062,2024-08-10,TOSTAO_09,CUST_02482
TICKET_001063,2024-09-05,TOSTAO_09,CUST_01188
TICKET_001064,2024-06-22,TOSTAO_18,CUST_02493
TICKET_001065,2024-06-24,TOSTAO_11,CUST_01655
TICKET_001066,2024-10-14,TOSTAO_15,CUST_01805
TICKET_001067,2024-02-17,TOSTAO_10,CUST_01699
TICKET_001068,2024-05-17,TOSTAO_12,CUST_00228
TICKET_001069,2024-10-28,TOSTAO_01,CUST_00533
TICKET_001070,2024-08-14,TOSTAO_12,CUST_01478
TICKET_001071,2024-08-21,TOSTAO_05,CUST_02373
TICKET_001072,2024-02-13,TOSTAO_17,CUST_00743
TICKET_001073,2024-02-25,TOSTAO_02,CUST_01083
TICKET_001074,2024-08-13,TOSTAO_03,CUST_00874
TICKET_001075,2024-01-25,TOSTAO_04,CUST_01138
TICKET_001076,2024-08-16,TOSTAO_17,CUST_02368
TICKET_001077,2024-06-11,TOSTAO_19,CUST_00717
TICKET_001078,2024-10-24,TOSTAO_08,CUST_02319
TICKET_001079,2024-11-28,TOSTAO_16,CUST_00890
TICKET_001080,2024-10-14,TOSTAO_04,CUST_02194
TICKET_001081,2024-10-22,TOSTAO_15,CUST_01730
TICKET_001082,2024-08-31,TOSTAO_11,CUST_01050
TICKET_001083,2024-07-25,TOSTAO_16,CUST_02149
TICKET_001084,2024-10-10,TOSTAO_15,CUST_01996
TICKET_001085,2024-02-24,TOSTAO_12,CUST_02175
TICKET_001086,2024-07-02,TOSTAO_15,CUST_00195
TICKET_001087,2024-08-22,TOSTAO_01,CUST_01894
TICKET_001088,2024-06-03,TOSTAO_14,CUST_00468
TICKET_001089,2024-06-09,TOSTAO_13,CUST_00127
TICKET_001090,2024-08-27,TOSTAO_17,CUST_00913
TICKET_001091,2024-06-05,TOSTAO_07,CUST_00659
TICKET_001092,2024-11-22,TOSTAO_07,CUST_00762
TICKET_001093,2024-04-02,TOSTAO_19,CUST_00055
TICKET_001094,2024-09-07,TOSTAO_09,CUST_00561
TICKET_001095,2024-05-06,TOSTAO_08,CUST_00995
TICKET_001096,2024-04-04,TOSTAO_12,CUST_00661
TICKET_001097,2024-12-01,TOSTAO_18,CUST_00855
TICKET_001098,2024-06-02,TOSTAO_20,CUST_00279
TICKET_001099,2024-10-13,TOSTAO_14,CUST_00505
TICKET_001100,2024-01-31,TOSTAO_10,CUST_00492
TICKET_001101,2024-06-10,TOSTAO_08,CUST_00061
TICKET_001102,2024-08-30,TOSTAO_14,CUST_00473
TICKET_001103,2024-01-12,TOSTAO_18,CUST_00449
TICKET_001104,2024-03-02,TOSTAO_03,CUST_00607
TICKET_001105,2024-02-01,TOSTAO_19,CUST_02049
TICKET_001106,2024-10-21,TOSTAO_04,CUST_01204
TICKET_001107,2024-09-19,TOSTAO_20,CUST_00145
TICKET_001108,2024-11-14,TOSTAO_02,CUST_00698
TICKET_001109,2024-07-03,TOSTAO_04,CUST_01650
TICKET_001110,2024-04-04,TOSTAO_04,CUST_01360
TICKET_001111,2024-11-03,TOSTAO_01,CUST_00254
TICKET_001112,2024-03-12,TOSTAO_07,CUST_01692
TICKET_001113,2024-12-11,TOSTAO_16,CUST_01018
TICKET_001114,2024-11-19,TOSTAO_09,CUST_00167
TICKET_001115,2024-03-25,TOSTAO_04,CUST_02153
TICKET_001116,2024-12-19,TOSTAO_06,CUST_02306
TICKET_001117,2024-05-12,TOSTAO_09,CUST_02301
TICKET_001118,2024-05-04,TOSTAO_10,CUST_02355
TICKET_001119,2024-07-05,TOSTAO_19,CUST_01113
TICKET_001120,2024-06-27,TOSTAO_02,CUST_01866
TICKET_001121,2024-10-23,TOSTAO_07,CUST_01246
TICKET_001122,2024-10-08,TOSTAO_06,CUST_00823
TICKET_001123,2024-10-07,TOSTAO_11,CUST_02297
TICKET_001124,2024-05-01,TOSTAO_06,CUST_01340
TICKET_001125,2024-07-18,TOSTAO_16,CUST_01949
TICKET_001126,2024-12-11,TOSTAO_01,CUST_01472
TICKET_001127,2024-09-08,TOSTAO_20,CUST_01840
TICKET_001128,2024-10-24,TOSTAO_02,CUST_01974
TICKET_001129,2024-01-25,TOSTAO_15,CUST_01275
TICKET_001130,2024-03-11,TOSTAO_05,CUST_02304
TICKET_001131,2024-10-06,TOSTAO_15,CUST_01342
TICKET_001132,2024-10-17,TOSTAO_18,CUST_01916
TICKET_001133,2024-11-08,TOSTAO_12,CUST_01397
TICKET_001134,2024-10-30,TOSTAO_14,CUST_01206
TICKET_001135,2024-07-02,TOSTAO_02,CUST_02401
TICKET_001136,2024-05-18,TOSTAO_10,CUST_00762
TICKET_001137,2024-03-09,TOSTAO_12,CUST_01788
TICKET_001138,2024-10-27,TOSTAO_15,CUST_00137
TICKET_001139,2024-10-01,TOSTAO_10,CUST_00343
TICKET_001140,2024-11-18,TOSTAO_03,CUST_01879
TICKET_001141,2024-12-12,TOSTAO_08,CUST_00382
TICKET_001142,2024-12-21,TOSTAO_06,CUST_02031
TICKET_001143,2024-03-12,TOSTAO_11,CUST_01906
TICKET_001144,2024-03-12,TOSTAO_14,CUST_01644
TICKET_001145,2024-05-07,TOSTAO_09,CUST_02283
TICKET_001146,2024-03-20,TOSTAO_04,CUST_02261
TICKET_001147,2024-12-02,TOSTAO_20,CUST_01601
TICKET_001148,2024-08-29,TOSTAO_11,CUST_00554
TICKET_001149,2024-03-17,TOSTAO_12,CUST_02419
TICKET_001150,2024-04-01,TOSTAO_12,CUST_01305
TICKET_001151,2024-04-21,TOSTAO_16,CUST_01704
TICKET_001152,2024-01-14,TOSTAO_06,CUST_00500
TICKET_001153,2024-07-05,TOSTAO_12,CUST_00755
TICKET_001154,2024-12-28,TOSTAO_05,CUST_02179
TICKET_001155,2024-06-16,TOSTAO_13,CUST_02053
TICKET_001156,2024-02-01,TOSTAO_13,CUST_01742
TICKET_001157,2024-09-01,TOSTAO_10,CUST_02396
TICKET_001158,2024-05-14,TOSTAO_19,CUST_01407
TICKET_001159,2024-03-28,TOSTAO_13,CUST_00215
TICKET_001160,2024-07-05,TOSTAO_07,CUST_00309
TICKET_001161,2024-01-18,TOSTAO_13,CUST_01428
TICKET_001162,2024-10-04,TOSTAO_07,CUST_02037
TICKET_001163,2024-01-09,TOSTAO_13,CUST_00676
TICKET_001164,2024-03-16,TOSTAO_01,CUST_00757
TICKET_001165,2024-09-15,TOSTAO_16,CUST_01119
TICKET_001166,2024-09-29,TOSTAO_17,CUST_02456
TICKET_001167,2024-02-26,TOSTAO_20,CUST_01123
TICKET_001168,2024-01-26,TOSTAO_09,CUST_01032
TICKET_001169,2024-09-01,TOSTAO_09,CUST_00555
TICKET_001170,2024-11-19,TOSTAO_01,CUST_02124
TICKET_001171,2024-02-21,TOSTAO_12,CUST_01245
TICKET_001172,2024-09-27,TOSTAO_04,CUST_00234
TICKET_001173,2024-06-29,TOSTAO_10,CUST_00647
TICKET_001174,2024-12-01,TOSTAO_04,CUST_00990
TICKET_001175,2024-09-01,TOSTAO_18,CUST_02260
TICKET_001176,2024-03-03,TOSTAO_15,CUST_01861
TICKET_001177,2024-06-07,TOSTAO_11,CUST_00813
TICKET_001178,2024-10-08,TOSTAO_10,CUST_01818
TICKET_001179,2024-04-14,TOSTAO_20,CUST_00330
TICKET_001180,2024-03-12,TOSTAO_15,CUST_02458
TICKET_001181,2024-09-15,TOSTAO_02,CUST_01596
TICKET_001182,2024-08-18,TOSTAO_15,CUST_00246
TICKET_001183,2024-12-04,TOSTAO_11,CUST_00655
TICKET_001184,2024-01-13,TOSTAO_05,CUST_00098
TICKET_001185,2024-05-28,TOSTAO_12,CUST_01907
TICKET_001186,2024-05-23,TOSTAO_19,CUST_01059
TICKET_001187,2024-06-14,TOSTAO_18,CUST_00535
TICKET_001188,2024-11-17,TOSTAO_16,CUST_00055
TICKET_001189,2024-01-20,TOSTAO_11,CUST_01579
TICKET_001190,2024-09-16,TOSTAO_05,CUST_01911
TICKET_001191,2024-12-18,TOSTAO_10,CUST_01019
TICKET_001192,2024-08-14,TOSTAO_10,CUST_02281
TICKET_001193,2024-04-17,TOSTAO_15,CUST_01627
TICKET_001194,2024-12-29,TOSTAO_16,CUST_01274
TICKET_001195,2024-02-13,TOSTAO_16,CUST_01189
TICKET_001196,2024-10-12,TOSTAO_17,CUST_00819
TICKET_001197,2024-03-31,TOSTAO_08,CUST_01792
TICKET_001198,2024-05-09,TOSTAO_13,CUST_00520
TICKET_001199,2024-05-09,TOSTAO_20,CUST_00460
TICKET_001200,2024-01-02,TOSTAO_14,CUST_02001
TICKET_001201,2024-04-11,TOSTAO_16,CUST_02457
TICKET_001202,2024-12-13,TOSTAO_11,CUST_00922
TICKET_001203,2024-02-15,TOSTAO_12,CUST_01595
TICKET_001204,2024-12-27,TOSTAO_13,CUST_02164
TICKET_001205,2024-11-04,TOSTAO_05,CUST_00186
TICKET_001206,2024-09-12,TOSTAO_02,CUST_01648
TICKET_001207,2024-07-29,TOSTAO_18,CUST_00615
TICKET_001208,2024-05-12,TOSTAO_16,CUST_01058
TICKET_001209,2024-10-15,TOSTAO_07,CUST_01444
TICKET_001210,2024-08-03,TOSTAO_06,CUST_01078
TICKET_001211,2024-07-02,TOSTAO_18,CUST_02366
TICKET_001212,2024-04-13,TOSTAO_09,CUST_01841
TICKET_001213,2024-07-12,TOSTAO_05,CUST_01426
TICKET_001214,2024-05-28,TOSTAO_13,CUST_01366
TICKET_001215,2024-04-28,TOSTAO_14,CUST_01756
TICKET_001216,2024-08-19,TOSTAO_14,CUST_01532
TICKET_001217,2024-06-05,TOSTAO_13,CUST_01955
TICKET_001218,2024-08-21,TOSTAO_13,CUST_00991
TICKET_001219,2024-11-30,TOSTAO_06,CUST_01978
TICKET_001220,2024-07-14,TOSTAO_12,CUST_00607
TICKET_001221,2024-06-09,TOSTAO_04,CUST_01787
TICKET_001222,2024-01-30,TOSTAO_09,CUST_02188
TICKET_001223,2024-08-21,TOSTAO_17,CUST_00766
TICKET_001224,2024-03-29,TOSTAO_16,CUST_02341
TICKET_001225,2024-05-05,TOSTAO_13,CUST_01932
TICKET_001226,2024-11-01,TOSTAO_08,CUST_00040
TICKET_001227,2024-08-23,TOSTAO_03,CUST_01849
TICKET_001228,2024-01-28,TOSTAO_16,CUST_00993
TICKET_001229,2024-03-08,TOSTAO_05,CUST_00598
TICKET_001230,2024-08-10,TOSTAO_17,CUST_01643
TICKET_001231,2024-12-08,TOSTAO_01,CUST_00783
TICKET_001232,2024-03-17,TOSTAO_13,CUST_01436
TICKET_001233,2024-01-11,TOSTAO_19,CUST_01614
TICKET_001234,2024-06-27,TOSTAO_16,CUST_01156
TICKET_001235,2024-03-19,TOSTAO_15,CUST_02417
TICKET_001236,2024-11-10,TOSTAO_06,CUST_02209
TICKET_001237,2024-09-25,TOSTAO_06,CUST_01478
TICKET_001238,2024-05-17,TOSTAO_04,CUST_01500
TICKET_001239,2024-03-02,TOSTAO_18,CUST_00711
TICKET_001240,2024-09-02,TOSTAO_12,CUST_00909
TICKET_001241,2024-06-20,TOSTAO_04,CUST_01050
TICKET_001242,2024-02-23,TOSTAO_15,CUST_01655
TICKET_001243,2024-03-27,TOSTAO_16,CUST_01935
TICKET_001244,2024-04-17,TOSTAO_02,CUST_00777
TICKET_001245,2024-10-16,TOSTAO_15,CUST_02199
TICKET_001246,2024-12-23,TOSTAO_03,CUST_02418
TICKET_001247,2024-04-27,TOSTAO_18,CUST_00755
TICKET_001248,2024-07-06,TOSTAO_04,CUST_01920
TICKET_001249,2024-06-15,TOSTAO_02,CUST_02000
TICKET_001250,2024-04-30,TOSTAO_18,CUST_00247
TICKET_001251,2024-10-30,TOSTAO_19,CUST_00300
TICKET_001252,2024-09-09,TOSTAO_07,CUST_01393
TICKET_001253,2024-09-23,TOSTAO_20,CUST_00858
TICKET_001254,2024-06-22,TOSTAO_18,CUST_01707
TICKET_001255,2024-09-06,TOSTAO_06,CUST_02418
TICKET_001256,2024-06-10,TOSTAO_13,CUST_01092
TICKET_001257,2024-05-03,TOSTAO_06,CUST_02249
TICKET_001258,2024-07-06,TOSTAO_17,CUST_01066
TICKET_001259,2024-05-14,TOSTAO_11,CUST_01086
TICKET_001260,2024-11-02,TOSTAO_16,CUST_01933
TICKET_001261,2024-07-27,TOSTAO_19,CUST_00649
TICKET_001262,2024-06-28,TOSTAO_06,CUST_01401
TICKET_001263,2024-05-22,TOSTAO_03,CUST_00718
TICKET_001264,2024-01-10,TOSTAO_03,CUST_02445
TICKET_001265,2024-10-17,TOSTAO_13,CUST_02216
TICKET_001266,2024-07-23,TOSTAO_19,CUST_01003
TICKET_001267,2024-12-27,TOSTAO_16,CUST_00084
TICKET_001268,2024-12-17,TOSTAO_12,CUST_00277
TICKET_001269,2024-05-25,TOSTAO_05,CUST_01134
TICKET_001270,2024-10-05,TOSTAO_19,CUST_02479
TICKET_001271,2024-08-04,TOSTAO_15,CUST_02420
TICKET_001272,2024-05-12,TOSTAO_14,CUST_01530
TICKET_001273,2024-12-22,TOSTAO_04,CUST_02180
TICKET_001274,2024-12-01,TOSTAO_16,CUST_00357
TICKET_001275,2024-01-04,TOSTAO_13,CUST_00114
TICKET_001276,2024-10-03,TOSTAO_05,CUST_00502
TICKET_001277,2024-02-05,TOSTAO_08,CUST_00149
TICKET_001278,2024-10-19,TOSTAO_01,CUST_02443
TICKET_001279,2024-11-14,TOSTAO_13,CUST_01467
TICKET_001280,2024-09-28,TOSTAO_17,CUST_01923
TICKET_001281,2024-07-25,TOSTAO_01,CUST_00112
TICKET_001282,2024-03-10,TOSTAO_04,CUST_02475
TICKET_001283,2024-06-24,TOSTAO_01,CUST_00612
TICKET_001284,2024-08-05,TOSTAO_09,CUST_01882
TICKET_001285,2024-09-06,TOSTAO_07,CUST_00923
TICKET_001286,2024-01-24,TOSTAO_15,CUST_00434
TICKET_001287,2024-06-24,TOSTAO_15,CUST_02090
TICKET_001288,2024-07-28,TOSTAO_17,CUST_00831
TICKET_001289,2024-03-11,TOSTAO_03,CUST_01360
TICKET_001290,2024-06-29,TOSTAO_07,CUST_01887
TICKET_001291,2024-06-24,TOSTAO_17,CUST_00771
TICKET_001292,2024-12-21,TOSTAO_12,CUST_01254
TICKET_001293,2024-05-14,TOSTAO_13,CUST_01501
TICKET_001294,2024-11-07,TOSTAO_17,CUST_00895
TICKET_001295,2024-06-04,TOSTAO_02,CUST_01300
TICKET_001296,2024-12-07,TOSTAO_16,CUST_00304
TICKET_001297,2024-10-05,TOSTAO_15,CUST_02061
TICKET_001298,2024-01-14,TOSTAO_16,CUST_01192
TICKET_001299,2024-08-21,TOSTAO_01,CUST_00548
TICKET_001300,2024-08-24,TOSTAO_08,CUST_00997
TICKET_001301,2024-02-20,TOSTAO_13,CUST_01362
TICKET_001302,2024-11-24,TOSTAO_15,CUST_01187
TICKET_001303,2024-10-02,TOSTAO_06,CUST_01325
TICKET_001304,2024-12-23,TOSTAO_08,CUST_01319
TICKET_001305,2024-01-07,TOSTAO_03,CUST_00614
TICKET_001306,2024-01-10,TOSTAO_17,CUST_00994
TICKET_001307,2024-03-31,TOSTAO_13,CUST_01754
TICKET_001308,2024-02-27,TOSTAO_03,CUST_00493
TICKET_001309,2024-10-30,TOSTAO_07,CUST_01188
TICKET_001310,2024-03-26,TOSTAO_08,CUST_00844
TICKET_001311,2024-03-06,TOSTAO_10,CUST_01889
TICKET_001312,2024-01-08,TOSTAO_12,CUST_01886
TICKET_001313,2024-07-05,TOSTAO_11,CUST_00897
TICKET_001314,2024-05-29,TOSTAO_17,CUST_00943
TICKET_001315,2024-05-13,TOSTAO_13,CUST_00171
TICKET_001316,2024-10-04,TOSTAO_10,CUST_01133
TICKET_001317,2024-08-24,TOSTAO_10,CUST_02426
TICKET_001318,2024-03-01,TOSTAO_18,CUST_00847
TICKET_001319,2024-12-09,TOSTAO_01,CUST_01643
TICKET_001320,2024-10-08,TOSTAO_15,CUST_01301
TICKET_001321,2024-06-11,TOSTAO_04,CUST_01361
TICKET_001322,2024-02-14,TOSTAO_05,CUST_01603
TICKET_001323,2024-06-26,TOSTAO_17,CUST_02392
TICKET_001324,2024-09-18,TOSTAO_03,CUST_00375
TICKET_001325,2024-03-16,TOSTAO_15,CUST_02165
TICKET_001326,2024-11-17,TOSTAO_10,CUST_01097
TICKET_001327,2024-07-24,TOSTAO_01,CUST_00044
TICKET_001328,2024-03-23,TOSTAO_04,CUST_00794
TICKET_001329,2024-12-02,TOSTAO_20,CUST_00910
TICKET_001330,2024-06-23,TOSTAO_17,CUST_01626
TICKET_001331,2024-02-09,TOSTAO_11,CUST_01843
TICKET_001332,2024-05-21,TOSTAO_12,CUST_00046
TICKET_001333,2024-03-26,TOSTAO_08,CUST_00640
TICKET_001334,2024-02-05,TOSTAO_11,CUST_01817
TICKET_001335,2024-02-19,TOSTAO_05,CUST_01646
TICKET_001336,2024-02-29,TOSTAO_03,CUST_01099
TICKET_001337,2024-10-01,TOSTAO_11,CUST_02263
TICKET_001338,2024-11-19,TOSTAO_16,CUST_01759
TICKET_001339,2024-07-23,TOSTAO_05,CUST_00332
TICKET_001340,2024-07-14,TOSTAO_01,CUST_00458
TICKET_001341,2024-02-10,TOSTAO_11,CUST_02379
TICKET_001342,2024-12-20,TOSTAO_19,CUST_02338
TICKET_001343,2024-07-27,TOSTAO_20,CUST_00393
TICKET_001344,2024-01-27,TOSTAO_17,CUST_01793
TICKET_001345,2024-02-14,TOSTAO_01,CUST_02214
TICKET_001346,2024-06-12,TOSTAO_04,CUST_02270
TICKET_001347,2024-08-21,TOSTAO_11,CUST_01522
TICKET_001348,2024-01-27,TOSTAO_07,CUST_00165
TICKET_001349,2024-03-19,TOSTAO_16,CUST_00246
TICKET_001350,2024-01-16,TOSTAO_15,CUST_01080
TICKET_001351,2024-04-09,TOSTAO_16,CUST_01857
TICKET_001352,2024-04-15,TOSTAO_01,CUST_02124
TICKET_001353,2024-03-11,TOSTAO_07,CUST_00652
TICKET_001354,2024-05-06,TOSTAO_05,CUST_00966
TICKET_001355,2024-08-31,TOSTAO_09,CUST_01127
TICKET_001356,2024-10-22,TOSTAO_18,CUST_00954
TICKET_001357,2024-08-02,TOSTAO_11,CUST_01978
TICKET_001358,2024-02-03,TOSTAO_05,CUST_01750
TICKET_001359,2024-03-27,TOSTAO_14,CUST_00396
TICKET_001360,2024-03-17,TOSTAO_09,CUST_01818
TICKET_001361,2024-03-16,TOSTAO_06,CUST_00185
TICKET_001362,2024-02-25,TOSTAO_14,CUST_00994
TICKET_001363,2024-04-22,TOSTAO_03,CUST_00441
TICKET_001364,2024-06-09,TOSTAO_15,CUST_01746
TICKET_001365,2024-08-27,TOSTAO_12,CUST_01361
TICKET_001366,2024-11-30,TOSTAO_18,CUST_00034
TICKET_001367,2024-12-27,TOSTAO_11,CUST_00724
TICKET_001368,2024-11-03,TOSTAO_17,CUST_00338
TICKET_001369,2024-04-26,TOSTAO_02,CUST_02023
TICKET_001370,2024-07-20,TOSTAO_15,CUST_02434
TICKET_001371,2024-06-10,TOSTAO_19,CUST_00895
TICKET_001372,2024-05-26,TOSTAO_15,CUST_00675
TICKET_001373,2024-02-11,TOSTAO_17,CUST_00966
TICKET_001374,2024-12-25,TOSTAO_04,CUST_00864
TICKET_001375,2024-12-02,TOSTAO_16,CUST_01604
TICKET_001376,2024-10-28,TOSTAO_11,CUST_01291
TICKET_001377,2024-04-03,TOSTAO_08,CUST_00987
TICKET_001378,2024-09-07,TOSTAO_13,CUST_00361
TICKET_001379,2024-08-28,TOSTAO_13,CUST_01794
TICKET_001380,2024-07-30,TOSTAO_06,CUST_02056
TICKET_001381,2024-06-22,TOSTAO_11,CUST_02376
TICKET_001382,2024-02-08,TOSTAO_16,CUST_01657
TICKET_001383,2024-10-02,TOSTAO_13,CUST_01402
TICKET_001384,2024-12-10,TOSTAO_18,CUST_00183
TICKET_001385,2024-05-26,TOSTAO_06,CUST_00310
TICKET_001386,2024-09-19,TOSTAO_10,CUST_00258
TICKET_001387,2024-07-24,TOSTAO_20,CUST_00274
TICKET_001388,2024-05-03,TOSTAO_01,CUST_02228
TICKET_001389,2024-07-28,TOSTAO_13,CUST_01352
TICKET_001390,2024-01-23,TOSTAO_17,CUST_00558
TICKET_001391,2024-08-28,TOSTAO_08,CUST_00454
TICKET_001392,2024-01-13,TOSTAO_14,CUST_01218
TICKET_001393,2024-12-21,TOSTAO_04,CUST_01004
TICKET_001394,2024-01-07,TOSTAO_05,CUST_00136
TICKET_001395,2024-10-07,TOSTAO_07,CUST_01554
TICKET_001396,2024-01-28,TOSTAO_16,CUST_00764
TICKET_001397,2024-05-19,TOSTAO_17,CUST_00379
TICKET_001398,2024-07-16,TOSTAO_15,CUST_01971
TICKET_001399,2024-04-24,TOSTAO_17,CUST_00364
TICKET_001400,2024-02-16,TOSTAO_09,CUST_02143
TICKET_001401,2024-01-08,TOSTAO_11,CUST_01877
TICKET_001402,2024-11-01,TOSTAO_19,CUST_01396
TICKET_001403,2024-08-26,TOSTAO_20,CUST_02005
TICKET_001404,2024-09-19,TOSTAO_06,CUST_01101
TICKET_001405,2024-01-23,TOSTAO_08,CUST_01709
TICKET_001406,2024-04-17,TOSTAO_08,CUST_00293
TICKET_001407,2024-10-27,TOSTAO_18,CUST_00765
TICKET_001408,2024-10-26,TOSTAO_06,CUST_00659
TICKET_001409,2024-11-17,TOSTAO_12,CUST_00993
TICKET_001410,2024-07-21,TOSTAO_04,CUST_00593
TICKET_001411,2024-04-10,TOSTAO_10,CUST_00396
TICKET_001412,2024-01-28,TOSTAO_17,CUST_00628
TICKET_001413,2024-08-27,TOSTAO_20,CUST_02074
TICKET_001414,2024-08-31,TOSTAO_11,CUST_02358
TICKET_001415,2024-02-22,TOSTAO_17,CUST_01060
TICKET_001416,2024-10-12,TOSTAO_14,CUST_00834
TICKET_001417,2024-01-09,TOSTAO_17,CUST_01584
TICKET_001418,2024-04-17,TOSTAO_13,CUST_02081
TICKET_001419,2024-12-23,TOSTAO_01,CUST_00359
TICKET_001420,2024-10-12,TOSTAO_12,CUST_00111
TICKET_001421,2024-03-16,TOSTAO_06,CUST_01310
TICKET_001422,2024-04-07,TOSTAO_08,CUST_01370
TICKET_001423,2024-06-16,TOSTAO_08,CUST_01126
TICKET_001424,2024-10-17,TOSTAO_06,CUST_02126
TICKET_001425,2024-04-06,TOSTAO_12,CUST_02319
TICKET_001426,2024-07-12,TOSTAO_19,CUST_01690
TICKET_001427,2024-08-01,TOSTAO_15,CUST_01557
TICKET_001428,2024-07-19,TOSTAO_12,CUST_01608
TICKET_001429,2024-05-31,TOSTAO_01,CUST_00504
TICKET_001430,2024-08-28,TOSTAO_18,CUST_00351
TICKET_001431,2024-06-17,TOSTAO_13,CUST_01485
TICKET_001432,2024-07-25,TOSTAO_03,CUST_02438
TICKET_001433,2024-09-10,TOSTAO_11,CUST_00500
TICKET_001434,2024-08-15,TOSTAO_14,CUST_00336
TICKET_001435,2024-01-26,TOSTAO_06,CUST_01936
TICKET_001436,2024-12-15,TOSTAO_09,CUST_02478
TICKET_001437,2024-08-09,TOSTAO_13,CUST_01518
TICKET_001438,2024-05-21,TOSTAO_03,CUST_02216
TICKET_001439,2024-02-19,TOSTAO_19,CUST_00302
TICKET_001440,2024-06-04,TOSTAO_20,CUST_02480
TICKET_001441,2024-06-19,TOSTAO_11,CUST_01905
TICKET_001442,2024-10-24,TOSTAO_20,CUST_02417
TICKET_001443,2024-09-12,TOSTAO_17,CUST_01512
TICKET_001444,2024-02-29,TOSTAO_16,CUST_01591
TICKET_001445,2024-03-13,TOSTAO_01,CUST_01249
TICKET_001446,2024-10-22,TOSTAO_06,CUST_00027
TICKET_001447,2024-01-12,TOSTAO_06,CUST_01749
TICKET_001448,2024-06-28,TOSTAO_17,CUST_01468
TICKET_001449,2024-06-14,TOSTAO_20,CUST_01520
TICKET_001450,2024-01-23,TOSTAO_13,CUST_00339
TICKET_001451,2024-12-21,TOSTAO_14,CUST_02075
TICKET_001452,2024-06-26,TOSTAO_06,CUST_00739
TICKET_001453,2024-09-28,TOSTAO_06,CUST_01166
TICKET_001454,2024-02-17,TOSTAO_01,CUST_00543
TICKET_001455,2024-10-26,TOSTAO_03,CUST_01574
TICKET_001456,2024-03-08,TOSTAO_09,CUST_01443
TICKET_001457,2024-08-31,TOSTAO_04,CUST_00570
TICKET_001458,2024-02-01,TOSTAO_14,CUST_01917
TICKET_001459,2024-04-10,TOSTAO_20,CUST_00092
TICKET_001460,2024-03-30,TOSTAO_20,CUST_01232
TICKET_001461,2024-08-01,TOSTAO_14,CUST_01336
TICKET_001462,2024-07-15,TOSTAO_09,CUST_02292
TICKET_001463,2024-02-12,TOSTAO_01,CUST_02269
TICKET_001464,2024-02-10,TOSTAO_02,CUST_01019
TICKET_001465,2024-06-28,TOSTAO_10,CUST_00719
TICKET_001466,2024-07-24,TOSTAO_09,CUST_00717
TICKET_001467,2024-03-26,TOSTAO_09,CUST_02288
TICKET_001468,2024-09-19,TOSTAO_20,CUST_01983
TICKET_001469,2024-02-28,TOSTAO_17,CUST_01366
TICKET_001470,2024-05-25,TOSTAO_10,CUST_01852
TICKET_001471,2024-08-11,TOSTAO_14,CUST_01436
TICKET_001472,2024-01-17,TOSTAO_19,CUST_01093
TICKET_001473,2024-12-12,TOSTAO_18,CUST_02418
TICKET_001474,2024-07-24,TOSTAO_15,CUST_01775
TICKET_001475,2024-05-02,TOSTAO_08,CUST_00445
TICKET_001476,2024-12-19,TOSTAO_18,CUST_01835
TICKET_001477,2024-01-17,TOSTAO_20,CUST_01726
TICKET_001478,2024-12-24,TOSTAO_10,CUST_01173
TICKET_001479,2024-10-12,TOSTAO_14,CUST_01917
TICKET_001480,2024-12-26,TOSTAO_07,CUST_01404
TICKET_001481,2024-06-02,TOSTAO_16,CUST_01785
TICKET_001482,2024-04-08,TOSTAO_15,CUST_01807
TICKET_001483,2024-03-04,TOSTAO_11,CUST_00459
TICKET_001484,2024-03-24,TOSTAO_09,CUST_01482
TICKET_001485,2024-05-01,TOSTAO_14,CUST_01639
TICKET_001486,2024-06-08,TOSTAO_02,CUST_00679
TICKET_001487,2024-05-12,TOSTAO_03,CUST_00281
TICKET_001488,2024-08-24,TOSTAO_20,CUST_00192
TICKET_001489,2024-01-20,TOSTAO_06,CUST_00592
TICKET_001490,2024-01-03,TOSTAO_16,CUST_00942
TICKET_001491,2024-07-31,TOSTAO_02,CUST_00840
TICKET_001492,2024-03-20,TOSTAO_15,CUST_00386
TICKET_001493,2024-07-21,TOSTAO_04,CUST_00864
TICKET_001494,2024-01-17,TOSTAO_17,CUST_01976
TICKET_001495,2024-03-18,TOSTAO_18,CUST_01330
TICKET_001496,2024-01-10,TOSTAO_19,CUST_00899
TICKET_001497,2024-05-11,TOSTAO_03,CUST_00605
TICKET_001498,2024-11-19,TOSTAO_13,CUST_02189
TICKET_001499,2024-08-28,TOSTAO_19,CUST_00850
TICKET_001500,2024-06-28,TOSTAO_04,CUST_01510
TICKET_001501,2024-05-21,TOSTAO_18,CUST_01305
TICKET_001502,2024-09-08,TOSTAO_15,CUST_01166
TICKET_001503,2024-08-23,TOSTAO_17,CUST_00660
TICKET_001504,2024-02-24,TOSTAO_07,CUST_02472
TICKET_001505,2024-02-14,TOSTAO_09,CUST_02414
TICKET_001506,2024-05-01,TOSTAO_20,CUST_01355
TICKET_001507,2024-02-11,TOSTAO_02,CUST_01252
TICKET_001508,2024-10-14,TOSTAO_06,CUST_02046
TICKET_001509,2024-01-22,TOSTAO_14,CUST_02468
TICKET_001510,2024-11-21,TOSTAO_12,CUST_00832
TICKET_001511,2024-07-04,TOSTAO_19,CUST_01797
TICKET_001512,2024-08-11,TOSTAO_19,CUST_00677
TICKET_001513,2024-12-02,TOSTAO_11,CUST_00191
TICKET_001514,2024-05-25,TOSTAO_18,CUST_01684
TICKET_001515,2024-09-22,TOSTAO_18,CUST_00151
TICKET_001516,2024-12-06,TOSTAO_15,CUST_00193
TICKET_001517,2024-03-05,TOSTAO_12,CUST_00684
TICKET_001518,2024-08-23,TOSTAO_09,CUST_01213
TICKET_001519,2024-11-30,TOSTAO_01,CUST_01501
TICKET_001520,2024-06-12,TOSTAO_05,CUST_01960
TICKET_001521,2024-08-17,TOSTAO_15,CUST_02405
TICKET_001522,2024-08-06,TOSTAO_04,CUST_01301
TICKET_001523,2024-10-16,TOSTAO_13,CUST_01694
TICKET_001524,2024-09-21,TOSTAO_08,CUST_00373
TICKET_001525,2024-04-13,TOSTAO_12,CUST_01897
TICKET_001526,2024-06-27,TOSTAO_20,CUST_00912
TICKET_001527,2024-03-07,TOSTAO_10,CUST_00412
TICKET_001528,2024-10-15,TOSTAO_12,CUST_00965
TICKET_001529,2024-12-21,TOSTAO_19,CUST_01740
TICKET_001530,2024-03-13,TOSTAO_01,CUST_00390
TICKET_001531,2024-07-08,TOSTAO_20,CUST_00191
TICKET_001532,2024-09-06,TOSTAO_17,CUST_00988
TICKET_001533,2024-04-14,TOSTAO_07,CUST_02070
TICKET_001534,2024-10-30,TOSTAO_11,CUST_00453
TICKET_001535,2024-06-12,TOSTAO_12,CUST_01134
TICKET_001536,2024-07-31,TOSTAO_15,CUST_01487
TICKET_001537,2024-01-10,TOSTAO_11,CUST_02292
TICKET_001538,2024-09-02,TOSTAO_08,CUST_02200
TICKET_001539,2024-04-17,TOSTAO_05,CUST_00132
TICKET_001540,2024-09-17,TOSTAO_18,CUST_00687
TICKET_001541,2024-01-31,TOSTAO_16,CUST_00440
TICKET_001542,2024-06-10,TOSTAO_13,CUST_00704
TICKET_001543,2024-08-10,TOSTAO_18,CUST_01213
TICKET_001544,2024-09-10,TOSTAO_06,CUST_00403
TICKET_001545,2024-10-27,TOSTAO_05,CUST_00751
TICKET_001546,2024-03-07,TOSTAO_19,CUST_01673
TICKET_001547,2024-07-08,TOSTAO_17,CUST_01702
TICKET_001548,2024-06-06,TOSTAO_08,CUST_00217
TICKET_001549,2024-11-30,TOSTAO_13,CUST_01179
TICKET_001550,2024-05-23,TOSTAO_13,CUST_02416
TICKET_001551,2024-11-02,TOSTAO_08,CUST_01318
TICKET_001552,2024-07-25,TOSTAO_02,CUST_02261
TICKET_001553,2024-05-16,TOSTAO_01,CUST_01961
TICKET_001554,2024-07-10,TOSTAO_10,CUST_00601
TICKET_001555,2024-01-08,TOSTAO_08,CUST_02064
TICKET_001556,2024-02-22,TOSTAO_02,CUST_01640
TICKET_001557,2024-02-03,TOSTAO_03,CUST_00059
TICKET_001558,2024-04-21,TOSTAO_01,CUST_00317
TICKET_001559,2024-01-18,TOSTAO_16,CUST_01179
TICKET_001560,2024-06-27,TOSTAO_09,CUST_01054
TICKET_001561,2024-09-16,TOSTAO_08,CUST_01715
TICKET_001562,2024-09-03,TOSTAO_11,CUST_02031
TICKET_001563,2024-04-26,TOSTAO_18,CUST_01672
TICKET_001564,2024-05-19,TOSTAO_14,CUST_01678
TICKET_001565,2024-07-12,TOSTAO_10,CUST_02321
TICKET_001566,2024-08-03,TOSTAO_04,CUST_01497
TICKET_001567,2024-04-04,TOSTAO_20,CUST_00150
TICKET_001568,2024-04-18,TOSTAO_08,CUST_00295
TICKET_001569,2024-02-06,TOSTAO_09,CUST_02279
TICKET_001570,2024-03-18,TOSTAO_13,CUST_00401
TICKET_001571,2024-09-15,TOSTAO_01,CUST_01546
TICKET_001572,2024-04-28,TOSTAO_05,CUST_02372
TICKET_001573,2024-04-22,TOSTAO_15,CUST_01270
TICKET_001574,2024-12-07,TOSTAO_07,CUST_01058
TICKET_001575,2024-10-11,TOSTAO_05,CUST_02441
TICKET_001576,2024-08-13,TOSTAO_07,CUST_00884
TICKET_001577,2024-04-04,TOSTAO_13,CUST_00983
TICKET_001578,2024-04-25,TOSTAO_09,CUST_01277
TICKET_001579,2024-04-11,TOSTAO_15,CUST_00465
TICKET_001580,2024-08-13,TOSTAO_13,CUST_00222
TICKET_001581,2024-07-03,TOSTAO_11,CUST_00112
TICKET_001582,2024-11-15,TOSTAO_11,CUST_00497
TICKET_001583,2024-07-04,TOSTAO_09,CUST_00673
TICKET_001584,2024-08-31,TOSTAO_07,CUST_00999
TICKET_001585,2024-10-27,TOSTAO_02,CUST_00031
TICKET_001586,2024-10-31,TOSTAO_20,CUST_01802
TICKET_001587,2024-09-16,TOSTAO_04,CUST_00024
TICKET_001588,2024-07-26,TOSTAO_06,CUST_01220
TICKET_001589,2024-01-09,TOSTAO_16,CUST_00782
TICKET_001590,2024-04-26,TOSTAO_15,CUST_02400
TICKET_001591,2024-12-14,TOSTAO_15,CUST_01463
TICKET_001592,2024-07-29,TOSTAO_18,CUST_01827
TICKET_001593,2024-01-30,TOSTAO_05,CUST_02399
TICKET_001594,2024-03-03,TOSTAO_08,CUST_01688
TICKET_001595,2024-04-25,TOSTAO_10,CUST_01938
TICKET_001596,2024-12-25,TOSTAO_02,CUST_02427
TICKET_001597,2024-10-13,TOSTAO_03,CUST_01173
TICKET_001598,2024-12-20,TOSTAO_18,CUST_02471
TICKET_001599,2024-07-09,TOSTAO_07,CUST_00664
TICKET_001600,2024-06-12,TOSTAO_08,CUST_01042
TICKET_001601,2024-01-01,TOSTAO_06,CUST_01529
TICKET_001602,2024-10-22,TOSTAO_14,CUST_01771
TICKET_001603,2024-09-08,TOSTAO_10,CUST_01337
TICKET_001604,2024-10-11,TOSTAO_09,CUST_01290
TICKET_001605,2024-04-11,TOSTAO_17,CUST_02100
TICKET_001606,2024-08-06,TOSTAO_16,CUST_02193
TICKET_001607,2024-03-29,TOSTAO_09,CUST_01442
TICKET_001608,2024-12-23,TOSTAO_09,CUST_01049
TICKET_001609,2024-10-08,TOSTAO_07,CUST_00983
TICKET_001610,2024-04-22,TOSTAO_15,CUST_01623
TICKET_001611,2024-04-07,TOSTAO_17,CUST_01763
TICKET_001612,2024-04-06,TOSTAO_02,CUST_01474
TICKET_001613,2024-07-07,TOSTAO_20,CUST_01994
TICKET_001614,2024-09-18,TOSTAO_18,CUST_02004
TICKET_001615,2024-07-29,TOSTAO_20,CUST_00851
TICKET_001616,2024-01-15,TOSTAO_07,CUST_00304
TICKET_001617,2024-09-01,TOSTAO_01,CUST_00713
TICKET_001618,2024-03-06,TOSTAO_11,CUST_02327
TICKET_001619,2024-05-24,TOSTAO_05,CUST_02411
TICKET_001620,2024-08-26,TOSTAO_20,CUST_01541
TICKET_001621,2024-01-13,TOSTAO_05,CUST_00620
TICKET_001622,2024-12-29,TOSTAO_17,CUST_00753
TICKET_001623,2024-12-18,TOSTAO_10,CUST_01547
TICKET_001624,2024-06-22,TOSTAO_06,CUST_00260
TICKET_001625,2024-03-10,TOSTAO_12,CUST_02350
TICKET_001626,2024-09-05,TOSTAO_16,CUST_02036
TICKET_001627,2024-03-27,TOSTAO_15,CUST_00165
TICKET_001628,2024-04-15,TOSTAO_07,CUST_00842
TICKET_001629,2024-06-01,TOSTAO_17,CUST_02122
TICKET_001630,2024-10-22,TOSTAO_03,CUST_01039
TICKET_001631,2024-10-14,TOSTAO_15,CUST_01716
TICKET_001632,2024-03-10,TOSTAO_01,CUST_01725
TICKET_001633,2024-09-16,TOSTAO_02,CUST_01309
TICKET_001634,2024-12-22,TOSTAO_12,CUST_01817
TICKET_001635,2024-07-04,TOSTAO_07,CUST_01988
TICKET_001636,2024-11-16,TOSTAO_15,CUST_01826
TICKET_001637,2024-07-06,TOSTAO_04,CUST_01476
TICKET_001638,2024-09-22,TOSTAO_10,CUST_01708
TICKET_001639,2024-08-01,TOSTAO_14,CUST_00376
TICKET_001640,2024-10-30,TOSTAO_12,CUST_00786
TICKET_001641,2024-10-16,TOSTAO_04,CUST_00870
TICKET_001642,2024-06-23,TOSTAO_18,CUST_02008
TICKET_001643,2024-01-07,TOSTAO_04,CUST_01349
TICKET_001644,2024-10-14,TOSTAO_20,CUST_00501
TICKET_001645,2024-04-13,TOSTAO_11,CUST_01328
TICKET_001646,2024-12-17,TOSTAO_05,CUST_00460
TICKET_001647,2024-07-05,TOSTAO_12,CUST_01624
TICKET_001648,2024-02-18,TOSTAO_11,CUST_00179
TICKET_001649,2024-09-09,TOSTAO_20,CUST_00223
TICKET_001650,2024-01-07,TOSTAO_11,CUST_01669
TICKET_001651,2024-08-18,TOSTAO_20,CUST_00921
TICKET_001652,2024-06-16,TOSTAO_10,CUST_01775
TICKET_001653,2024-06-19,TOSTAO_18,CUST_01231
TICKET_001654,2024-09-12,TOSTAO_02,CUST_00173
TICKET_001655,2024-07-21,TOSTAO_11,CUST_01090
TICKET_001656,2024-09-10,TOSTAO_15,CUST_00940
TICKET_001657,2024-03-07,TOSTAO_02,CUST_00215
TICKET_001658,2024-02-12,TOSTAO_03,CUST_01520
TICKET_001659,2024-11-18,TOSTAO_20,CUST_02186
TICKET_001660,2024-12-18,TOSTAO_06,CUST_02459
TICKET_001661,2024-02-20,TOSTAO_18,CUST_01539
TICKET_001662,2024-12-07,TOSTAO_09,CUST_01459
TICKET_001663,2024-02-09,TOSTAO_17,CUST_00903
TICKET_001664,2024-04-26,TOSTAO_09,CUST_02093
TICKET_001665,2024-02-04,TOSTAO_11,CUST_02245
TICKET_001666,2024-10-03,TOSTAO_01,CUST_01426
TICKET_001667,2024-12-06,TOSTAO_07,CUST_00100
TICKET_001668,2024-03-12,TOSTAO_20,CUST_01838
TICKET_001669,2024-04-12,TOSTAO_20,CUST_02147
TICKET_001670,2024-07-08,TOSTAO_10,CUST_00185
TICKET_001671,2024-11-13,TOSTAO_01,CUST_02349
TICKET_001672,2024-05-19,TOSTAO_01,CUST_00661
TICKET_001673,2024-01-17,TOSTAO_17,CUST_00582
TICKET_001674,2024-10-10,TOSTAO_18,CUST_01071
TICKET_001675,2024-05-10,TOSTAO_04,CUST_00061
TICKET_001676,2024-02-07,TOSTAO_16,CUST_01343
TICKET_001677,2024-02-24,TOSTAO_04,CUST_00904
TICKET_001678,2024-10-19,TOSTAO_01,CUST_00129
TICKET_001679,2024-11-22,TOSTAO_17,CUST_00646
TICKET_001680,2024-08-05,TOSTAO_13,CUST_00993
TICKET_001681,2024-05-16,TOSTAO_19,CUST_00992
TICKET_001682,2024-03-01,TOSTAO_15,CUST_00122
TICKET_001683,2024-03-19,TOSTAO_01,CUST_01362
TICKET_001684,2024-11-11,TOSTAO_12,CUST_01577
TICKET_001685,2024-12-14,TOSTAO_14,CUST_02372
TICKET_001686,2024-10-18,TOSTAO_16,CUST_00484
TICKET_001687,2024-01-06,TOSTAO_01,CUST_00423
TICKET_001688,2024-10-03,TOSTAO_16,CUST_00801
TICKET_001689,2024-07-27,TOSTAO_03,CUST_00586
TICKET_001690,2024-01-10,TOSTAO_17,CUST_01346
TICKET_001691,2024-09-04,TOSTAO_09,CUST_02119
TICKET_001692,2024-05-22,TOSTAO_07,CUST_01524
TICKET_001693,2024-04-19,TOSTAO_10,CUST_01515
TICKET_001694,2024-08-05,TOSTAO_18,CUST_01243
TICKET_001695,2024-01-15,TOSTAO_12,CUST_00895
TICKET_001696,2024-09-17,TOSTAO_10,CUST_00136
TICKET_001697,2024-03-07,TOSTAO_05,CUST_02122
TICKET_001698,2024-10-04,TOSTAO_08,CUST_02272
TICKET_001699,2024-03-22,TOSTAO_01,CUST_01757
TICKET_001700,2024-12-13,TOSTAO_07,CUST_01784
TICKET_001701,2024-04-30,TOSTAO_01,CUST_01235
TICKET_001702,2024-06-08,TOSTAO_09,CUST_00357
TICKET_001703,2024-07-17,TOSTAO_19,CUST_01026
TICKET_001704,2024-08-09,TOSTAO_20,CUST_00404
TICKET_001705,2024-12-18,TOSTAO_08,CUST_00319
TICKET_001706,2024-12-01,TOSTAO_20,CUST_01214
TICKET_001707,2024-02-08,TOSTAO_15,CUST_02169
TICKET_001708,2024-11-16,TOSTAO_16,CUST_00660
TICKET_001709,2024-03-14,TOSTAO_12,CUST_01216
TICKET_001710,2024-10-16,TOSTAO_03,CUST_02257
TICKET_001711,2024-09-08,TOSTAO_05,CUST_00554
TICKET_001712,2024-12-04,TOSTAO_12,CUST_00548
TICKET_001713,2024-07-07,TOSTAO_05,CUST_02157
TICKET_001714,2024-08-02,TOSTAO_07,CUST_02315
TICKET_001715,2024-08-27,TOSTAO_08,CUST_01964
TICKET_001716,2024-10-05,TOSTAO_09,CUST_00016
TICKET_001717,2024-06-26,TOSTAO_15,CUST_01060
TICKET_001718,2024-04-06,TOSTAO_14,CUST_01266
TICKET_001719,2024-07-16,TOSTAO_19,CUST_01025
TICKET_001720,2024-03-01,TOSTAO_09,CUST_00786
TICKET_001721,2024-06-30,TOSTAO_15,CUST_02447
TICKET_001722,2024-11-18,TOSTAO_02,CUST_00055
TICKET_001723,2024-11-07,TOSTAO_02,CUST_00802
TICKET_001724,2024-06-01,TOSTAO_15,CUST_01468
TICKET_001725,2024-09-14,TOSTAO_15,CUST_01374
TICKET_001726,2024-09-05,TOSTAO_07,CUST_00703
TICKET_001727,2024-03-25,TOSTAO_01,CUST_02052
TICKET_001728,2024-06-20,TOSTAO_15,CUST_00350
TICKET_001729,2024-07-26,TOSTAO_13,CUST_00085
TICKET_001730,2024-03-24,TOSTAO_06,CUST_01157
TICKET_001731,2024-05-20,TOSTAO_08,CUST_02068
TICKET_001732,2024-02-23,TOSTAO_09,CUST_01957
TICKET_001733,2024-10-16,TOSTAO_01,CUST_02135
TICKET_001734,2024-07-04,TOSTAO_15,CUST_00369
TICKET_001735,2024-03-12,TOSTAO_09,CUST_00095
TICKET_001736,2024-08-27,TOSTAO_20,CUST_00988
TICKET_001737,2024-01-14,TOSTAO_13,CUST_00408
TICKET_001738,2024-06-02,TOSTAO_07,CUST_01081
TICKET_001739,2024-04-24,TOSTAO_04,CUST_01892
TICKET_001740,2024-04-06,TOSTAO_20,CUST_00790
TICKET_001741,2024-12-10,TOSTAO_08,CUST_01905
TICKET_001742,2024-09-21,TOSTAO_04,CUST_02275
TICKET_001743,2024-03-09,TOSTAO_19,CUST_01254
TICKET_001744,2024-08-10,TOSTAO_09,CUST_02453
TICKET_001745,2024-04-22,TOSTAO_18,CUST_01301
TICKET_001746,2024-04-28,TOSTAO_20,CUST_01185
TICKET_001747,2024-02-03,TOSTAO_08,CUST_00167
TICKET_001748,2024-12-02,TOSTAO_06,CUST_01698
TICKET_001749,2024-04-19,TOSTAO_14,CUST_01269
TICKET_001750,2024-05-13,TOSTAO_14,CUST_01604
TICKET_001751,2024-08-15,TOSTAO_08,CUST_00724
TICKET_001752,2024-03-15,TOSTAO_18,CUST_02122
TICKET_001753,2024-08-06,TOSTAO_06,CUST_01838
TICKET_001754,2024-03-21,TOSTAO_12,CUST_02417
TICKET_001755,2024-02-10,TOSTAO_09,CUST_02288
TICKET_001756,2024-07-20,TOSTAO_03,CUST_00536
TICKET_001757,2024-02-29,TOSTAO_03,CUST_00527
TICKET_001758,2024-05-24,TOSTAO_08,CUST_01374
TICKET_001759,2024-04-04,TOSTAO_20,CUST_00353
TICKET_001760,2024-11-03,TOSTAO_08,CUST_02333
TICKET_001761,2024-11-04,TOSTAO_19,CUST_01972
TICKET_001762,2024-03-11,TOSTAO_06,CUST_01027
TICKET_001763,2024-07-31,TOSTAO_20,CUST_00303
TICKET_001764,2024-09-26,TOSTAO_02,CUST_00818
TICKET_001765,2024-05-08,TOSTAO_03,CUST_01396
TICKET_001766,2024-07-02,TOSTAO_06,CUST_02264
TICKET_001767,2024-06-12,TOSTAO_03,CUST_01317
TICKET_001768,2024-01-06,TOSTAO_16,CUST_01910
TICKET_001769,2024-02-21,TOSTAO_12,CUST_00959
TICKET_001770,2024-03-07,TOSTAO_18,CUST_00206
TICKET_001771,2024-02-18,TOSTAO_15,CUST_00708
TICKET_001772,2024-11-04,TOSTAO_16,CUST_01804
TICKET_001773,2024-12-23,TOSTAO_17,CUST_02475
TICKET_001774,2024-12-09,TOSTAO_11,CUST_00277
TICKET_001775,2024-04-06,TOSTAO_11,CUST_01324
TICKET_001776,2024-12-01,TOSTAO_14,CUST_00098
TICKET_001777,2024-07-20,TOSTAO_19,CUST_02498
TICKET_001778,2024-08-17,TOSTAO_18,CUST_02292
TICKET_001779,2024-01-21,TOSTAO_10,CUST_01999
TICKET_001780,2024-04-30,TOSTAO_20,CUST_00712
TICKET_001781,2024-11-13,TOSTAO_06,CUST_00550
TICKET_001782,2024-02-15,TOSTAO_20,CUST_02095
TICKET_001783,2024-06-04,TOSTAO_05,CUST_01856
TICKET_001784,2024-04-11,TOSTAO_19,CUST_01897
TICKET_001785,2024-08-17,TOSTAO_12,CUST_02156
TICKET_001786,2024-12-26,TOSTAO_05,CUST_01552
TICKET_001787,2024-01-03,TOSTAO_01,CUST_02225
TICKET_001788,2024-09-05,TOSTAO_02,CUST_00798
TICKET_001789,2024-06-28,TOSTAO_15,CUST_00313
TICKET_001790,2024-04-08,TOSTAO_02,CUST_00257
TICKET_001791,2024-05-16,TOSTAO_03,CUST_00754
TICKET_001792,2024-04-21,TOSTAO_09,CUST_00392
TICKET_001793,2024-08-23,TOSTAO_19,CUST_02030
TICKET_001794,2024-07-10,TOSTAO_10,CUST_01055
TICKET_001795,2024-05-18,TOSTAO_02,CUST_01106
TICKET_001796,2024-08-18,TOSTAO_16,CUST_02403
TICKET_001797,2024-11-15,TOSTAO_05,CUST_02280
TICKET_001798,2024-06-18,TOSTAO_08,CUST_01973
TICKET_001799,2024-12-29,TOSTAO_04,CUST_00551
TICKET_001800,2024-10-18,TOSTAO_18,CUST_02281
TICKET_001801,2024-01-28,TOSTAO_17,CUST_02453
TICKET_001802,2024-10-13,TOSTAO_10,CUST_01026
TICKET_001803,2024-07-22,TOSTAO_15,CUST_00348
TICKET_001804,2024-08-07,TOSTAO_13,CUST_01044
TICKET_001805,2024-06-16,TOSTAO_03,CUST_01949
TICKET_001806,2024-07-25,TOSTAO_06,CUST_00129
TICKET_001807,2024-12-14,TOSTAO_01,CUST_00238
TICKET_001808,2024-04-08,TOSTAO_02,CUST_00355
TICKET_001809,2024-11-03,TOSTAO_12,CUST_01170
TICKET_001810,2024-03-09,TOSTAO_04,CUST_01782
TICKET_001811,2024-04-12,TOSTAO_07,CUST_01158
TICKET_001812,2024-09-06,TOSTAO_16,CUST_00599
TICKET_001813,2024-06-20,TOSTAO_06,CUST_01759
TICKET_001814,2024-01-15,TOSTAO_08,CUST_01136
TICKET_001815,2024-04-01,TOSTAO_11,CUST_01170
TICKET_001816,2024-06-05,TOSTAO_19,CUST_01187
TICKET_001817,2024-01-22,TOSTAO_05,CUST_02285
TICKET_001818,2024-08-07,TOSTAO_14,CUST_01455
TICKET_001819,2024-03-05,TOSTAO_15,CUST_01268
TICKET_001820,2024-04-22,TOSTAO_15,CUST_01242
TICKET_001821,2024-02-24,TOSTAO_09,CUST_01364
TICKET_001822,2024-06-28,TOSTAO_02,CUST_00518
TICKET_001823,2024-01-10,TOSTAO_19,CUST_00713
TICKET_001824,2024-05-30,TOSTAO_02,CUST_01333
TICKET_001825,2024-12-09,TOSTAO_18,CUST_00740
TICKET_001826,2024-01-17,TOSTAO_07,CUST_01285
TICKET_001827,2024-08-02,TOSTAO_18,CUST_02415
TICKET_001828,2024-09-21,TOSTAO_08,CUST_02355
TICKET_001829,2024-05-19,TOSTAO_18,CUST_01020
TICKET_001830,2024-10-05,TOSTAO_13,CUST_01660
TICKET_001831,2024-04-30,TOSTAO_13,CUST_01102
TICKET_001832,2024-08-29,TOSTAO_14,CUST_02432
TICKET_001833,2024-01-21,TOSTAO_06,CUST_01177
TICKET_001834,2024-06-19,TOSTAO_16,CUST_02261
TICKET_001835,2024-05-16,TOSTAO_18,CUST_02093
TICKET_001836,2024-08-15,TOSTAO_09,CUST_01275
TICKET_001837,2024-05-26,TOSTAO_01,CUST_01425
TICKET_001838,2024-01-06,TOSTAO_08,CUST_00230
TICKET_001839,2024-02-18,TOSTAO_02,CUST_00974
TICKET_001840,2024-04-30,TOSTAO_07,CUST_00773
TICKET_001841,2024-12-22,TOSTAO_20,CUST_02050
TICKET_001842,2024-08-08,TOSTAO_09,CUST_00514
TICKET_001843,2024-10-05,TOSTAO_05,CUST_01373
TICKET_001844,2024-01-17,TOSTAO_16,CUST_01332
TICKET_001845,2024-12-16,TOSTAO_01,CUST_00870
TICKET_001846,2024-02-19,TOSTAO_15,CUST_01036
TICKET_001847,2024-04-07,TOSTAO_06,CUST_01063
TICKET_001848,2024-04-06,TOSTAO_05,CUST_00262
TICKET_001849,2024-06-23,TOSTAO_02,CUST_01861
TICKET_001850,2024-08-05,TOSTAO_08,CUST_01430
TICKET_001851,2024-04-19,TOSTAO_08,CUST_02139
TICKET_001852,2024-10-24,TOSTAO_06,CUST_01529
TICKET_001853,2024-11-29,TOSTAO_12,CUST_00949
TICKET_001854,2024-06-08,TOSTAO_07,CUST_00018
TICKET_001855,2024-12-18,TOSTAO_03,CUST_00755
TICKET_001856,2024-01-17,TOSTAO_16,CUST_00652
TICKET_001857,2024-07-23,TOSTAO_07,CUST_01177
TICKET_001858,2024-06-12,TOSTAO_03,CUST_01858
TICKET_001859,2024-11-21,TOSTAO_14,CUST_00684
TICKET_001860,2024-03-03,TOSTAO_04,CUST_00393
TICKET_001861,2024-05-07,TOSTAO_09,CUST_02232
TICKET_001862,2024-09-10,TOSTAO_07,CUST_02166
TICKET_001863,2024-07-30,TOSTAO_02,CUST_01241
TICKET_001864,2024-03-20,TOSTAO_16,CUST_00614
TICKET_001865,2024-08-15,TOSTAO_19,CUST_01404
TICKET_001866,2024-02-11,TOSTAO_05,CUST_01950
TICKET_001867,2024-08-01,TOSTAO_06,CUST_00506
TICKET_001868,2024-07-03,TOSTAO_01,CUST_01072
TICKET_001869,2024-04-01,TOSTAO_09,CUST_00079
TICKET_001870,2024-07-20,TOSTAO_14,CUST_00853
TICKET_001871,2024-07-17,TOSTAO_20,CUST_01799
TICKET_001872,2024-06-27,TOSTAO_11,CUST_01587
TICKET_001873,2024-10-22,TOSTAO_16,CUST_00358
TICKET_001874,2024-03-18,TOSTAO_09,CUST_02338
TICKET_001875,2024-07-11,TOSTAO_03,CUST_00843
TICKET_001876,2024-09-05,TOSTAO_03,CUST_01261
TICKET_001877,2024-11-10,TOSTAO_12,CUST_00476
TICKET_001878,2024-08-20,TOSTAO_04,CUST_00960
TICKET_001879,2024-11-13,TOSTAO_08,CUST_00792
TICKET_001880,2024-01-21,TOSTAO_20,CUST_01220
TICKET_001881,2024-05-18,TOSTAO_06,CUST_00847
TICKET_001882,2024-09-08,TOSTAO_16,CUST_01772
TICKET_001883,2024-04-05,TOSTAO_13,CUST_00945
TICKET_001884,2024-06-05,TOSTAO_11,CUST_02327
TICKET_001885,2024-07-05,TOSTAO_09,CUST_00922
TICKET_001886,2024-09-15,TOSTAO_12,CUST_01522
TICKET_001887,2024-01-09,TOSTAO_11,CUST_01154
TICKET_001888,2024-09-25,TOSTAO_16,CUST_02136
TICKET_001889,2024-04-22,TOSTAO_14,CUST_02286
TICKET_001890,2024-06-25,TOSTAO_15,CUST_01317
TICKET_001891,2024-08-12,TOSTAO_08,CUST_00663
TICKET_001892,2024-06-06,TOSTAO_20,CUST_01327
TICKET_001893,2024-05-15,TOSTAO_18,CUST_02484
TICKET_001894,2024-09-01,TOSTAO_04,CUST_02486
TICKET_001895,2024-05-05,TOSTAO_14,CUST_00088
TICKET_001896,2024-10-27,TOSTAO_15,CUST_00203
TICKET_001897,2024-11-12,TOSTAO_01,CUST_01293
TICKET_001898,2024-07-10,TOSTAO_11,CUST_00796
TICKET_001899,2024-08-29,TOSTAO_01,CUST_01970
TICKET_001900,2024-03-27,TOSTAO_17,CUST_00226
TICKET_001901,2024-10-22,TOSTAO_07,CUST_01996
TICKET_001902,2024-10-09,TOSTAO_17,CUST_02483
TICKET_001903,2024-02-19,TOSTAO_17,CUST_01569
TICKET_001904,2024-12-06,TOSTAO_12,CUST_00778
TICKET_001905,2024-09-25,TOSTAO_14,CUST_01012
TICKET_001906,2024-11-05,TOSTAO_09,CUST_02174
TICKET_001907,2024-06-24,TOSTAO_09,CUST_01619
TICKET_001908,2024-06-27,TOSTAO_04,CUST_00815
TICKET_001909,2024-07-05,TOSTAO_04,CUST_02460
TICKET_001910,2024-10-24,TOSTAO_19,CUST_00416
TICKET_001911,2024-02-01,TOSTAO_05,CUST_01095
TICKET_001912,2024-06-13,TOSTAO_09,CUST_02378
TICKET_001913,2024-02-03,TOSTAO_05,CUST_02475
TICKET_001914,2024-12-25,TOSTAO_12,CUST_00773
TICKET_001915,2024-12-28,TOSTAO_11,CUST_02049
TICKET_001916,2024-02-13,TOSTAO_08,CUST_01439
TICKET_001917,2024-09-21,TOSTAO_17,CUST_00782
TICKET_001918,2024-07-26,TOSTAO_11,CUST_00215
TICKET_001919,2024-07-05,TOSTAO_08,CUST_02264
TICKET_001920,2024-06-21,TOSTAO_09,CUST_01251
TICKET_001921,2024-04-21,TOSTAO_11,CUST_00662
TICKET_001922,2024-10-30,TOSTAO_06,CUST_01644
TICKET_001923,2024-10-20,TOSTAO_19,CUST_01890
TICKET_001924,2024-12-19,TOSTAO_05,CUST_01805
TICKET_001925,2024-02-19,TOSTAO_19,CUST_01259
TICKET_001926,2024-10-23,TOSTAO_11,CUST_00042
TICKET_001927,2024-07-14,TOSTAO_05,CUST_01798
TICKET_001928,2024-08-20,TOSTAO_15,CUST_02282
TICKET_001929,2024-07-18,TOSTAO_07,CUST_01826
TICKET_001930,2024-09-15,TOSTAO_19,CUST_00934
TICKET_001931,2024-08-29,TOSTAO_08,CUST_02058
TICKET_001932,2024-02-19,TOSTAO_01,CUST_01914
TICKET_001933,2024-03-17,TOSTAO_18,CUST_01507
TICKET_001934,2024-05-16,TOSTAO_07,CUST_01547
TICKET_001935,2024-04-11,TOSTAO_19,CUST_00189
TICKET_001936,2024-11-18,TOSTAO_10,CUST_00851
TICKET_001937,2024-11-10,TOSTAO_01,CUST_02149
TICKET_001938,2024-09-10,TOSTAO_13,CUST_00516
TICKET_001939,2024-05-15,TOSTAO_01,CUST_01325
TICKET_001940,2024-05-05,TOSTAO_18,CUST_01402
TICKET_001941,2024-06-21,TOSTAO_11,CUST_00600
TICKET_001942,2024-05-09,TOSTAO_18,CUST_01496
TICKET_001943,2024-12-20,TOSTAO_20,CUST_00658
TICKET_001944,2024-08-17,TOSTAO_01,CUST_02449
TICKET_001945,2024-02-15,TOSTAO_08,CUST_01421
TICKET_001946,2024-07-14,TOSTAO_05,CUST_00390
TICKET_001947,2024-10-25,TOSTAO_06,CUST_02328
TICKET_001948,2024-05-18,TOSTAO_01,CUST_01858
TICKET_001949,2024-08-05,TOSTAO_05,CUST_00271
TICKET_001950,2024-03-18,TOSTAO_13,CUST_01634
TICKET_001951,2024-10-08,TOSTAO_11,CUST_02473
TICKET_001952,2024-07-29,TOSTAO_09,CUST_01082
TICKET_001953,2024-09-27,TOSTAO_19,CUST_01258
TICKET_001954,2024-08-30,TOSTAO_19,CUST_02370
TICKET_001955,2024-02-25,TOSTAO_06,CUST_00420
TICKET_001956,2024-11-04,TOSTAO_20,CUST_01209
TICKET_001957,2024-04-12,TOSTAO_13,CUST_00420
TICKET_001958,2024-10-08,TOSTAO_03,CUST_00811
TICKET_001959,2024-06-21,TOSTAO_12,CUST_00529
TICKET_001960,2024-03-08,TOSTAO_13,CUST_00691
TICKET_001961,2024-08-20,TOSTAO_15,CUST_00942
TICKET_001962,2024-07-02,TOSTAO_17,CUST_00123
TICKET_001963,2024-03-23,TOSTAO_09,CUST_02161
TICKET_001964,2024-10-13,TOSTAO_09,CUST_01263
TICKET_001965,2024-06-15,TOSTAO_12,CUST_00655
TICKET_001966,2024-07-18,TOSTAO_07,CUST_01086
TICKET_001967,2024-07-22,TOSTAO_12,CUST_00936
TICKET_001968,2024-07-17,TOSTAO_11,CUST_00240
TICKET_001969,2024-01-07,TOSTAO_17,CUST_02227
TICKET_001970,2024-01-01,TOSTAO_14,CUST_01911
TICKET_001971,2024-04-24,TOSTAO_13,CUST_00553
TICKET_001972,2024-05-20,TOSTAO_03,CUST_01004
TICKET_001973,2024-08-11,TOSTAO_01,CUST_00842
TICKET_001974,2024-04-24,TOSTAO_16,CUST_01554
TICKET_001975,2024-06-07,TOSTAO_16,CUST_01609
TICKET_001976,2024-04-25,TOSTAO_14,CUST_02164
TICKET_001977,2024-08-09,TOSTAO_13,CUST_01200
TICKET_001978,2024-12-29,TOSTAO_01,CUST_00633
TICKET_001979,2024-04-25,TOSTAO_15,CUST_01242
TICKET_001980,2024-01-10,TOSTAO_04,CUST_00802
TICKET_001981,2024-10-14,TOSTAO_01,CUST_02296
TICKET_001982,2024-04-21,TOSTAO_15,CUST_00822
TICKET_001983,2024-06-08,TOSTAO_11,CUST_00096
TICKET_001984,2024-02-01,TOSTAO_11,CUST_01203
TICKET_001985,2024-10-24,TOSTAO_09,CUST_02059
TICKET_001986,2024-10-22,TOSTAO_07,CUST_01788
TICKET_001987,2024-02-09,TOSTAO_07,CUST_02160
TICKET_001988,2024-05-13,TOSTAO_11,CUST_01355
TICKET_001989,2024-09-11,TOSTAO_16,CUST_00500
TICKET_001990,2024-03-29,TOSTAO_10,CUST_00333
TICKET_001991,2024-03-01,TOSTAO_13,CUST_02264
TICKET_001992,2024-07-24,TOSTAO_11,CUST_00754
TICKET_001993,2024-07-14,TOSTAO_04,CUST_00781
TICKET_001994,2024-12-01,TOSTAO_07,CUST_00696
TICKET_001995,2024-05-30,TOSTAO_20,CUST_02316
TICKET_001996,2024-11-14,TOSTAO_07,CUST_00585
TICKET_001997,2024-06-05,TOSTAO_14,CUST_02430
TICKET_001998,2024-02-27,TOSTAO_18,CUST_02349
TICKET_001999,2024-12-06,TOSTAO_15,CUST_01010
TICKET_002000,2024-02-06,TOSTAO_16,CUST_01838
TICKET_002001,2024-06-06,TOSTAO_16,CUST_00624
TICKET_002002,2024-10-13,TOSTAO_08,CUST_01817
TICKET_002003,2024-06-25,TOSTAO_18,CUST_02494
TICKET_002004,2024-11-18,TOSTAO_05,CUST_01686
TICKET_002005,2024-04-25,TOSTAO_11,CUST_01549
TICKET_002006,2024-07-09,TOSTAO_13,CUST_01355
TICKET_002007,2024-05-14,TOSTAO_06,CUST_01584
TICKET_002008,2024-10-06,TOSTAO_02,CUST_02049
TICKET_002009,2024-09-18,TOSTAO_10,CUST_02200
TICKET_002010,2024-08-13,TOSTAO_07,CUST_00931
TICKET_002011,2024-07-06,TOSTAO_06,CUST_02461
TICKET_002012,2024-09-30,TOSTAO_07,CUST_00139
TICKET_002013,2024-09-26,TOSTAO_06,CUST_01885
TICKET_002014,2024-07-25,TOSTAO_01,CUST_01467
TICKET_002015,2024-07-26,TOSTAO_16,CUST_00064
TICKET_002016,2024-04-07,TOSTAO_12,CUST_02459
TICKET_002017,2024-03-16,TOSTAO_09,CUST_00190
TICKET_002018,2024-10-20,TOSTAO_13,CUST_00215
TICKET_002019,2024-12-13,TOSTAO_02,CUST_00245
TICKET_002020,2024-01-07,TOSTAO_05,CUST_02334
TICKET_002021,2024-10-19,TOSTAO_12,CUST_02367
TICKET_002022,2024-08-21,TOSTAO_16,CUST_00929
TICKET_002023,2024-09-08,TOSTAO_15,CUST_00449
TICKET_002024,2024-08-02,TOSTAO_10,CUST_00762
TICKET_002025,2024-07-24,TOSTAO_04,CUST_02454
TICKET_002026,2024-03-02,TOSTAO_15,CUST_01987
TICKET_002027,2024-09-19,TOSTAO_12,CUST_00762
TICKET_002028,2024-08-28,TOSTAO_03,CUST_00300
TICKET_002029,2024-07-20,TOSTAO_16,CUST_02350
TICKET_002030,2024-01-29,TOSTAO_02,CUST_01274
TICKET_002031,2024-01-23,TOSTAO_18,CUST_01630
TICKET_002032,2024-01-09,TOSTAO_07,CUST_00807
TICKET_002033,2024-12-23,TOSTAO_09,CUST_01201
TICKET_002034,2024-05-02,TOSTAO_19,CUST_02421
TICKET_002035,2024-02-25,TOSTAO_15,CUST_02476
TICKET_002036,2024-06-23,TOSTAO_20,CUST_00126
TICKET_002037,2024-04-04,TOSTAO_20,CUST_00110
TICKET_002038,2024-08-04,TOSTAO_17,CUST_01538
TICKET_002039,2024-07-18,TOSTAO_13,CUST_01868
TICKET_002040,2024-07-06,TOSTAO_11,CUST_01303
TICKET_002041,2024-01-23,TOSTAO_05,CUST_02079
TICKET_002042,2024-11-28,TOSTAO_13,CUST_02341
TICKET_002043,2024-12-08,TOSTAO_07,CUST_01677
TICKET_002044,2024-11-19,TOSTAO_17,CUST_01552
TICKET_002045,2024-05-29,TOSTAO_17,CUST_00581
TICKET_002046,2024-03-15,TOSTAO_02,CUST_02243
TICKET_002047,2024-05-12,TOSTAO_13,CUST_02358
TICKET_002048,2024-08-22,TOSTAO_18,CUST_00832
TICKET_002049,2024-10-23,TOSTAO_03,CUST_01233
TICKET_002050,2024-08-29,TOSTAO_19,CUST_02206
TICKET_002051,2024-01-21,TOSTAO_07,CUST_01564
TICKET_002052,2024-11-25,TOSTAO_01,CUST_02168
TICKET_002053,2024-01-04,TOSTAO_07,CUST_01871
TICKET_002054,2024-11-29,TOSTAO_12,CUST_00892
TICKET_002055,2024-07-20,TOSTAO_12,CUST_02406
TICKET_002056,2024-06-16,TOSTAO_06,CUST_00708
TICKET_002057,2024-05-22,TOSTAO_20,CUST_02449
TICKET_002058,2024-08-26,TOSTAO_08,CUST_01415
TICKET_002059,2024-03-15,TOSTAO_14,CUST_01978
TICKET_002060,2024-03-23,TOSTAO_15,CUST_01523
TICKET_002061,2024-10-15,TOSTAO_05,CUST_02430
TICKET_002062,2024-01-21,TOSTAO_15,CUST_00536
TICKET_002063,2024-05-19,TOSTAO_19,CUST_00783
TICKET_002064,2024-06-09,TOSTAO_20,CUST_02197
TICKET_002065,2024-03-04,TOSTAO_13,CUST_01378
TICKET_002066,2024-08-26,TOSTAO_11,CUST_01110
TICKET_002067,2024-08-12,TOSTAO_11,CUST_02408
TICKET_002068,2024-07-22,TOSTAO_13,CUST_01816
TICKET_002069,2024-03-18,TOSTAO_01,CUST_01747
TICKET_002070,2024-04-29,TOSTAO_17,CUST_00539
TICKET_002071,2024-04-07,TOSTAO_20,CUST_01798
TICKET_002072,2024-07-14,TOSTAO_09,CUST_01861
TICKET_002073,2024-04-11,TOSTAO_07,CUST_00920
TICKET_002074,2024-11-06,TOSTAO_10,CUST_00273
TICKET_002075,2024-12-24,TOSTAO_06,CUST_01451
TICKET_002076,2024-06-11,TOSTAO_11,CUST_02116
TICKET_002077,2024-01-01,TOSTAO_05,CUST_00903
TICKET_002078,2024-03-13,TOSTAO_04,CUST_00455
TICKET_002079,2024-05-17,TOSTAO_18,CUST_01058
TICKET_002080,2024-12-15,TOSTAO_16,CUST_01860
TICKET_002081,2024-02-25,TOSTAO_15,CUST_00794
TICKET_002082,2024-12-07,TOSTAO_13,CUST_01255
TICKET_002083,2024-10-11,TOSTAO_04,CUST_02204
TICKET_002084,2024-12-29,TOSTAO_05,CUST_01309
TICKET_002085,2024-11-28,TOSTAO_04,CUST_02251
TICKET_002086,2024-06-08,TOSTAO_14,CUST_01966
TICKET_002087,2024-03-17,TOSTAO_11,CUST_02159
TICKET_002088,2024-03-31,TOSTAO_05,CUST_01041
TICKET_002089,2024-06-17,TOSTAO_19,CUST_02033
TICKET_002090,2024-02-22,TOSTAO_08,CUST_01982
TICKET_002091,2024-12-20,TOSTAO_19,CUST_00205
TICKET_002092,2024-06-12,TOSTAO_07,CUST_00640
TICKET_002093,2024-08-26,TOSTAO_13,CUST_01561
TICKET_002094,2024-03-06,TOSTAO_18,CUST_02303
TICKET_002095,2024-09-23,TOSTAO_03,CUST_01625
TICKET_002096,2024-06-30,TOSTAO_11,CUST_00359
TICKET_002097,2024-07-13,TOSTAO_11,CUST_01612
TICKET_002098,2024-01-31,TOSTAO_20,CUST_02314
TICKET_002099,2024-01-24,TOSTAO_14,CUST_01364
TICKET_002100,2024-10-02,TOSTAO_08,CUST_01236
TICKET_002101,2024-02-22,TOSTAO_06,CUST_00994
TICKET_002102,2024-06-28,TOSTAO_13,CUST_00934
TICKET_002103,2024-08-06,TOSTAO_09,CUST_00434
TICKET_002104,2024-03-03,TOSTAO_14,CUST_02201
TICKET_002105,2024-12-23,TOSTAO_15,CUST_00483
TICKET_002106,2024-07-16,TOSTAO_04,CUST_01074
TICKET_002107,2024-10-15,TOSTAO_01,CUST_01981
TICKET_002108,2024-10-03,TOSTAO_01,CUST_00516
TICKET_002109,2024-06-28,TOSTAO_16,CUST_00687
TICKET_002110,2024-08-27,TOSTAO_18,CUST_00048
TICKET_002111,2024-12-28,TOSTAO_17,CUST_02180
TICKET_002112,2024-03-15,TOSTAO_10,CUST_02084
TICKET_002113,2024-05-19,TOSTAO_01,CUST_02001
TICKET_002114,2024-08-17,TOSTAO_15,CUST_00473
TICKET_002115,2024-05-21,TOSTAO_07,CUST_01967
TICKET_002116,2024-02-07,TOSTAO_06,CUST_02400
TICKET_002117,2024-10-18,TOSTAO_01,CUST_01278
TICKET_002118,2024-11-21,TOSTAO_08,CUST_02025
TICKET_002119,2024-04-26,TOSTAO_10,CUST_01505
TICKET_002120,2024-08-20,TOSTAO_09,CUST_00976
TICKET_002121,2024-11-27,TOSTAO_05,CUST_02224
TICKET_002122,2024-10-22,TOSTAO_20,CUST_01199
TICKET_002123,2024-07-01,TOSTAO_11,CUST_00258
TICKET_002124,2024-07-04,TOSTAO_06,CUST_00640
TICKET_002125,2024-03-19,TOSTAO_19,CUST_00472
TICKET_002126,2024-04-21,TOSTAO_17,CUST_01747
TICKET_002127,2024-08-03,TOSTAO_16,CUST_00498
TICKET_002128,2024-12-26,TOSTAO_19,CUST_02192
TICKET_002129,2024-08-25,TOSTAO_09,CUST_00560
TICKET_002130,2024-06-08,TOSTAO_17,CUST_02216
TICKET_002131,2024-11-23,TOSTAO_04,CUST_00554
TICKET_002132,2024-10-26,TOSTAO_13,CUST_00815
TICKET_002133,2024-06-13,TOSTAO_06,CUST_01290
TICKET_002134,2024-11-02,TOSTAO_13,CUST_02396
TICKET_002135,2024-04-28,TOSTAO_09,CUST_00106
TICKET_002136,2024-02-21,TOSTAO_15,CUST_01288
TICKET_002137,2024-03-07,TOSTAO_17,CUST_01674
TICKET_002138,2024-03-02,TOSTAO_15,CUST_02166
TICKET_002139,2024-01-08,TOSTAO_04,CUST_00431
TICKET_002140,2024-04-19,TOSTAO_18,CUST_00821
TICKET_002141,2024-02-16,TOSTAO_11,CUST_01573
TICKET_002142,2024-04-29,TOSTAO_08,CUST_01070
TICKET_002143,2024-09-21,TOSTAO_02,CUST_00703
TICKET_002144,2024-07-20,TOSTAO_17,CUST_00555
TICKET_002145,2024-09-19,TOSTAO_14,CUST_00566
TICKET_002146,2024-03-01,TOSTAO_15,CUST_01175
TICKET_002147,2024-06-10,TOSTAO_08,CUST_02380
TICKET_002148,2024-08-16,TOSTAO_04,CUST_02381
TICKET_002149,2024-02-13,TOSTAO_14,CUST_01763
TICKET_002150,2024-12-01,TOSTAO_16,CUST_02178
TICKET_002151,2024-10-01,TOSTAO_16,CUST_02189
TICKET_002152,2024-06-21,TOSTAO_18,CUST_01447
TICKET_002153,2024-07-20,TOSTAO_04,CUST_02105
TICKET_002154,2024-04-21,TOSTAO_13,CUST_00715
TICKET_002155,2024-07-03,TOSTAO_14,CUST_01829
TICKET_002156,2024-10-24,TOSTAO_16,CUST_01527
TICKET_002157,2024-07-28,TOSTAO_12,CUST_00565
TICKET_002158,2024-12-03,TOSTAO_05,CUST_01481
TICKET_002159,2024-07-11,TOSTAO_18,CUST_00968
TICKET_002160,2024-01-10,TOSTAO_19,CUST_00234
TICKET_002161,2024-07-21,TOSTAO_02,CUST_00110
TICKET_002162,2024-03-23,TOSTAO_06,CUST_01670
TICKET_002163,2024-09-04,TOSTAO_06,CUST_01059
TICKET_002164,2024-10-09,TOSTAO_09,CUST_02322
TICKET_002165,2024-09-11,TOSTAO_01,CUST_01688
TICKET_002166,2024-07-15,TOSTAO_14,CUST_01621
TICKET_002167,2024-02-03,TOSTAO_02,CUST_01994
TICKET_002168,2024-04-16,TOSTAO_17,CUST_00084
TICKET_002169,2024-07-24,TOSTAO_18,CUST_01930
TICKET_002170,2024-12-16,TOSTAO_04,CUST_01866
TICKET_002171,2024-01-27,TOSTAO_03,CUST_02324
TICKET_002172,2024-11-26,TOSTAO_19,CUST_00579
TICKET_002173,2024-02-20,TOSTAO_10,CUST_02065
TICKET_002174,2024-01-11,TOSTAO_05,CUST_00133
TICKET_002175,2024-04-06,TOSTAO_09,CUST_01048
TICKET_002176,2024-10-30,TOSTAO_10,CUST_01506
TICKET_002177,2024-06-04,TOSTAO_16,CUST_01016
TICKET_002178,2024-07-04,TOSTAO_03,CUST_00605
TICKET_002179,2024-05-27,TOSTAO_09,CUST_01866
TICKET_002180,2024-01-25,TOSTAO_12,CUST_00600
TICKET_002181,2024-11-19,TOSTAO_18,CUST_00417
TICKET_002182,2024-11-29,TOSTAO_06,CUST_00856
TICKET_002183,2024-07-15,TOSTAO_10,CUST_01668
TICKET_002184,2024-03-27,TOSTAO_19,CUST_02459
TICKET_002185,2024-08-20,TOSTAO_11,CUST_00638
TICKET_002186,2024-03-18,TOSTAO_07,CUST_00194
TICKET_002187,2024-07-19,TOSTAO_19,CUST_02348
TICKET_002188,2024-02-09,TOSTAO_06,CUST_01540
TICKET_002189,2024-08-11,TOSTAO_14,CUST_00126
TICKET_002190,2024-05-15,TOSTAO_08,CUST_01460
TICKET_002191,2024-05-02,TOSTAO_17,CUST_01294
TICKET_002192,2024-04-12,TOSTAO_14,CUST_00792
TICKET_002193,2024-04-04,TOSTAO_09,CUST_00888
TICKET_002194,2024-05-25,TOSTAO_17,CUST_01277
TICKET_002195,2024-10-15,TOSTAO_20,CUST_01655
TICKET_002196,2024-03-01,TOSTAO_05,CUST_00646
TICKET_002197,2024-12-22,TOSTAO_10,CUST_00409
TICKET_002198,2024-01-12,TOSTAO_03,CUST_00858
TICKET_002199,2024-04-14,TOSTAO_16,CUST_00028
TICKET_002200,2024-10-24,TOSTAO_06,CUST_02162
TICKET_002201,2024-09-01,TOSTAO_12,CUST_00943
TICKET_002202,2024-03-08,TOSTAO_13,CUST_02268
TICKET_002203,2024-12-22,TOSTAO_02,CUST_01404
TICKET_002204,2024-01-16,TOSTAO_05,CUST_00554
TICKET_002205,2024-02-01,TOSTAO_05,CUST_01937
TICKET_002206,2024-01-07,TOSTAO_14,CUST_00957
TICKET_002207,2024-08-11,TOSTAO_03,CUST_01153
TICKET_002208,2024-11-18,TOSTAO_02,CUST_00543
TICKET_002209,2024-08-22,TOSTAO_19,CUST_01761
TICKET_002210,2024-09-13,TOSTAO_09,CUST_01597
TICKET_002211,2024-02-01,TOSTAO_06,CUST_01128
TICKET_002212,2024-10-20,TOSTAO_02,CUST_01413
TICKET_002213,2024-12-21,TOSTAO_18,CUST_00582
TICKET_002214,2024-03-09,TOSTAO_15,CUST_01160
TICKET_002215,2024-10-18,TOSTAO_06,CUST_00442
TICKET_002216,2024-01-25,TOSTAO_12,CUST_01074
TICKET_002217,2024-08-21,TOSTAO_09,CUST_01085
TICKET_002218,2024-10-13,TOSTAO_19,CUST_00694
TICKET_002219,2024-04-10,TOSTAO_06,CUST_01339
TICKET_002220,2024-05-12,TOSTAO_05,CUST_00592
TICKET_002221,2024-02-11,TOSTAO_11,CUST_01470
TICKET_002222,2024-03-02,TOSTAO_07,CUST_01168
TICKET_002223,2024-01-29,TOSTAO_10,CUST_01390
TICKET_002224,2024-08-27,TOSTAO_20,CUST_00957
TICKET_002225,2024-08-27,TOSTAO_03,CUST_01094
TICKET_002226,2024-09-13,TOSTAO_10,CUST_01762
TICKET_002227,2024-06-05,TOSTAO_11,CUST_02399
TICKET_002228,2024-12-20,TOSTAO_03,CUST_02449
TICKET_002229,2024-03-04,TOSTAO_11,CUST_01312
TICKET_002230,2024-03-22,TOSTAO_19,CUST_01579
TICKET_002231,2024-12-17,TOSTAO_11,CUST_01578
TICKET_002232,2024-09-02,TOSTAO_08,CUST_00384
TICKET_002233,2024-04-21,TOSTAO_17,CUST_01978
TICKET_002234,2024-03-10,TOSTAO_03,CUST_01573
TICKET_002235,2024-09-26,TOSTAO_04,CUST_00745
TICKET_002236,2024-11-26,TOSTAO_11,CUST_00955
TICKET_002237,2024-09-02,TOSTAO_08,CUST_00090
TICKET_002238,2024-05-03,TOSTAO_11,CUST_01480
TICKET_002239,2024-02-21,TOSTAO_06,CUST_02053
TICKET_002240,2024-08-13,TOSTAO_03,CUST_01276
TICKET_002241,2024-01-04,TOSTAO_20,CUST_01895
TICKET_002242,2024-10-18,TOSTAO_10,CUST_00883
TICKET_002243,2024-01-05,TOSTAO_20,CUST_00214
TICKET_002244,2024-07-05,TOSTAO_17,CUST_00594
TICKET_002245,2024-07-29,TOSTAO_20,CUST_00607
TICKET_002246,2024-02-04,TOSTAO_19,CUST_02485
TICKET_002247,2024-10-16,TOSTAO_19,CUST_02073
TICKET_002248,2024-07-21,TOSTAO_13,CUST_00462
TICKET_002249,2024-12-23,TOSTAO_17,CUST_00886
TICKET_002250,2024-02-03,TOSTAO_13,CUST_00908
TICKET_002251,2024-02-12,TOSTAO_07,CUST_02274
TICKET_002252,2024-02-10,TOSTAO_16,CUST_02083
TICKET_002253,2024-06-04,TOSTAO_16,CUST_00369
TICKET_002254,2024-04-30,TOSTAO_04,CUST_00764
TICKET_002255,2024-11-24,TOSTAO_06,CUST_00221
TICKET_002256,2024-07-05,TOSTAO_05,CUST_00108
TICKET_002257,2024-02-22,TOSTAO_11,CUST_01528
TICKET_002258,2024-03-02,TOSTAO_18,CUST_01863
TICKET_002259,2024-03-05,TOSTAO_03,CUST_00790
TICKET_002260,2024-11-22,TOSTAO_06,CUST_00255
TICKET_002261,2024-12-03,TOSTAO_01,CUST_00757
TICKET_002262,2024-02-21,TOSTAO_05,CUST_02273
TICKET_002263,2024-06-01,TOSTAO_02,CUST_00180
TICKET_002264,2024-02-11,TOSTAO_20,CUST_01313
TICKET_002265,2024-06-22,TOSTAO_20,CUST_01533
TICKET_002266,2024-07-02,TOSTAO_13,CUST_01679
TICKET_002267,2024-01-01,TOSTAO_09,CUST_00548
TICKET_002268,2024-05-29,TOSTAO_14,CUST_01865
TICKET_002269,2024-11-30,TOSTAO_13,CUST_00732
TICKET_002270,2024-06-13,TOSTAO_10,CUST_01994
TICKET_002271,2024-07-06,TOSTAO_12,CUST_01076
TICKET_002272,2024-03-09,TOSTAO_17,CUST_00970
TICKET_002273,2024-11-18,TOSTAO_03,CUST_02277
TICKET_002274,2024-11-27,TOSTAO_07,CUST_02076
TICKET_002275,2024-07-05,TOSTAO_12,CUST_02266
TICKET_002276,2024-10-02,TOSTAO_18,CUST_01072
TICKET_002277,2024-06-15,TOSTAO_17,CUST_00607
TICKET_002278,2024-03-12,TOSTAO_16,CUST_02343
TICKET_002279,2024-06-21,TOSTAO_11,CUST_01684
TICKET_002280,2024-06-07,TOSTAO_15,CUST_00463
TICKET_002281,2024-02-24,TOSTAO_11,CUST_00621
TICKET_002282,2024-11-09,TOSTAO_09,CUST_00485
TICKET_002283,2024-11-22,TOSTAO_07,CUST_00847
TICKET_002284,2024-10-12,TOSTAO_10,CUST_00864
TICKET_002285,2024-08-06,TOSTAO_07,CUST_00933
TICKET_002286,2024-07-02,TOSTAO_02,CUST_00508
TICKET_002287,2024-10-04,TOSTAO_16,CUST_01085
TICKET_002288,2024-08-13,TOSTAO_07,CUST_00297
TICKET_002289,2024-08-28,TOSTAO_14,CUST_02491
TICKET_002290,2024-07-07,TOSTAO_09,CUST_00155
TICKET_002291,2024-05-01,TOSTAO_06,CUST_01399
TICKET_002292,2024-01-17,TOSTAO_06,CUST_02328
TICKET_002293,2024-03-10,TOSTAO_13,CUST_02128
TICKET_002294,2024-03-25,TOSTAO_03,CUST_02419
TICKET_002295,2024-03-21,TOSTAO_19,CUST_00420
TICKET_002296,2024-08-14,TOSTAO_04,CUST_02036
TICKET_002297,2024-11-05,TOSTAO_10,CUST_02368
TICKET_002298,2024-06-28,TOSTAO_17,CUST_01296
TICKET_002299,2024-02-12,TOSTAO_11,CUST_02275
TICKET_002300,2024-02-03,TOSTAO_10,CUST_00130
TICKET_002301,2024-03-22,TOSTAO_16,CUST_00204
TICKET_002302,2024-11-19,TOSTAO_18,CUST_01607
TICKET_002303,2024-12-02,TOSTAO_16,CUST_00362
TICKET_002304,2024-04-04,TOSTAO_14,CUST_01089
TICKET_002305,2024-08-12,TOSTAO_02,CUST_02442
TICKET_002306,2024-11-21,TOSTAO_16,CUST_01376
TICKET_002307,2024-03-03,TOSTAO_05,CUST_00188
TICKET_002308,2024-09-24,TOSTAO_20,CUST_01788
TICKET_002309,2024-03-19,TOSTAO_11,CUST_01794
TICKET_002310,2024-07-21,TOSTAO_12,CUST_00490
TICKET_002311,2024-08-30,TOSTAO_13,CUST_01615
TICKET_002312,2024-04-18,TOSTAO_06,CUST_02159
TICKET_002313,2024-03-26,TOSTAO_18,CUST_00560
TICKET_002314,2024-02-28,TOSTAO_09,CUST_01475
TICKET_002315,2024-05-05,TOSTAO_14,CUST_00180
TICKET_002316,2024-04-16,TOSTAO_06,CUST_00302
TICKET_002317,2024-02-17,TOSTAO_07,CUST_00074
TICKET_002318,2024-04-27,TOSTAO_04,CUST_01892
TICKET_002319,2024-12-18,TOSTAO_20,CUST_01222
TICKET_002320,2024-10-31,TOSTAO_16,CUST_02102
TICKET_002321,2024-03-25,TOSTAO_02,CUST_01752
TICKET_002322,2024-09-22,TOSTAO_15,CUST_00644
TICKET_002323,2024-11-06,TOSTAO_02,CUST_00137
TICKET_002324,2024-01-28,TOSTAO_16,CUST_00909
TICKET_002325,2024-08-14,TOSTAO_16,CUST_00058
TICKET_002326,2024-08-30,TOSTAO_10,CUST_00415
TICKET_002327,2024-06-10,TOSTAO_07,CUST_01592
TICKET_002328,2024-12-05,TOSTAO_16,CUST_02191
TICKET_002329,2024-02-18,TOSTAO_02,CUST_01340
TICKET_002330,2024-02-16,TOSTAO_17,CUST_02079
TICKET_002331,2024-10-31,TOSTAO_13,CUST_01564
TICKET_002332,2024-02-19,TOSTAO_13,CUST_01430
TICKET_002333,2024-06-08,TOSTAO_11,CUST_01467
TICKET_002334,2024-10-17,TOSTAO_02,CUST_01194
TICKET_002335,2024-10-08,TOSTAO_03,CUST_02164
TICKET_002336,2024-04-07,TOSTAO_14,CUST_00585
TICKET_002337,2024-03-08,TOSTAO_12,CUST_00279
TICKET_002338,2024-03-25,TOSTAO_07,CUST_00250
TICKET_002339,2024-09-27,TOSTAO_05,CUST_00183
TICKET_002340,2024-03-14,TOSTAO_12,CUST_00024
TICKET_002341,2024-01-03,TOSTAO_02,CUST_00672
TICKET_002342,2024-07-19,TOSTAO_14,CUST_01783
TICKET_002343,2024-02-03,TOSTAO_18,CUST_01692
TICKET_002344,2024-10-17,TOSTAO_12,CUST_01265
TICKET_002345,2024-11-06,TOSTAO_01,CUST_02310
TICKET_002346,2024-10-16,TOSTAO_11,CUST_02356
TICKET_002347,2024-09-16,TOSTAO_10,CUST_00254
TICKET_002348,2024-04-28,TOSTAO_17,CUST_00470
TICKET_002349,2024-06-30,TOSTAO_04,CUST_01394
TICKET_002350,2024-05-19,TOSTAO_11,CUST_01564
TICKET_002351,2024-01-27,TOSTAO_09,CUST_00733
TICKET_002352,2024-02-01,TOSTAO_01,CUST_01889
TICKET_002353,2024-10-23,TOSTAO_14,CUST_02078
TICKET_002354,2024-08-12,TOSTAO_07,CUST_02216
TICKET_002355,2024-02-17,TOSTAO_12,CUST_00697
TICKET_002356,2024-12-05,TOSTAO_03,CUST_00825
TICKET_002357,2024-07-11,TOSTAO_10,CUST_01993
TICKET_002358,2024-01-28,TOSTAO_03,CUST_01657
TICKET_002359,2024-09-29,TOSTAO_19,CUST_01353
TICKET_002360,2024-04-18,TOSTAO_16,CUST_01003
TICKET_002361,2024-04-07,TOSTAO_10,CUST_00468
TICKET_002362,2024-05-26,TOSTAO_03,CUST_00606
TICKET_002363,2024-05-08,TOSTAO_02,CUST_00358
TICKET_002364,2024-10-18,TOSTAO_05,CUST_00080
TICKET_002365,2024-12-26,TOSTAO_05,CUST_01045
TICKET_002366,2024-10-14,TOSTAO_03,CUST_02000
TICKET_002367,2024-05-26,TOSTAO_08,CUST_00679
TICKET_002368,2024-05-17,TOSTAO_10,CUST_00670
TICKET_002369,2024-12-18,TOSTAO_06,CUST_00455
TICKET_002370,2024-05-07,TOSTAO_06,CUST_01075
TICKET_002371,2024-06-25,TOSTAO_17,CUST_01496
TICKET_002372,2024-01-16,TOSTAO_20,CUST_01658
TICKET_002373,2024-03-26,TOSTAO_01,CUST_00165
TICKET_002374,2024-07-22,TOSTAO_19,CUST_02039
TICKET_002375,2024-06-04,TOSTAO_02,CUST_02031
TICKET_002376,2024-03-19,TOSTAO_08,CUST_00363
TICKET_002377,2024-09-28,TOSTAO_04,CUST_01783
TICKET_002378,2024-01-30,TOSTAO_02,CUST_01635
TICKET_002379,2024-08-01,TOSTAO_07,CUST_02240
TICKET_002380,2024-11-16,TOSTAO_10,CUST_01116
TICKET_002381,2024-01-22,TOSTAO_03,CUST_00104
TICKET_002382,2024-10-28,TOSTAO_07,CUST_00527
TICKET_002383,2024-03-16,TOSTAO_20,CUST_02174
TICKET_002384,2024-01-02,TOSTAO_18,CUST_00306
TICKET_002385,2024-12-17,TOSTAO_13,CUST_00958
TICKET_002386,2024-02-14,TOSTAO_10,CUST_00128
TICKET_002387,2024-11-27,TOSTAO_01,CUST_02364
TICKET_002388,2024-11-05,TOSTAO_11,CUST_01595
TICKET_002389,2024-12-25,TOSTAO_10,CUST_01112
TICKET_002390,2024-11-02,TOSTAO_14,CUST_00639
TICKET_002391,2024-08-28,TOSTAO_09,CUST_00837
TICKET_002392,2024-01-10,TOSTAO_05,CUST_01978
TICKET_002393,2024-12-22,TOSTAO_17,CUST_00011
TICKET_002394,2024-02-29,TOSTAO_17,CUST_02397
TICKET_002395,2024-09-13,TOSTAO_07,CUST_00388
TICKET_002396,2024-10-04,TOSTAO_18,CUST_00918
TICKET_002397,2024-02-11,TOSTAO_17,CUST_01397
TICKET_002398,2024-01-27,TOSTAO_04,CUST_02133
TICKET_002399,2024-06-25,TOSTAO_08,CUST_01107
TICKET_002400,2024-02-20,TOSTAO_03,CUST_01113
TICKET_002401,2024-02-11,TOSTAO_09,CUST_01143
TICKET_002402,2024-07-07,TOSTAO_10,CUST_02450
TICKET_002403,2024-02-07,TOSTAO_12,CUST_00521
TICKET_002404,2024-04-16,TOSTAO_08,CUST_01478
TICKET_002405,2024-01-24,TOSTAO_18,CUST_02040
TICKET_002406,2024-07-26,TOSTAO_01,CUST_01447
TICKET_002407,2024-03-12,TOSTAO_14,CUST_01365
TICKET_002408,2024-07-30,TOSTAO_06,CUST_02379
TICKET_002409,2024-06-22,TOSTAO_03,CUST_01739
TICKET_002410,2024-10-29,TOSTAO_20,CUST_02447
TICKET_002411,2024-09-28,TOSTAO_06,CUST_01064
TICKET_002412,2024-02-29,TOSTAO_01,CUST_02303
TICKET_002413,2024-06-21,TOSTAO_14,CUST_00992
TICKET_002414,2024-01-08,TOSTAO_16,CUST_02350
TICKET_002415,2024-10-31,TOSTAO_18,CUST_01582
TICKET_002416,2024-12-19,TOSTAO_18,CUST_01887
TICKET_002417,2024-12-02,TOSTAO_08,CUST_00340
TICKET_002418,2024-07-26,TOSTAO_13,CUST_02208
TICKET_002419,2024-04-06,TOSTAO_16,CUST_00583
TICKET_002420,2024-04-26,TOSTAO_02,CUST_01818
TICKET_002421,2024-02-26,TOSTAO_19,CUST_00526
TICKET_002422,2024-01-03,TOSTAO_04,CUST_01304
TICKET_002423,2024-05-19,TOSTAO_10,CUST_01802
TICKET_002424,2024-07-31,TOSTAO_20,CUST_01837
TICKET_002425,2024-08-20,TOSTAO_09,CUST_02010
TICKET_002426,2024-01-16,TOSTAO_06,CUST_01828
TICKET_002427,2024-03-21,TOSTAO_12,CUST_00570
TICKET_002428,2024-01-11,TOSTAO_08,CUST_01307
TICKET_002429,2024-03-21,TOSTAO_10,CUST_00603
TICKET_002430,2024-08-08,TOSTAO_16,CUST_00011
TICKET_002431,2024-01-16,TOSTAO_09,CUST_00605
TICKET_002432,2024-05-17,TOSTAO_05,CUST_01830
TICKET_002433,2024-10-30,TOSTAO_07,CUST_01435
TICKET_002434,2024-10-07,TOSTAO_18,CUST_00876
TICKET_002435,2024-06-29,TOSTAO_20,CUST_00717
TICKET_002436,2024-09-01,TOSTAO_16,CUST_01616
TICKET_002437,2024-09-15,TOSTAO_13,CUST_02123
TICKET_002438,2024-08-26,TOSTAO_07,CUST_00884
TICKET_002439,2024-08-04,TOSTAO_06,CUST_00494
TICKET_002440,2024-08-19,TOSTAO_10,CUST_00932
TICKET_002441,2024-01-01,TOSTAO_15,CUST_00647
TICKET_002442,2024-07-14,TOSTAO_11,CUST_00645
TICKET_002443,2024-05-17,TOSTAO_07,CUST_02213
TICKET_002444,2024-02-22,TOSTAO_15,CUST_00474
TICKET_002445,2024-07-30,TOSTAO_01,CUST_00134
TICKET_002446,2024-11-24,TOSTAO_14,CUST_00839
TICKET_002447,2024-01-05,TOSTAO_07,CUST_00966
TICKET_002448,2024-10-27,TOSTAO_12,CUST_02387
TICKET_002449,2024-12-25,TOSTAO_14,CUST_01119
TICKET_002450,2024-10-17,TOSTAO_17,CUST_01780
TICKET_002451,2024-01-13,TOSTAO_01,CUST_01147
TICKET_002452,2024-06-30,TOSTAO_15,CUST_00744
TICKET_002453,2024-08-01,TOSTAO_03,CUST_02195
TICKET_002454,2024-06-18,TOSTAO_02,CUST_01194
TICKET_002455,2024-03-18,TOSTAO_10,CUST_01313
TICKET_002456,2024-03-09,TOSTAO_17,CUST_00493
TICKET_002457,2024-09-25,TOSTAO_18,CUST_02148
TICKET_002458,2024-12-02,TOSTAO_05,CUST_01420
TICKET_002459,2024-01-26,TOSTAO_06,CUST_01931
TICKET_002460,2024-10-11,TOSTAO_02,CUST_00386
TICKET_002461,2024-06-08,TOSTAO_17,CUST_00600
TICKET_002462,2024-03-26,TOSTAO_04,CUST_00477
TICKET_002463,2024-06-28,TOSTAO_19,CUST_01760
TICKET_002464,2024-06-28,TOSTAO_03,CUST_01109
TICKET_002465,2024-06-11,TOSTAO_03,CUST_01765
TICKET_002466,2024-04-16,TOSTAO_06,CUST_01308
TICKET_002467,2024-09-21,TOSTAO_15,CUST_01339
TICKET_002468,2024-06-05,TOSTAO_10,CUST_02351
TICKET_002469,2024-05-02,TOSTAO_01,CUST_00789
TICKET_002470,2024-06-28,TOSTAO_12,CUST_01172
TICKET_002471,2024-04-25,TOSTAO_15,CUST_02104
TICKET_002472,2024-05-26,TOSTAO_18,CUST_01527
TICKET_002473,2024-06-02,TOSTAO_19,CUST_01864
TICKET_002474,2024-08-09,TOSTAO_17,CUST_01440
TICKET_002475,2024-08-25,TOSTAO_01,CUST_01037
TICKET_002476,2024-04-22,TOSTAO_02,CUST_01404
TICKET_002477,2024-10-26,TOSTAO_04,CUST_01984
TICKET_002478,2024-09-11,TOSTAO_19,CUST_00970
TICKET_002479,2024-03-20,TOSTAO_03,CUST_00033
TICKET_002480,2024-05-26,TOSTAO_06,CUST_01780
TICKET_002481,2024-04-20,TOSTAO_11,CUST_00739
TICKET_002482,2024-10-07,TOSTAO_15,CUST_01997
TICKET_002483,2024-05-06,TOSTAO_01,CUST_01657
TICKET_002484,2024-07-08,TOSTAO_03,CUST_00510
TICKET_002485,2024-07-27,TOSTAO_12,CUST_00267
TICKET_002486,2024-05-18,TOSTAO_07,CUST_01372
TICKET_002487,2024-05-21,TOSTAO_08,CUST_00764
TICKET_002488,2024-01-22,TOSTAO_04,CUST_00103
TICKET_002489,2024-01-19,TOSTAO_08,CUST_02238
TICKET_002490,2024-05-28,TOSTAO_16,CUST_00792
TICKET_002491,2024-04-02,TOSTAO_05,CUST_02442
TICKET_002492,2024-09-10,TOSTAO_16,CUST_02133
TICKET_002493,2024-09-26,TOSTAO_02,CUST_01064
TICKET_002494,2024-04-22,TOSTAO_09,CUST_00319
TICKET_002495,2024-04-25,TOSTAO_05,CUST_01941
TICKET_002496,2024-05-20,TOSTAO_01,CUST_00368
TICKET_002497,2024-01-29,TOSTAO_18,CUST_01843
TICKET_002498,2024-06-16,TOSTAO_17,CUST_00087
TICKET_002499,2024-09-08,TOSTAO_06,CUST_02491
TICKET_002500,2024-06-17,TOSTAO_04,CUST_00023
TICKET_002501,2024-08-19,TOSTAO_15,CUST_01059
TICKET_002502,2024-12-29,TOSTAO_06,CUST_01438
TICKET_002503,2024-10-23,TOSTAO_02,CUST_01676
TICKET_002504,2024-09-04,TOSTAO_17,CUST_00821
TICKET_002505,2024-01-13,TOSTAO_13,CUST_01174
TICKET_002506,2024-04-06,TOSTAO_04,CUST_01101
TICKET_002507,2024-02-05,TOSTAO_06,CUST_01238
TICKET_002508,2024-07-05,TOSTAO_12,CUST_02322
TICKET_002509,2024-04-02,TOSTAO_07,CUST_01916
TICKET_002510,2024-04-13,TOSTAO_13,CUST_01053
TICKET_002511,2024-04-10,TOSTAO_09,CUST_00291
TICKET_002512,2024-02-19,TOSTAO_08,CUST_00158
TICKET_002513,2024-11-05,TOSTAO_11,CUST_00870
TICKET_002514,2024-06-03,TOSTAO_07,CUST_00413
TICKET_002515,2024-06-04,TOSTAO_03,CUST_01284
TICKET_002516,2024-06-10,TOSTAO_09,CUST_00349
TICKET_002517,2024-07-22,TOSTAO_09,CUST_02107
TICKET_002518,2024-10-05,TOSTAO_12,CUST_01981
TICKET_002519,2024-03-09,TOSTAO_08,CUST_01184
TICKET_002520,2024-03-10,TOSTAO_03,CUST_02294
TICKET_002521,2024-12-04,TOSTAO_10,CUST_00807
TICKET_002522,2024-10-20,TOSTAO_03,CUST_01613
TICKET_002523,2024-07-31,TOSTAO_08,CUST_01887
TICKET_002524,2024-07-17,TOSTAO_02,CUST_02040
TICKET_002525,2024-12-16,TOSTAO_05,CUST_00202
TICKET_002526,2024-01-11,TOSTAO_12,CUST_00988
TICKET_002527,2024-11-27,TOSTAO_03,CUST_01382
TICKET_002528,2024-02-28,TOSTAO_12,CUST_01888
TICKET_002529,2024-10-20,TOSTAO_17,CUST_00539
TICKET_002530,2024-04-24,TOSTAO_16,CUST_01069
TICKET_002531,2024-04-14,TOSTAO_11,CUST_00301
TICKET_002532,2024-02-09,TOSTAO_07,CUST_00173
TICKET_002533,2024-10-10,TOSTAO_13,CUST_02111
TICKET_002534,2024-05-16,TOSTAO_13,CUST_00825
TICKET_002535,2024-11-22,TOSTAO_10,CUST_01962
TICKET_002536,2024-05-18,TOSTAO_06,CUST_01268
TICKET_002537,2024-12-21,TOSTAO_18,CUST_00293
TICKET_002538,2024-06-24,TOSTAO_16,CUST_01491
TICKET_002539,2024-04-01,TOSTAO_17,CUST_00976
TICKET_002540,2024-06-19,TOSTAO_20,CUST_00112
TICKET_002541,2024-04-27,TOSTAO_06,CUST_00160
TICKET_002542,2024-08-11,TOSTAO_19,CUST_01391
TICKET_002543,2024-02-29,TOSTAO_17,CUST_02452
TICKET_002544,2024-05-08,TOSTAO_08,CUST_02363
TICKET_002545,2024-01-23,TOSTAO_13,CUST_00092
TICKET_002546,2024-10-03,TOSTAO_19,CUST_02248
TICKET_002547,2024-01-20,TOSTAO_08,CUST_01116
TICKET_002548,2024-10-07,TOSTAO_18,CUST_01161
TICKET_002549,2024-09-16,TOSTAO_06,CUST_00783
TICKET_002550,2024-12-28,TOSTAO_03,CUST_01402
TICKET_002551,2024-04-29,TOSTAO_18,CUST_00301
TICKET_002552,2024-09-26,TOSTAO_08,CUST_01820
TICKET_002553,2024-04-28,TOSTAO_20,CUST_00191
TICKET_002554,2024-03-02,TOSTAO_11,CUST_02260
TICKET_002555,2024-10-10,TOSTAO_01,CUST_01630
TICKET_002556,2024-12-05,TOSTAO_19,CUST_00491
TICKET_002557,2024-10-24,TOSTAO_03,CUST_00815
TICKET_002558,2024-07-26,TOSTAO_18,CUST_02190
TICKET_002559,2024-07-06,TOSTAO_06,CUST_01926
TICKET_002560,2024-10-28,TOSTAO_04,CUST_01555
TICKET_002561,2024-02-21,TOSTAO_16,CUST_00041
TICKET_002562,2024-04-13,TOSTAO_17,CUST_02091
TICKET_002563,2024-02-16,TOSTAO_09,CUST_01717
TICKET_002564,2024-02-05,TOSTAO_08,CUST_02100
TICKET_002565,2024-08-07,TOSTAO_16,CUST_00719
TICKET_002566,2024-09-20,TOSTAO_12,CUST_00803
TICKET_002567,2024-08-26,TOSTAO_15,CUST_00967
TICKET_002568,2024-10-11,TOSTAO_16,CUST_02357
TICKET_002569,2024-08-26,TOSTAO_07,CUST_01712
TICKET_002570,2024-10-12,TOSTAO_06,CUST_01463
TICKET_002571,2024-04-18,TOSTAO_14,CUST_00036
TICKET_002572,2024-02-15,TOSTAO_18,CUST_00170
TICKET_002573,2024-03-22,TOSTAO_13,CUST_00321
TICKET_002574,2024-03-02,TOSTAO_13,CUST_02285
TICKET_002575,2024-01-11,TOSTAO_16,CUST_02417
TICKET_002576,2024-09-11,TOSTAO_06,CUST_02043
TICKET_002577,2024-07-31,TOSTAO_19,CUST_02067
TICKET_002578,2024-11-16,TOSTAO_19,CUST_01784
TICKET_002579,2024-04-19,TOSTAO_04,CUST_00365
TICKET_002580,2024-10-12,TOSTAO_01,CUST_02037
TICKET_002581,2024-02-20,TOSTAO_05,CUST_02069
TICKET_002582,2024-03-18,TOSTAO_08,CUST_01735
TICKET_002583,2024-08-28,TOSTAO_19,CUST_02473
TICKET_002584,2024-02-21,TOSTAO_16,CUST_01406
TICKET_002585,2024-10-18,TOSTAO_17,CUST_02452
TICKET_002586,2024-11-14,TOSTAO_03,CUST_00198
TICKET_002587,2024-06-28,TOSTAO_06,CUST_02025
TICKET_002588,2024-12-09,TOSTAO_03,CUST_00626
TICKET_002589,2024-06-29,TOSTAO_01,CUST_02363
TICKET_002590,2024-06-03,TOSTAO_20,CUST_01471
TICKET_002591,2024-04-04,TOSTAO_16,CUST_01902
TICKET_002592,2024-12-19,TOSTAO_12,CUST_02114
TICKET_002593,2024-04-15,TOSTAO_18,CUST_02194
TICKET_002594,2024-05-17,TOSTAO_15,CUST_01818
TICKET_002595,2024-01-21,TOSTAO_04,CUST_02496
TICKET_002596,2024-12-14,TOSTAO_08,CUST_00385
TICKET_002597,2024-01-09,TOSTAO_15,CUST_01457
TICKET_002598,2024-10-07,TOSTAO_01,CUST_00513
TICKET_002599,2024-10-22,TOSTAO_14,CUST_00952
TICKET_002600,2024-02-19,TOSTAO_20,CUST_01164
TICKET_002601,2024-05-22,TOSTAO_11,CUST_00928
TICKET_002602,2024-08-24,TOSTAO_09,CUST_01730
TICKET_002603,2024-07-14,TOSTAO_08,CUST_01553
TICKET_002604,2024-03-10,TOSTAO_13,CUST_01508
TICKET_002605,2024-10-20,TOSTAO_07,CUST_01056
TICKET_002606,2024-09-17,TOSTAO_10,CUST_02390
TICKET_002607,2024-10-18,TOSTAO_07,CUST_01468
TICKET_002608,2024-03-19,TOSTAO_03,CUST_02497
TICKET_002609,2024-02-11,TOSTAO_11,CUST_01217
TICKET_002610,2024-02-27,TOSTAO_14,CUST_00648
TICKET_002611,2024-01-09,TOSTAO_07,CUST_00013
TICKET_002612,2024-10-23,TOSTAO_13,CUST_02232
TICKET_002613,2024-01-18,TOSTAO_03,CUST_01986
TICKET_002614,2024-02-07,TOSTAO_07,CUST_00292
TICKET_002615,2024-05-17,TOSTAO_02,CUST_00447
TICKET_002616,2024-03-30,TOSTAO_11,CUST_01573
TICKET_002617,2024-11-30,TOSTAO_14,CUST_02349
TICKET_002618,2024-12-08,TOSTAO_08,CUST_01945
TICKET_002619,2024-04-01,TOSTAO_02,CUST_01932
TICKET_002620,2024-10-14,TOSTAO_18,CUST_02248
TICKET_002621,2024-02-13,TOSTAO_14,CUST_01675
TICKET_002622,2024-05-02,TOSTAO_04,CUST_00840
TICKET_002623,2024-02-06,TOSTAO_10,CUST_00849
TICKET_002624,2024-05-31,TOSTAO_11,CUST_01053
TICKET_002625,2024-02-11,TOSTAO_04,CUST_01715
TICKET_002626,2024-07-08,TOSTAO_04,CUST_02128
TICKET_002627,2024-06-13,TOSTAO_05,CUST_01066
TICKET_002628,2024-06-21,TOSTAO_05,CUST_00030
TICKET_002629,2024-11-16,TOSTAO_03,CUST_01489
TICKET_002630,2024-01-04,TOSTAO_06,CUST_00290
TICKET_002631,2024-03-06,TOSTAO_16,CUST_00347
TICKET_002632,2024-02-15,TOSTAO_14,CUST_02163
TICKET_002633,2024-04-23,TOSTAO_01,CUST_01719
TICKET_002634,2024-01-16,TOSTAO_12,CUST_01972
TICKET_002635,2024-03-20,TOSTAO_12,CUST_00914
TICKET_002636,2024-02-03,TOSTAO_12,CUST_01702
TICKET_002637,2024-09-14,TOSTAO_10,CUST_02138
TICKET_002638,2024-05-07,TOSTAO_17,CUST_01437
TICKET_002639,2024-03-08,TOSTAO_14,CUST_01803
TICKET_002640,2024-01-19,TOSTAO_13,CUST_00368
TICKET_002641,2024-11-29,TOSTAO_01,CUST_00183
TICKET_002642,2024-12-08,TOSTAO_16,CUST_01852
TICKET_002643,2024-10-22,TOSTAO_01,CUST_00337
TICKET_002644,2024-10-06,TOSTAO_01,CUST_00466
TICKET_002645,2024-09-09,TOSTAO_11,CUST_01445
TICKET_002646,2024-04-16,TOSTAO_14,CUST_01361
TICKET_002647,2024-09-27,TOSTAO_08,CUST_00657
TICKET_002648,2024-10-19,TOSTAO_11,CUST_01055
TICKET_002649,2024-07-01,TOSTAO_15,CUST_00126
TICKET_002650,2024-04-17,TOSTAO_19,CUST_00655
TICKET_002651,2024-01-27,TOSTAO_16,CUST_01592
TICKET_002652,2024-02-12,TOSTAO_10,CUST_00157
TICKET_002653,2024-02-03,TOSTAO_12,CUST_01156
TICKET_002654,2024-05-30,TOSTAO_20,CUST_01199
TICKET_002655,2024-12-15,TOSTAO_15,CUST_02284
TICKET_002656,2024-04-03,TOSTAO_06,CUST_01277
TICKET_002657,2024-05-10,TOSTAO_15,CUST_01396
TICKET_002658,2024-06-13,TOSTAO_15,CUST_01643
TICKET_002659,2024-10-13,TOSTAO_02,CUST_01264
TICKET_002660,2024-02-29,TOSTAO_20,CUST_02351
TICKET_002661,2024-06-06,TOSTAO_07,CUST_01071
TICKET_002662,2024-03-15,TOSTAO_14,CUST_00801
TICKET_002663,2024-11-22,TOSTAO_04,CUST_00630
TICKET_002664,2024-11-04,TOSTAO_14,CUST_00569
TICKET_002665,2024-02-01,TOSTAO_20,CUST_00494
TICKET_002666,2024-03-25,TOSTAO_15,CUST_00045
TICKET_002667,2024-07-08,TOSTAO_05,CUST_02022
TICKET_002668,2024-10-13,TOSTAO_16,CUST_02120
TICKET_002669,2024-11-07,TOSTAO_05,CUST_02122
TICKET_002670,2024-10-05,TOSTAO_15,CUST_00892
TICKET_002671,2024-07-01,TOSTAO_18,CUST_02313
TICKET_002672,2024-10-19,TOSTAO_04,CUST_00828
TICKET_002673,2024-12-22,TOSTAO_14,CUST_00854
TICKET_002674,2024-11-16,TOSTAO_10,CUST_01449
TICKET_002675,2024-05-14,TOSTAO_14,CUST_00716
TICKET_002676,2024-01-27,TOSTAO_13,CUST_01853
TICKET_002677,2024-05-24,TOSTAO_10,CUST_01403
TICKET_002678,2024-10-28,TOSTAO_04,CUST_00589
TICKET_002679,2024-01-17,TOSTAO_03,CUST_01618
TICKET_002680,2024-08-20,TOSTAO_10,CUST_01604
TICKET_002681,2024-01-15,TOSTAO_10,CUST_02460
TICKET_002682,2024-03-20,TOSTAO_02,CUST_01096
TICKET_002683,2024-03-06,TOSTAO_01,CUST_01655
TICKET_002684,2024-10-15,TOSTAO_19,CUST_01372
TICKET_002685,2024-06-12,TOSTAO_17,CUST_00705
TICKET_002686,2024-02-06,TOSTAO_11,CUST_00319
TICKET_002687,2024-05-02,TOSTAO_03,CUST_00025
TICKET_002688,2024-07-15,TOSTAO_16,CUST_01947
TICKET_002689,2024-05-28,TOSTAO_15,CUST_01754
TICKET_002690,2024-12-21,TOSTAO_12,CUST_01595
TICKET_002691,2024-05-04,TOSTAO_10,CUST_00775
TICKET_002692,2024-11-03,TOSTAO_16,CUST_01753
TICKET_002693,2024-09-16,TOSTAO_09,CUST_01379
TICKET_002694,2024-11-12,TOSTAO_13,CUST_01813
TICKET_002695,2024-01-18,TOSTAO_16,CUST_00128
TICKET_002696,2024-06-28,TOSTAO_03,CUST_00318
TICKET_002697,2024-04-28,TOSTAO_10,CUST_00523
TICKET_002698,2024-12-23,TOSTAO_06,CUST_00547
TICKET_002699,2024-06-10,TOSTAO_05,CUST_00624
TICKET_002700,2024-06-18,TOSTAO_05,CUST_01757
TICKET_002701,2024-01-20,TOSTAO_10,CUST_01562
TICKET_002702,2024-02-15,TOSTAO_14,CUST_02103
TICKET_002703,2024-03-18,TOSTAO_08,CUST_00418
TICKET_002704,2024-12-26,TOSTAO_14,CUST_01769
TICKET_002705,2024-10-13,TOSTAO_01,CUST_02197
TICKET_002706,2024-07-05,TOSTAO_02,CUST_02355
TICKET_002707,2024-09-17,TOSTAO_10,CUST_00261
TICKET_002708,2024-09-15,TOSTAO_05,CUST_01899
TICKET_002709,2024-08-17,TOSTAO_11,CUST_02275
TICKET_002710,2024-05-01,TOSTAO_02,CUST_00033
TICKET_002711,2024-01-19,TOSTAO_16,CUST_01963
TICKET_002712,2024-03-18,TOSTAO_12,CUST_01437
TICKET_002713,2024-07-22,TOSTAO_05,CUST_00157
TICKET_002714,2024-03-16,TOSTAO_14,CUST_00254
TICKET_002715,2024-12-23,TOSTAO_06,CUST_00821
TICKET_002716,2024-05-24,TOSTAO_18,CUST_01126
TICKET_002717,2024-09-03,TOSTAO_14,CUST_00965
TICKET_002718,2024-03-22,TOSTAO_07,CUST_02390
TICKET_002719,2024-01-23,TOSTAO_05,CUST_01166
TICKET_002720,2024-05-04,TOSTAO_02,CUST_02071
TICKET_002721,2024-11-04,TOSTAO_11,CUST_01577
TICKET_002722,2024-01-17,TOSTAO_13,CUST_00969
TICKET_002723,2024-07-01,TOSTAO_15,CUST_00013
TICKET_002724,2024-04-07,TOSTAO_16,CUST_00101
TICKET_002725,2024-04-06,TOSTAO_14,CUST_01285
TICKET_002726,2024-07-12,TOSTAO_15,CUST_00021
TICKET_002727,2024-01-26,TOSTAO_07,CUST_00263
TICKET_002728,2024-06-01,TOSTAO_15,CUST_01239
TICKET_002729,2024-06-06,TOSTAO_19,CUST_01870
TICKET_002730,2024-06-15,TOSTAO_12,CUST_01825
TICKET_002731,2024-01-27,TOSTAO_01,CUST_02012
TICKET_002732,2024-10-13,TOSTAO_05,CUST_01124
TICKET_002733,2024-07-29,TOSTAO_18,CUST_00886
TICKET_002734,2024-01-28,TOSTAO_06,CUST_02101
TICKET_002735,2024-04-03,TOSTAO_06,CUST_00775
TICKET_002736,2024-02-06,TOSTAO_03,CUST_02311
TICKET_002737,2024-11-30,TOSTAO_17,CUST_01938
TICKET_002738,2024-09-09,TOSTAO_19,CUST_00091
TICKET_002739,2024-08-31,TOSTAO_14,CUST_00519
TICKET_002740,2024-06-26,TOSTAO_20,CUST_01291
TICKET_002741,2024-06-01,TOSTAO_17,CUST_00523
TICKET_002742,2024-11-26,TOSTAO_03,CUST_01663
TICKET_002743,2024-12-15,TOSTAO_18,CUST_00363
TICKET_002744,2024-07-05,TOSTAO_14,CUST_00133
TICKET_002745,2024-03-02,TOSTAO_03,CUST_02460
TICKET_002746,2024-08-03,TOSTAO_16,CUST_01591
TICKET_002747,2024-10-01,TOSTAO_17,CUST_01280
TICKET_002748,2024-01-01,TOSTAO_02,CUST_00599
TICKET_002749,2024-08-06,TOSTAO_17,CUST_00727
TICKET_002750,2024-04-11,TOSTAO_20,CUST_01435
TICKET_002751,2024-07-14,TOSTAO_04,CUST_01389
TICKET_002752,2024-09-21,TOSTAO_01,CUST_01755
TICKET_002753,2024-06-07,TOSTAO_06,CUST_02367
TICKET_002754,2024-05-12,TOSTAO_18,CUST_01628
TICKET_002755,2024-10-31,TOSTAO_13,CUST_01818
TICKET_002756,2024-05-07,TOSTAO_04,CUST_01358
TICKET_002757,2024-12-02,TOSTAO_01,CUST_00051
TICKET_002758,2024-12-07,TOSTAO_13,CUST_00045
TICKET_002759,2024-06-27,TOSTAO_01,CUST_01469
TICKET_002760,2024-03-01,TOSTAO_08,CUST_01897
TICKET_002761,2024-11-15,TOSTAO_17,CUST_00462
TICKET_002762,2024-12-13,TOSTAO_07,CUST_00168
TICKET_002763,2024-10-01,TOSTAO_19,CUST_02110
TICKET_002764,2024-03-05,TOSTAO_01,CUST_01454
TICKET_002765,2024-03-08,TOSTAO_04,CUST_01735
TICKET_002766,2024-01-31,TOSTAO_16,CUST_00584
TICKET_002767,2024-03-18,TOSTAO_01,CUST_02448
TICKET_002768,2024-11-07,TOSTAO_08,CUST_00412
TICKET_002769,2024-10-05,TOSTAO_08,CUST_01103
TICKET_002770,2024-08-13,TOSTAO_06,CUST_01884
TICKET_002771,2024-01-13,TOSTAO_03,CUST_02294
TICKET_002772,2024-11-17,TOSTAO_04,CUST_00511
TICKET_002773,2024-05-18,TOSTAO_20,CUST_00382
TICKET_002774,2024-02-12,TOSTAO_15,CUST_00169
TICKET_002775,2024-05-22,TOSTAO_15,CUST_00575
TICKET_002776,2024-12-22,TOSTAO_04,CUST_00313
TICKET_002777,2024-03-22,TOSTAO_01,CUST_02282
TICKET_002778,2024-02-04,TOSTAO_12,CUST_01675
TICKET_002779,2024-08-21,TOSTAO_19,CUST_02406
TICKET_002780,2024-02-29,TOSTAO_02,CUST_00909
TICKET_002781,2024-01-31,TOSTAO_08,CUST_01666
TICKET_002782,2024-01-20,TOSTAO_03,CUST_01154
TICKET_002783,2024-02-16,TOSTAO_02,CUST_01479
TICKET_002784,2024-04-24,TOSTAO_03,CUST_00711
TICKET_002785,2024-01-23,TOSTAO_02,CUST_01652
TICKET_002786,2024-04-23,TOSTAO_20,CUST_00314
TICKET_002787,2024-09-14,TOSTAO_04,CUST_01384
TICKET_002788,2024-08-11,TOSTAO_10,CUST_00407
TICKET_002789,2024-01-11,TOSTAO_13,CUST_01592
TICKET_002790,2024-01-22,TOSTAO_07,CUST_01730
TICKET_002791,2024-03-29,TOSTAO_20,CUST_01183
TICKET_002792,2024-06-27,TOSTAO_18,CUST_02149
TICKET_002793,2024-04-29,TOSTAO_19,CUST_00366
TICKET_002794,2024-03-14,TOSTAO_11,CUST_00271
TICKET_002795,2024-04-02,TOSTAO_18,CUST_00177
TICKET_002796,2024-09-01,TOSTAO_11,CUST_00085
TICKET_002797,2024-09-27,TOSTAO_09,CUST_02496
TICKET_002798,2024-11-14,TOSTAO_12,CUST_02193
TICKET_002799,2024-11-11,TOSTAO_17,CUST_01296
TICKET_002800,2024-09-18,TOSTAO_16,CUST_01460
TICKET_002801,2024-06-08,TOSTAO_19,CUST_00677
TICKET_002802,2024-09-13,TOSTAO_12,CUST_02395
TICKET_002803,2024-10-13,TOSTAO_18,CUST_00471
TICKET_002804,2024-08-21,TOSTAO_06,CUST_00053
TICKET_002805,2024-07-16,TOSTAO_08,CUST_02006
TICKET_002806,2024-02-12,TOSTAO_06,CUST_00410
TICKET_002807,2024-03-05,TOSTAO_18,CUST_02234
TICKET_002808,2024-04-04,TOSTAO_12,CUST_00556
TICKET_002809,2024-10-21,TOSTAO_11,CUST_02188
TICKET_002810,2024-01-04,TOSTAO_14,CUST_01236
TICKET_002811,2024-01-19,TOSTAO_05,CUST_00093
TICKET_002812,2024-07-30,TOSTAO_09,CUST_00528
TICKET_002813,2024-06-04,TOSTAO_04,CUST_00484
TICKET_002814,2024-09-01,TOSTAO_15,CUST_00398
TICKET_002815,2024-04-13,TOSTAO_01,CUST_01395
TICKET_002816,2024-12-23,TOSTAO_20,CUST_02496
TICKET_002817,2024-11-23,TOSTAO_18,CUST_01899
TICKET_002818,2024-11-26,TOSTAO_02,CUST_00017
TICKET_002819,2024-07-19,TOSTAO_05,CUST_00179
TICKET_002820,2024-12-14,TOSTAO_08,CUST_02004
TICKET_002821,2024-07-08,TOSTAO_06,CUST_01174
TICKET_002822,2024-11-17,TOSTAO_11,CUST_00896
TICKET_002823,2024-07-18,TOSTAO_15,CUST_01660
TICKET_002824,2024-11-11,TOSTAO_16,CUST_01392
TICKET_002825,2024-03-13,TOSTAO_12,CUST_01757
TICKET_002826,2024-02-01,TOSTAO_16,CUST_02368
TICKET_002827,2024-11-05,TOSTAO_09,CUST_00549
TICKET_002828,2024-05-09,TOSTAO_19,CUST_02304
TICKET_002829,2024-06-01,TOSTAO_18,CUST_00036
TICKET_002830,2024-01-21,TOSTAO_12,CUST_00719
TICKET_002831,2024-04-29,TOSTAO_17,CUST_02049
TICKET_002832,2024-04-16,TOSTAO_01,CUST_01934
TICKET_002833,2024-01-07,TOSTAO_20,CUST_00524
TICKET_002834,2024-11-09,TOSTAO_10,CUST_00056
TICKET_002835,2024-09-09,TOSTAO_04,CUST_00340
TICKET_002836,2024-05-19,TOSTAO_09,CUST_01469
TICKET_002837,2024-04-25,TOSTAO_03,CUST_00270
TICKET_002838,2024-08-12,TOSTAO_19,CUST_01954
TICKET_002839,2024-11-06,TOSTAO_15,CUST_01509
TICKET_002840,2024-07-26,TOSTAO_11,CUST_00834
TICKET_002841,2024-05-07,TOSTAO_18,CUST_00082
TICKET_002842,2024-12-22,TOSTAO_18,CUST_02199
TICKET_002843,2024-11-28,TOSTAO_03,CUST_00324
TICKET_002844,2024-11-26,TOSTAO_13,CUST_01522
TICKET_002845,2024-10-11,TOSTAO_10,CUST_00088
TICKET_002846,2024-09-11,TOSTAO_14,CUST_02291
TICKET_002847,2024-02-21,TOSTAO_06,CUST_02083
TICKET_002848,2024-04-30,TOSTAO_06,CUST_00336
TICKET_002849,2024-09-01,TOSTAO_01,CUST_01486
TICKET_002850,2024-10-15,TOSTAO_05,CUST_01066
TICKET_002851,2024-09-24,TOSTAO_05,CUST_00395
TICKET_002852,2024-08-15,TOSTAO_20,CUST_01756
TICKET_002853,2024-01-04,TOSTAO_13,CUST_02302
TICKET_002854,2024-12-07,TOSTAO_13,CUST_01277
TICKET_002855,2024-08-17,TOSTAO_13,CUST_02174
TICKET_002856,2024-12-04,TOSTAO_10,CUST_01124
TICKET_002857,2024-05-12,TOSTAO_02,CUST_02204
TICKET_002858,2024-04-05,TOSTAO_20,CUST_01392
TICKET_002859,2024-06-13,TOSTAO_15,CUST_01224
TICKET_002860,2024-05-30,TOSTAO_17,CUST_02125
TICKET_002861,2024-01-18,TOSTAO_01,CUST_01590
TICKET_002862,2024-12-13,TOSTAO_15,CUST_01848
TICKET_002863,2024-07-13,TOSTAO_14,CUST_02416
TICKET_002864,2024-04-14,TOSTAO_15,CUST_00074
TICKET_002865,2024-02-12,TOSTAO_15,CUST_00706
TICKET_002866,2024-11-08,TOSTAO_03,CUST_00210
TICKET_002867,2024-07-05,TOSTAO_13,CUST_02445
TICKET_002868,2024-12-23,TOSTAO_04,CUST_00977
TICKET_002869,2024-02-22,TOSTAO_10,CUST_01280
TICKET_002870,2024-01-22,TOSTAO_09,CUST_00629
TICKET_002871,2024-12-25,TOSTAO_02,CUST_02469
TICKET_002872,2024-02-03,TOSTAO_12,CUST_00434
TICKET_002873,2024-06-26,TOSTAO_12,CUST_01599
TICKET_002874,2024-10-29,TOSTAO_15,CUST_00564
TICKET_002875,2024-11-22,TOSTAO_18,CUST_02081
TICKET_002876,2024-07-14,TOSTAO_17,CUST_01791
TICKET_002877,2024-11-06,TOSTAO_02,CUST_02040
TICKET_002878,2024-06-27,TOSTAO_12,CUST_01904
TICKET_002879,2024-02-27,TOSTAO_09,CUST_01284
TICKET_002880,2024-09-24,TOSTAO_04,CUST_02142
TICKET_002881,2024-12-30,TOSTAO_16,CUST_00775
TICKET_002882,2024-03-07,TOSTAO_05,CUST_02091
TICKET_002883,2024-12-01,TOSTAO_13,CUST_02161
TICKET_002884,2024-09-16,TOSTAO_02,CUST_01364
TICKET_002885,2024-04-29,TOSTAO_05,CUST_02265
TICKET_002886,2024-07-26,TOSTAO_17,CUST_01916
TICKET_002887,2024-09-15,TOSTAO_02,CUST_00878
TICKET_002888,2024-06-22,TOSTAO_10,CUST_00705
TICKET_002889,2024-02-25,TOSTAO_01,CUST_00258
TICKET_002890,2024-05-28,TOSTAO_15,CUST_01050
TICKET_002891,2024-03-16,TOSTAO_03,CUST_00457
TICKET_002892,2024-05-05,TOSTAO_10,CUST_01203
TICKET_002893,2024-10-23,TOSTAO_14,CUST_02461
TICKET_002894,2024-10-24,TOSTAO_02,CUST_00801
TICKET_002895,2024-02-08,TOSTAO_04,CUST_01751
TICKET_002896,2024-05-15,TOSTAO_05,CUST_00525
TICKET_002897,2024-09-28,TOSTAO_06,CUST_00401
TICKET_002898,2024-04-11,TOSTAO_06,CUST_01181
TICKET_002899,2024-11-09,TOSTAO_04,CUST_02083
TICKET_002900,2024-12-07,TOSTAO_08,CUST_02464
TICKET_002901,2024-08-23,TOSTAO_07,CUST_02360
TICKET_002902,2024-10-09,TOSTAO_16,CUST_02342
TICKET_002903,2024-10-26,TOSTAO_13,CUST_01236
TICKET_002904,2024-06-01,TOSTAO_17,CUST_01584
TICKET_002905,2024-02-09,TOSTAO_04,CUST_01120
TICKET_002906,2024-09-29,TOSTAO_06,CUST_02441
TICKET_002907,2024-11-24,TOSTAO_03,CUST_02443
TICKET_002908,2024-09-01,TOSTAO_18,CUST_01330
TICKET_002909,2024-01-02,TOSTAO_14,CUST_01172
TICKET_002910,2024-04-14,TOSTAO_05,CUST_00507
TICKET_002911,2024-10-19,TOSTAO_07,CUST_02108
TICKET_002912,2024-09-22,TOSTAO_11,CUST_00980
TICKET_002913,2024-08-14,TOSTAO_07,CUST_00932
TICKET_002914,2024-05-13,TOSTAO_18,CUST_01722
TICKET_002915,2024-10-26,TOSTAO_07,CUST_01433
TICKET_002916,2024-06-25,TOSTAO_02,CUST_00531
TICKET_002917,2024-04-15,TOSTAO_15,CUST_00383
TICKET_002918,2024-05-16,TOSTAO_17,CUST_00658
TICKET_002919,2024-02-13,TOSTAO_14,CUST_01040
TICKET_002920,2024-06-03,TOSTAO_11,CUST_01712
TICKET_002921,2024-01-21,TOSTAO_03,CUST_00790
TICKET_002922,2024-05-25,TOSTAO_06,CUST_01665
TICKET_002923,2024-05-02,TOSTAO_14,CUST_01207
TICKET_002924,2024-02-10,TOSTAO_04,CUST_01118
TICKET_002925,2024-11-27,TOSTAO_17,CUST_01696
TICKET_002926,2024-10-30,TOSTAO_07,CUST_02135
TICKET_002927,2024-01-02,TOSTAO_14,CUST_01122
TICKET_002928,2024-01-22,TOSTAO_16,CUST_00924
TICKET_002929,2024-08-19,TOSTAO_09,CUST_00426
TICKET_002930,2024-05-04,TOSTAO_03,CUST_02365
TICKET_002931,2024-03-08,TOSTAO_19,CUST_00406
TICKET_002932,2024-12-07,TOSTAO_11,CUST_00507
TICKET_002933,2024-11-29,TOSTAO_09,CUST_01957
TICKET_002934,2024-07-13,TOSTAO_09,CUST_00955
TICKET_002935,2024-10-14,TOSTAO_18,CUST_02197
TICKET_002936,2024-12-30,TOSTAO_04,CUST_00509
TICKET_002937,2024-03-14,TOSTAO_03,CUST_00906
TICKET_002938,2024-12-03,TOSTAO_04,CUST_01118
TICKET_002939,2024-10-11,TOSTAO_09,CUST_00495
TICKET_002940,2024-06-02,TOSTAO_05,CUST_01286
TICKET_002941,2024-12-16,TOSTAO_05,CUST_01459
TICKET_002942,2024-06-12,TOSTAO_16,CUST_01038
TICKET_002943,2024-06-20,TOSTAO_01,CUST_00725
TICKET_002944,2024-09-17,TOSTAO_07,CUST_00602
TICKET_002945,2024-06-10,TOSTAO_10,CUST_02014
TICKET_002946,2024-07-03,TOSTAO_09,CUST_00553
TICKET_002947,2024-11-25,TOSTAO_15,CUST_00353
TICKET_002948,2024-06-14,TOSTAO_03,CUST_00214
TICKET_002949,2024-12-04,TOSTAO_14,CUST_01930
TICKET_002950,2024-03-07,TOSTAO_07,CUST_00489
TICKET_002951,2024-05-08,TOSTAO_13,CUST_01196
TICKET_002952,2024-10-20,TOSTAO_13,CUST_02409
TICKET_002953,2024-07-04,TOSTAO_20,CUST_02310
TICKET_002954,2024-03-06,TOSTAO_16,CUST_01395
TICKET_002955,2024-05-23,TOSTAO_13,CUST_01918
TICKET_002956,2024-03-15,TOSTAO_15,CUST_00978
TICKET_002957,2024-02-01,TOSTAO_03,CUST_01755
TICKET_002958,2024-06-15,TOSTAO_02,CUST_00965
TICKET_002959,2024-12-06,TOSTAO_18,CUST_02188
TICKET_002960,2024-01-05,TOSTAO_10,CUST_01498
TICKET_002961,2024-01-21,TOSTAO_11,CUST_00177
TICKET_002962,2024-03-31,TOSTAO_03,CUST_01270
TICKET_002963,2024-01-30,TOSTAO_11,CUST_02405
TICKET_002964,2024-05-01,TOSTAO_09,CUST_00900
TICKET_002965,2024-06-17,TOSTAO_12,CUST_01848
TICKET_002966,2024-12-02,TOSTAO_18,CUST_01288
TICKET_002967,2024-10-24,TOSTAO_12,CUST_00208
TICKET_002968,2024-06-04,TOSTAO_09,CUST_02083
TICKET_002969,2024-02-08,TOSTAO_16,CUST_01561
TICKET_002970,2024-09-09,TOSTAO_17,CUST_00623
TICKET_002971,2024-05-31,TOSTAO_08,CUST_01993
TICKET_002972,2024-11-29,TOSTAO_19,CUST_00913
TICKET_002973,2024-02-29,TOSTAO_01,CUST_01680
TICKET_002974,2024-09-30,TOSTAO_06,CUST_00936
TICKET_002975,2024-09-15,TOSTAO_09,CUST_01856
TICKET_002976,2024-12-22,TOSTAO_02,CUST_00486
TICKET_002977,2024-10-03,TOSTAO_05,CUST_02362
TICKET_002978,2024-05-11,TOSTAO_03,CUST_00956
TICKET_002979,2024-10-28,TOSTAO_15,CUST_00957
TICKET_002980,2024-07-15,TOSTAO_17,CUST_00686
TICKET_002981,2024-11-07,TOSTAO_15,CUST_00026
TICKET_002982,2024-10-18,TOSTAO_02,CUST_01819
TICKET_002983,2024-01-14,TOSTAO_08,CUST_01936
TICKET_002984,2024-03-31,TOSTAO_10,CUST_02091
TICKET_002985,2024-05-23,TOSTAO_18,CUST_01123
TICKET_002986,2024-05-20,TOSTAO_08,CUST_01293
TICKET_002987,2024-06-02,TOSTAO_15,CUST_00621
TICKET_002988,2024-10-02,TOSTAO_15,CUST_00508
TICKET_002989,2024-02-23,TOSTAO_11,CUST_01407
TICKET_002990,2024-12-06,TOSTAO_15,CUST_02450
TICKET_002991,2024-03-27,TOSTAO_20,CUST_01321
TICKET_002992,2024-04-14,TOSTAO_04,CUST_02028
TICKET_002993,2024-01-19,TOSTAO_01,CUST_01860
TICKET_002994,2024-12-14,TOSTAO_20,CUST_00728
TICKET_002995,2024-03-26,TOSTAO_01,CUST_01798
TICKET_002996,2024-09-14,TOSTAO_09,CUST_01777
TICKET_002997,2024-01-25,TOSTAO_05,CUST_00143
TICKET_002998,2024-04-21,TOSTAO_01,CUST_01202
TICKET_002999,2024-09-24,TOSTAO_12,CUST_01923
TICKET_003000,2024-04-14,TOSTAO_01,CUST_01020
TICKET_003001,2024-12-23,TOSTAO_04,CUST_01227
TICKET_003002,2024-05-08,TOSTAO_01,CUST_00542
TICKET_003003,2024-08-06,TOSTAO_02,CUST_02236
TICKET_003004,2024-02-05,TOSTAO_15,CUST_00593
TICKET_003005,2024-11-03,TOSTAO_02,CUST_01598
TICKET_003006,2024-07-20,TOSTAO_19,CUST_01632
TICKET_003007,2024-03-13,TOSTAO_02,CUST_00694
TICKET_003008,2024-04-23,TOSTAO_19,CUST_01620
TICKET_003009,2024-09-07,TOSTAO_07,CUST_02036
TICKET_003010,2024-09-28,TOSTAO_16,CUST_00584
TICKET_003011,2024-10-16,TOSTAO_12,CUST_01515
TICKET_003012,2024-06-26,TOSTAO_19,CUST_02316
TICKET_003013,2024-11-04,TOSTAO_14,CUST_00625
TICKET_003014,2024-09-24,TOSTAO_11,CUST_00940
TICKET_003015,2024-03-25,TOSTAO_10,CUST_00688
TICKET_003016,2024-12-27,TOSTAO_09,CUST_02492
TICKET_003017,2024-09-11,TOSTAO_11,CUST_02410
TICKET_003018,2024-10-09,TOSTAO_05,CUST_00241
TICKET_003019,2024-08-07,TOSTAO_05,CUST_01351
TICKET_003020,2024-02-01,TOSTAO_02,CUST_00106
TICKET_003021,2024-11-11,TOSTAO_19,CUST_00896
TICKET_003022,2024-07-19,TOSTAO_05,CUST_00029
TICKET_003023,2024-06-05,TOSTAO_20,CUST_01297
TICKET_003024,2024-07-23,TOSTAO_08,CUST_00305
TICKET_003025,2024-02-18,TOSTAO_04,CUST_01842
TICKET_003026,2024-08-01,TOSTAO_17,CUST_02324
TICKET_003027,2024-04-28,TOSTAO_10,CUST_01008
TICKET_003028,2024-11-18,TOSTAO_07,CUST_00878
TICKET_003029,2024-08-03,TOSTAO_10,CUST_02399
TICKET_003030,2024-03-26,TOSTAO_10,CUST_01974
TICKET_003031,2024-03-06,TOSTAO_19,CUST_01852
TICKET_003032,2024-05-18,TOSTAO_18,CUST_00111
TICKET_003033,2024-12-28,TOSTAO_07,CUST_01199
TICKET_003034,2024-07-24,TOSTAO_06,CUST_02307
TICKET_003035,2024-01-26,TOSTAO_17,CUST_00571
TICKET_003036,2024-09-27,TOSTAO_02,CUST_00944
TICKET_003037,2024-02-26,TOSTAO_08,CUST_01914
TICKET_003038,2024-11-19,TOSTAO_07,CUST_01630
TICKET_003039,2024-07-15,TOSTAO_17,CUST_00380
TICKET_003040,2024-12-08,TOSTAO_16,CUST_02100
TICKET_003041,2024-05-04,TOSTAO_14,CUST_00643
TICKET_003042,2024-02-24,TOSTAO_17,CUST_00842
TICKET_003043,2024-12-16,TOSTAO_10,CUST_00103
TICKET_003044,2024-01-13,TOSTAO_04,CUST_02388
TICKET_003045,2024-12-22,TOSTAO_12,CUST_00008
TICKET_003046,2024-10-26,TOSTAO_02,CUST_00689
TICKET_003047,2024-12-24,TOSTAO_04,CUST_00649
TICKET_003048,2024-09-02,TOSTAO_19,CUST_00798
TICKET_003049,2024-06-03,TOSTAO_15,CUST_01504
TICKET_003050,2024-12-10,TOSTAO_06,CUST_01922
TICKET_003051,2024-03-25,TOSTAO_03,CUST_01413
TICKET_003052,2024-10-17,TOSTAO_07,CUST_01826
TICKET_003053,2024-01-27,TOSTAO_05,CUST_00554
TICKET_003054,2024-11-21,TOSTAO_13,CUST_01249
TICKET_003055,2024-07-31,TOSTAO_20,CUST_01505
TICKET_003056,2024-03-05,TOSTAO_07,CUST_00745
TICKET_003057,2024-05-04,TOSTAO_11,CUST_00013
TICKET_003058,2024-09-28,TOSTAO_15,CUST_00473
TICKET_003059,2024-09-21,TOSTAO_07,CUST_01811
TICKET_003060,2024-01-05,TOSTAO_06,CUST_00243
TICKET_003061,2024-06-02,TOSTAO_15,CUST_00529
TICKET_003062,2024-12-30,TOSTAO_15,CUST_01455
TICKET_003063,2024-07-15,TOSTAO_04,CUST_00143
TICKET_003064,2024-12-03,TOSTAO_17,CUST_01810
TICKET_003065,2024-02-21,TOSTAO_11,CUST_00814
TICKET_003066,2024-06-29,TOSTAO_13,CUST_02137
TICKET_003067,2024-07-08,TOSTAO_15,CUST_01580
TICKET_003068,2024-06-02,TOSTAO_16,CUST_01081
TICKET_003069,2024-04-02,TOSTAO_13,CUST_01018
TICKET_003070,2024-07-14,TOSTAO_09,CUST_01774
TICKET_003071,2024-12-05,TOSTAO_10,CUST_01050
TICKET_003072,2024-11-16,TOSTAO_03,CUST_02188
TICKET_003073,2024-04-21,TOSTAO_03,CUST_01702
TICKET_003074,2024-11-16,TOSTAO_15,CUST_02161
TICKET_003075,2024-09-01,TOSTAO_11,CUST_00999
TICKET_003076,2024-05-13,TOSTAO_20,CUST_02123
TICKET_003077,2024-09-01,TOSTAO_13,CUST_00673
TICKET_003078,2024-04-23,TOSTAO_02,CUST_01878
TICKET_003079,2024-07-06,TOSTAO_16,CUST_00534
TICKET_003080,2024-12-06,TOSTAO_07,CUST_02472
TICKET_003081,2024-09-21,TOSTAO_16,CUST_01809
TICKET_003082,2024-04-14,TOSTAO_18,CUST_01269
TICKET_003083,2024-05-05,TOSTAO_19,CUST_01845
TICKET_003084,2024-05-25,TOSTAO_01,CUST_01539
TICKET_003085,2024-12-29,TOSTAO_19,CUST_01219
TICKET_003086,2024-07-26,TOSTAO_03,CUST_00059
TICKET_003087,2024-11-04,TOSTAO_07,CUST_00774
TICKET_003088,2024-06-08,TOSTAO_09,CUST_00418
TICKET_003089,2024-03-22,TOSTAO_03,CUST_02423
TICKET_003090,2024-12-16,TOSTAO_08,CUST_00447
TICKET_003091,2024-08-07,TOSTAO_01,CUST_02081
TICKET_003092,2024-01-09,TOSTAO_20,CUST_00099
TICKET_003093,2024-03-27,TOSTAO_11,CUST_02155
TICKET_003094,2024-07-22,TOSTAO_18,CUST_01192
TICKET_003095,2024-08-24,TOSTAO_09,CUST_01557
TICKET_003096,2024-12-04,TOSTAO_05,CUST_01309
TICKET_003097,2024-08-13,TOSTAO_14,CUST_01468
TICKET_003098,2024-08-25,TOSTAO_07,CUST_00204
TICKET_003099,2024-12-08,TOSTAO_13,CUST_00958
TICKET_003100,2024-09-21,TOSTAO_12,CUST_01673
TICKET_003101,2024-11-25,TOSTAO_19,CUST_02257
TICKET_003102,2024-06-06,TOSTAO_15,CUST_00155
TICKET_003103,2024-10-27,TOSTAO_19,CUST_01569
TICKET_003104,2024-07-30,TOSTAO_18,CUST_00475
TICKET_003105,2024-12-26,TOSTAO_11,CUST_00630
TICKET_003106,2024-10-21,TOSTAO_17,CUST_01311
TICKET_003107,2024-06-04,TOSTAO_19,CUST_01344
TICKET_003108,2024-04-30,TOSTAO_03,CUST_00858
TICKET_003109,2024-05-07,TOSTAO_05,CUST_00881
TICKET_003110,2024-07-23,TOSTAO_19,CUST_02300
TICKET_003111,2024-08-13,TOSTAO_07,CUST_01359
TICKET_003112,2024-02-03,TOSTAO_07,CUST_01397
TICKET_003113,2024-09-02,TOSTAO_15,CUST_01594
TICKET_003114,2024-04-15,TOSTAO_08,CUST_01938
TICKET_003115,2024-03-17,TOSTAO_02,CUST_01945
TICKET_003116,2024-02-06,TOSTAO_17,CUST_01347
TICKET_003117,2024-07-14,TOSTAO_08,CUST_01529
TICKET_003118,2024-08-04,TOSTAO_11,CUST_01752
TICKET_003119,2024-12-15,TOSTAO_13,CUST_02279
TICKET_003120,2024-09-19,TOSTAO_19,CUST_01893
TICKET_003121,2024-10-24,TOSTAO_01,CUST_00919
TICKET_003122,2024-10-31,TOSTAO_10,CUST_01269
TICKET_003123,2024-12-06,TOSTAO_18,CUST_01952
TICKET_003124,2024-07-12,TOSTAO_06,CUST_01703
TICKET_003125,2024-12-12,TOSTAO_04,CUST_01648
TICKET_003126,2024-09-05,TOSTAO_08,CUST_01266
TICKET_003127,2024-06-15,TOSTAO_16,CUST_01087
TICKET_003128,2024-04-20,TOSTAO_09,CUST_02464
TICKET_003129,2024-12-15,TOSTAO_04,CUST_00247
TICKET_003130,2024-08-01,TOSTAO_17,CUST_02447
TICKET_003131,2024-01-22,TOSTAO_10,CUST_01053
TICKET_003132,2024-06-21,TOSTAO_03,CUST_01902
TICKET_003133,2024-06-05,TOSTAO_13,CUST_00503
TICKET_003134,2024-12-29,TOSTAO_05,CUST_01958
TICKET_003135,2024-04-02,TOSTAO_20,CUST_00823
TICKET_003136,2024-07-09,TOSTAO_15,CUST_00613
TICKET_003137,2024-03-09,TOSTAO_15,CUST_01003
TICKET_003138,2024-03-04,TOSTAO_15,CUST_01462
TICKET_003139,2024-01-10,TOSTAO_04,CUST_02110
TICKET_003140,2024-06-25,TOSTAO_18,CUST_01107
TICKET_003141,2024-03-10,TOSTAO_08,CUST_00561
TICKET_003142,2024-06-27,TOSTAO_08,CUST_00936
TICKET_003143,2024-08-22,TOSTAO_05,CUST_02475
TICKET_003144,2024-05-04,TOSTAO_01,CUST_00127
TICKET_003145,2024-09-02,TOSTAO_04,CUST_00217
TICKET_003146,2024-01-13,TOSTAO_09,CUST_02389
TICKET_003147,2024-06-27,TOSTAO_18,CUST_00945
TICKET_003148,2024-04-27,TOSTAO_05,CUST_01918
TICKET_003149,2024-07-29,TOSTAO_13,CUST_01085
TICKET_003150,2024-07-16,TOSTAO_09,CUST_02319
TICKET_003151,2024-12-20,TOSTAO_13,CUST_00561
TICKET_003152,2024-07-07,TOSTAO_01,CUST_00713
TICKET_003153,2024-01-20,TOSTAO_14,CUST_00017
TICKET_003154,2024-03-06,TOSTAO_14,CUST_00584
TICKET_003155,2024-02-28,TOSTAO_15,CUST_02168
TICKET_003156,2024-12-24,TOSTAO_06,CUST_02105
TICKET_003157,2024-11-04,TOSTAO_06,CUST_01918
TICKET_003158,2024-11-01,TOSTAO_03,CUST_00119
TICKET_003159,2024-07-07,TOSTAO_10,CUST_00701
TICKET_003160,2024-06-11,TOSTAO_03,CUST_00155
TICKET_003161,2024-05-31,TOSTAO_02,CUST_02032
TICKET_003162,2024-06-19,TOSTAO_15,CUST_01589
TICKET_003163,2024-02-28,TOSTAO_16,CUST_01971
TICKET_003164,2024-11-10,TOSTAO_08,CUST_02030
TICKET_003165,2024-11-08,TOSTAO_07,CUST_02310
TICKET_003166,2024-09-21,TOSTAO_04,CUST_01480
TICKET_003167,2024-12-20,TOSTAO_10,CUST_00523
TICKET_003168,2024-07-20,TOSTAO_13,CUST_00948
TICKET_003169,2024-11-02,TOSTAO_12,CUST_02166
TICKET_003170,2024-12-14,TOSTAO_02,CUST_02361
TICKET_003171,2024-05-09,TOSTAO_16,CUST_00569
TICKET_003172,2024-05-06,TOSTAO_09,CUST_01850
TICKET_003173,2024-09-16,TOSTAO_09,CUST_01682
TICKET_003174,2024-04-02,TOSTAO_07,CUST_01540
TICKET_003175,2024-07-11,TOSTAO_05,CUST_01581
TICKET_003176,2024-06-16,TOSTAO_10,CUST_00019
TICKET_003177,2024-07-08,TOSTAO_09,CUST_00443
TICKET_003178,2024-03-31,TOSTAO_12,CUST_00842
TICKET_003179,2024-06-09,TOSTAO_06,CUST_01272
TICKET_003180,2024-08-07,TOSTAO_03,CUST_02124
TICKET_003181,2024-05-19,TOSTAO_16,CUST_02429
TICKET_003182,2024-05-11,TOSTAO_05,CUST_01234
TICKET_003183,2024-12-15,TOSTAO_13,CUST_02364
TICKET_003184,2024-07-16,TOSTAO_13,CUST_00407
TICKET_003185,2024-05-11,TOSTAO_05,CUST_02179
TICKET_003186,2024-09-27,TOSTAO_20,CUST_00739
TICKET_003187,2024-07-03,TOSTAO_19,CUST_00716
TICKET_003188,2024-08-29,TOSTAO_14,CUST_00436
TICKET_003189,2024-09-27,TOSTAO_16,CUST_01725
TICKET_003190,2024-12-27,TOSTAO_06,CUST_02484
TICKET_003191,2024-12-05,TOSTAO_03,CUST_01997
TICKET_003192,2024-05-18,TOSTAO_05,CUST_00251
TICKET_003193,2024-03-04,TOSTAO_12,CUST_00860
TICKET_003194,2024-08-11,TOSTAO_11,CUST_02499
TICKET_003195,2024-04-06,TOSTAO_18,CUST_02088
TICKET_003196,2024-07-20,TOSTAO_19,CUST_00147
TICKET_003197,2024-09-29,TOSTAO_19,CUST_00046
TICKET_003198,2024-01-14,TOSTAO_04,CUST_00566
TICKET_003199,2024-04-23,TOSTAO_16,CUST_01045
TICKET_003200,2024-01-26,TOSTAO_14,CUST_00545
TICKET_003201,2024-04-17,TOSTAO_04,CUST_00738
TICKET_003202,2024-11-27,TOSTAO_05,CUST_00289
TICKET_003203,2024-01-14,TOSTAO_09,CUST_02232
TICKET_003204,2024-05-30,TOSTAO_05,CUST_00954
TICKET_003205,2024-04-15,TOSTAO_19,CUST_00810
TICKET_003206,2024-11-16,TOSTAO_16,CUST_00160
TICKET_003207,2024-05-17,TOSTAO_15,CUST_01297
TICKET_003208,2024-08-30,TOSTAO_14,CUST_02398
TICKET_003209,2024-03-16,TOSTAO_05,CUST_01105
TICKET_003210,2024-03-18,TOSTAO_10,CUST_01336
TICKET_003211,2024-09-15,TOSTAO_18,CUST_01933
TICKET_003212,2024-08-14,TOSTAO_07,CUST_01702
TICKET_003213,2024-09-13,TOSTAO_08,CUST_00610
TICKET_003214,2024-12-29,TOSTAO_01,CUST_02022
TICKET_003215,2024-04-17,TOSTAO_02,CUST_00209
TICKET_003216,2024-06-02,TOSTAO_19,CUST_02269
TICKET_003217,2024-08-07,TOSTAO_06,CUST_00765
TICKET_003218,2024-11-08,TOSTAO_13,CUST_01638
TICKET_003219,2024-05-20,TOSTAO_04,CUST_00821
TICKET_003220,2024-12-28,TOSTAO_19,CUST_01542
TICKET_003221,2024-04-06,TOSTAO_10,CUST_00241
TICKET_003222,2024-10-06,TOSTAO_20,CUST_02364
TICKET_003223,2024-05-29,TOSTAO_17,CUST_02128
TICKET_003224,2024-04-12,TOSTAO_11,CUST_02433
TICKET_003225,2024-05-21,TOSTAO_01,CUST_00013
TICKET_003226,2024-09-07,TOSTAO_01,CUST_00773
TICKET_003227,2024-06-26,TOSTAO_04,CUST_02307
TICKET_003228,2024-02-28,TOSTAO_10,CUST_02177
TICKET_003229,2024-08-24,TOSTAO_07,CUST_01598
TICKET_003230,2024-07-22,TOSTAO_17,CUST_01134
TICKET_003231,2024-03-28,TOSTAO_13,CUST_00626
TICKET_003232,2024-10-23,TOSTAO_09,CUST_00632
TICKET_003233,2024-01-15,TOSTAO_16,CUST_00959
TICKET_003234,2024-09-03,TOSTAO_18,CUST_01531
TICKET_003235,2024-10-28,TOSTAO_19,CUST_01932
TICKET_003236,2024-01-13,TOSTAO_03,CUST_01915
TICKET_003237,2024-10-26,TOSTAO_04,CUST_02461
TICKET_003238,2024-08-16,TOSTAO_15,CUST_00990
TICKET_003239,2024-07-06,TOSTAO_05,CUST_02128
TICKET_003240,2024-01-02,TOSTAO_05,CUST_00257
TICKET_003241,2024-09-28,TOSTAO_11,CUST_02066
TICKET_003242,2024-04-24,TOSTAO_05,CUST_00649
TICKET_003243,2024-10-12,TOSTAO_15,CUST_01586
TICKET_003244,2024-01-20,TOSTAO_07,CUST_00111
TICKET_003245,2024-06-11,TOSTAO_02,CUST_02043
TICKET_003246,2024-03-28,TOSTAO_16,CUST_00492
TICKET_003247,2024-07-20,TOSTAO_11,CUST_01247
TICKET_003248,2024-06-29,TOSTAO_05,CUST_00227
TICKET_003249,2024-02-04,TOSTAO_06,CUST_01574
TICKET_003250,2024-09-02,TOSTAO_08,CUST_01325
TICKET_003251,2024-04-06,TOSTAO_06,CUST_01839
TICKET_003252,2024-06-14,TOSTAO_05,CUST_02193
TICKET_003253,2024-03-26,TOSTAO_20,CUST_02457
TICKET_003254,2024-03-27,TOSTAO_19,CUST_01487
TICKET_003255,2024-01-19,TOSTAO_07,CUST_00081
TICKET_003256,2024-10-05,TOSTAO_03,CUST_00225
TICKET_003257,2024-01-07,TOSTAO_13,CUST_00267
TICKET_003258,2024-10-18,TOSTAO_09,CUST_01739
TICKET_003259,2024-08-16,TOSTAO_19,CUST_01988
TICKET_003260,2024-01-08,TOSTAO_19,CUST_01603
TICKET_003261,2024-12-02,TOSTAO_04,CUST_00799
TICKET_003262,2024-06-25,TOSTAO_13,CUST_01694
TICKET_003263,2024-08-13,TOSTAO_20,CUST_00578
TICKET_003264,2024-10-26,TOSTAO_13,CUST_02132
TICKET_003265,2024-11-11,TOSTAO_15,CUST_00861
TICKET_003266,2024-10-14,TOSTAO_01,CUST_01257
TICKET_003267,2024-07-07,TOSTAO_03,CUST_01721
TICKET_003268,2024-01-05,TOSTAO_14,CUST_00523
TICKET_003269,2024-04-03,TOSTAO_13,CUST_01174
TICKET_003270,2024-04-25,TOSTAO_09,CUST_00192
TICKET_003271,2024-02-21,TOSTAO_03,CUST_02441
TICKET_003272,2024-02-17,TOSTAO_03,CUST_02311
TICKET_003273,2024-05-24,TOSTAO_10,CUST_00708
TICKET_003274,2024-01-08,TOSTAO_04,CUST_01223
TICKET_003275,2024-08-21,TOSTAO_13,CUST_00358
TICKET_003276,2024-12-23,TOSTAO_14,CUST_00883
TICKET_003277,2024-11-10,TOSTAO_19,CUST_01275
TICKET_003278,2024-08-04,TOSTAO_13,CUST_01011
TICKET_003279,2024-04-09,TOSTAO_09,CUST_00579
TICKET_003280,2024-09-17,TOSTAO_11,CUST_02399
TICKET_003281,2024-03-08,TOSTAO_09,CUST_00745
TICKET_003282,2024-09-28,TOSTAO_14,CUST_01514
TICKET_003283,2024-03-16,TOSTAO_09,CUST_01655
TICKET_003284,2024-10-20,TOSTAO_03,CUST_01092
TICKET_003285,2024-02-12,TOSTAO_20,CUST_01318
TICKET_003286,2024-04-19,TOSTAO_03,CUST_02079
TICKET_003287,2024-01-21,TOSTAO_02,CUST_00231
TICKET_003288,2024-08-28,TOSTAO_15,CUST_01823
TICKET_003289,2024-09-27,TOSTAO_17,CUST_00513
TICKET_003290,2024-03-16,TOSTAO_08,CUST_00094
TICKET_003291,2024-03-31,TOSTAO_10,CUST_00955
TICKET_003292,2024-07-07,TOSTAO_05,CUST_02237
TICKET_003293,2024-12-08,TOSTAO_02,CUST_00473
TICKET_003294,2024-12-17,TOSTAO_13,CUST_02095
TICKET_003295,2024-12-16,TOSTAO_03,CUST_02382
TICKET_003296,2024-12-11,TOSTAO_09,CUST_02389
TICKET_003297,2024-09-02,TOSTAO_13,CUST_00497
TICKET_003298,2024-10-15,TOSTAO_07,CUST_00059
TICKET_003299,2024-08-08,TOSTAO_12,CUST_01197
TICKET_003300,2024-05-10,TOSTAO_09,CUST_00494
TICKET_003301,2024-02-23,TOSTAO_10,CUST_01199
TICKET_003302,2024-08-16,TOSTAO_04,CUST_01558
TICKET_003303,2024-03-14,TOSTAO_03,CUST_02392
TICKET_003304,2024-02-26,TOSTAO_02,CUST_00225
TICKET_003305,2024-11-27,TOSTAO_12,CUST_00093
TICKET_003306,2024-12-03,TOSTAO_02,CUST_00492
TICKET_003307,2024-09-19,TOSTAO_01,CUST_01352
TICKET_003308,2024-11-19,TOSTAO_01,CUST_00920
TICKET_003309,2024-05-23,TOSTAO_19,CUST_01816
TICKET_003310,2024-02-09,TOSTAO_04,CUST_01665
TICKET_003311,2024-01-04,TOSTAO_02,CUST_00794
TICKET_003312,2024-02-04,TOSTAO_01,CUST_01062
TICKET_003313,2024-10-27,TOSTAO_05,CUST_02166
TICKET_003314,2024-07-05,TOSTAO_01,CUST_02347
TICKET_003315,2024-08-22,TOSTAO_10,CUST_01352
TICKET_003316,2024-02-11,TOSTAO_20,CUST_01530
TICKET_003317,2024-09-14,TOSTAO_09,CUST_00221
TICKET_003318,2024-03-17,TOSTAO_10,CUST_02000
TICKET_003319,2024-05-04,TOSTAO_05,CUST_01345
TICKET_003320,2024-05-21,TOSTAO_03,CUST_00765
TICKET_003321,2024-09-24,TOSTAO_09,CUST_02314
TICKET_003322,2024-12-04,TOSTAO_05,CUST_00580
TICKET_003323,2024-09-18,TOSTAO_05,CUST_00043
TICKET_003324,2024-10-19,TOSTAO_16,CUST_02218
TICKET_003325,2024-05-10,TOSTAO_11,CUST_02415
TICKET_003326,2024-07-16,TOSTAO_05,CUST_01203
TICKET_003327,2024-06-08,TOSTAO_12,CUST_02120
TICKET_003328,2024-07-27,TOSTAO_04,CUST_01730
TICKET_003329,2024-06-22,TOSTAO_01,CUST_00635
TICKET_003330,2024-04-30,TOSTAO_14,CUST_00626
TICKET_003331,2024-08-29,TOSTAO_16,CUST_00240
TICKET_003332,2024-09-21,TOSTAO_17,CUST_02399
TICKET_003333,2024-02-11,TOSTAO_10,CUST_02377
TICKET_003334,2024-08-12,TOSTAO_06,CUST_01770
TICKET_003335,2024-11-01,TOSTAO_11,CUST_00580
TICKET_003336,2024-12-28,TOSTAO_03,CUST_00592
TICKET_003337,2024-04-21,TOSTAO_15,CUST_02023
TICKET_003338,2024-09-25,TOSTAO_15,CUST_01790
TICKET_003339,2024-05-29,TOSTAO_18,CUST_01306
TICKET_003340,2024-05-13,TOSTAO_12,CUST_01331
TICKET_003341,2024-07-01,TOSTAO_04,CUST_01976
TICKET_003342,2024-01-26,TOSTAO_20,CUST_00240
TICKET_003343,2024-12-29,TOSTAO_12,CUST_00811
TICKET_003344,2024-11-17,TOSTAO_01,CUST_02071
TICKET_003345,2024-06-28,TOSTAO_05,CUST_00022
TICKET_003346,2024-03-23,TOSTAO_08,CUST_02365
TICKET_003347,2024-01-01,TOSTAO_14,CUST_02003
TICKET_003348,2024-01-16,TOSTAO_15,CUST_01872
TICKET_003349,2024-10-14,TOSTAO_02,CUST_01642
TICKET_003350,2024-09-10,TOSTAO_13,CUST_01556
TICKET_003351,2024-04-23,TOSTAO_01,CUST_00682
TICKET_003352,2024-12-11,TOSTAO_05,CUST_01524
TICKET_003353,2024-10-31,TOSTAO_20,CUST_02184
TICKET_003354,2024-12-06,TOSTAO_18,CUST_00342
TICKET_003355,2024-07-31,TOSTAO_19,CUST_01995
TICKET_003356,2024-10-08,TOSTAO_13,CUST_02269
TICKET_003357,2024-02-25,TOSTAO_06,CUST_01933
TICKET_003358,2024-08-18,TOSTAO_18,CUST_02305
TICKET_003359,2024-11-28,TOSTAO_18,CUST_01239
TICKET_003360,2024-01-30,TOSTAO_09,CUST_00957
TICKET_003361,2024-02-08,TOSTAO_06,CUST_00426
TICKET_003362,2024-12-23,TOSTAO_12,CUST_02095
TICKET_003363,2024-07-25,TOSTAO_11,CUST_01526
TICKET_003364,2024-03-15,TOSTAO_03,CUST_01713
TICKET_003365,2024-05-01,TOSTAO_07,CUST_01832
TICKET_003366,2024-03-31,TOSTAO_07,CUST_01457
TICKET_003367,2024-02-22,TOSTAO_06,CUST_00446
TICKET_003368,2024-12-26,TOSTAO_03,CUST_02216
TICKET_003369,2024-08-20,TOSTAO_01,CUST_01517
TICKET_003370,2024-01-26,TOSTAO_07,CUST_01258
TICKET_003371,2024-12-06,TOSTAO_19,CUST_00970
TICKET_003372,2024-03-10,TOSTAO_15,CUST_00118
TICKET_003373,2024-01-20,TOSTAO_17,CUST_01615
TICKET_003374,2024-08-01,TOSTAO_08,CUST_01614
TICKET_003375,2024-12-24,TOSTAO_09,CUST_00707
TICKET_003376,2024-06-02,TOSTAO_13,CUST_00210
TICKET_003377,2024-03-16,TOSTAO_08,CUST_00386
TICKET_003378,2024-02-24,TOSTAO_08,CUST_00796
TICKET_003379,2024-12-15,TOSTAO_06,CUST_01083
TICKET_003380,2024-10-10,TOSTAO_04,CUST_02416
TICKET_003381,2024-01-21,TOSTAO_01,CUST_01816
TICKET_003382,2024-08-19,TOSTAO_18,CUST_01388
TICKET_003383,2024-10-26,TOSTAO_15,CUST_00776
TICKET_003384,2024-12-29,TOSTAO_05,CUST_01855
TICKET_003385,2024-04-24,TOSTAO_20,CUST_02067
TICKET_003386,2024-05-19,TOSTAO_15,CUST_01243
TICKET_003387,2024-03-03,TOSTAO_07,CUST_01366
TICKET_003388,2024-12-13,TOSTAO_09,CUST_01012
TICKET_003389,2024-12-14,TOSTAO_05,CUST_00081
TICKET_003390,2024-04-03,TOSTAO_04,CUST_00622
TICKET_003391,2024-06-03,TOSTAO_14,CUST_01645
TICKET_003392,2024-02-01,TOSTAO_03,CUST_01027
TICKET_003393,2024-07-15,TOSTAO_17,CUST_00659
TICKET_003394,2024-05-01,TOSTAO_05,CUST_02321
TICKET_003395,2024-12-18,TOSTAO_16,CUST_00011
TICKET_003396,2024-12-07,TOSTAO_02,CUST_02458
TICKET_003397,2024-07-14,TOSTAO_13,CUST_00461
TICKET_003398,2024-08-19,TOSTAO_11,CUST_00853
TICKET_003399,2024-11-24,TOSTAO_18,CUST_00122
TICKET_003400,2024-12-26,TOSTAO_08,CUST_00346
TICKET_003401,2024-07-10,TOSTAO_09,CUST_01375
TICKET_003402,2024-08-18,TOSTAO_08,CUST_00998
TICKET_003403,2024-04-29,TOSTAO_17,CUST_01606
TICKET_003404,2024-01-16,TOSTAO_06,CUST_01904
TICKET_003405,2024-12-05,TOSTAO_05,CUST_00618
TICKET_003406,2024-04-16,TOSTAO_09,CUST_00335
TICKET_003407,2024-12-09,TOSTAO_04,CUST_01605
TICKET_003408,2024-05-14,TOSTAO_20,CUST_00770
TICKET_003409,2024-04-17,TOSTAO_16,CUST_01203
TICKET_003410,2024-02-01,TOSTAO_04,CUST_00385
TICKET_003411,2024-10-04,TOSTAO_19,CUST_01548
TICKET_003412,2024-11-10,TOSTAO_20,CUST_01795
TICKET_003413,2024-08-26,TOSTAO_14,CUST_01905
TICKET_003414,2024-08-10,TOSTAO_01,CUST_01726
TICKET_003415,2024-04-03,TOSTAO_13,CUST_00586
TICKET_003416,2024-02-11,TOSTAO_15,CUST_00846
TICKET_003417,2024-01-16,TOSTAO_17,CUST_02091
TICKET_003418,2024-04-21,TOSTAO_07,CUST_00959
TICKET_003419,2024-11-29,TOSTAO_05,CUST_02437
TICKET_003420,2024-06-26,TOSTAO_08,CUST_00369
TICKET_003421,2024-11-03,TOSTAO_14,CUST_02121
TICKET_003422,2024-03-14,TOSTAO_04,CUST_01340
TICKET_003423,2024-04-15,TOSTAO_19,CUST_00415
TICKET_003424,2024-02-08,TOSTAO_16,CUST_01815
TICKET_003425,2024-12-30,TOSTAO_08,CUST_01774
TICKET_003426,2024-01-12,TOSTAO_03,CUST_02035
TICKET_003427,2024-02-23,TOSTAO_01,CUST_02167
TICKET_003428,2024-10-26,TOSTAO_03,CUST_01804
TICKET_003429,2024-07-29,TOSTAO_06,CUST_00379
TICKET_003430,2024-02-27,TOSTAO_07,CUST_00432
TICKET_003431,2024-06-06,TOSTAO_18,CUST_01127
TICKET_003432,2024-03-27,TOSTAO_06,CUST_00538
TICKET_003433,2024-11-09,TOSTAO_15,CUST_00746
TICKET_003434,2024-03-21,TOSTAO_14,CUST_01407
TICKET_003435,2024-08-18,TOSTAO_13,CUST_01252
TICKET_003436,2024-04-04,TOSTAO_20,CUST_00775
TICKET_003437,2024-02-02,TOSTAO_16,CUST_01327
TICKET_003438,2024-05-04,TOSTAO_04,CUST_01891
TICKET_003439,2024-02-22,TOSTAO_14,CUST_00759
TICKET_003440,2024-06-28,TOSTAO_17,CUST_01845
TICKET_003441,2024-02-07,TOSTAO_09,CUST_01461
TICKET_003442,2024-07-26,TOSTAO_15,CUST_01776
TICKET_003443,2024-01-26,TOSTAO_19,CUST_00735
TICKET_003444,2024-10-19,TOSTAO_02,CUST_01729
TICKET_003445,2024-06-08,TOSTAO_19,CUST_00753
TICKET_003446,2024-02-09,TOSTAO_05,CUST_02029
TICKET_003447,2024-09-08,TOSTAO_10,CUST_00213
TICKET_003448,2024-04-04,TOSTAO_07,CUST_01910
TICKET_003449,2024-10-20,TOSTAO_04,CUST_01831
TICKET_003450,2024-02-04,TOSTAO_07,CUST_01549
TICKET_003451,2024-05-07,TOSTAO_10,CUST_00224
TICKET_003452,2024-03-29,TOSTAO_06,CUST_00045
TICKET_003453,2024-11-18,TOSTAO_13,CUST_01085
TICKET_003454,2024-11-23,TOSTAO_01,CUST_01226
TICKET_003455,2024-02-16,TOSTAO_10,CUST_01101
TICKET_003456,2024-04-03,TOSTAO_08,CUST_01463
TICKET_003457,2024-10-11,TOSTAO_07,CUST_02130
TICKET_003458,2024-03-30,TOSTAO_05,CUST_00176
TICKET_003459,2024-10-23,TOSTAO_20,CUST_00475
TICKET_003460,2024-08-24,TOSTAO_12,CUST_00038
TICKET_003461,2024-06-28,TOSTAO_14,CUST_00732
TICKET_003462,2024-07-06,TOSTAO_10,CUST_02235
TICKET_003463,2024-09-23,TOSTAO_19,CUST_01453
TICKET_003464,2024-11-28,TOSTAO_11,CUST_01701
TICKET_003465,2024-09-27,TOSTAO_08,CUST_00713
TICKET_003466,2024-03-21,TOSTAO_11,CUST_01029
TICKET_003467,2024-10-19,TOSTAO_19,CUST_00197
TICKET_003468,2024-02-28,TOSTAO_04,CUST_00603
TICKET_003469,2024-04-20,TOSTAO_08,CUST_00908
TICKET_003470,2024-12-02,TOSTAO_01,CUST_00160
TICKET_003471,2024-01-16,TOSTAO_09,CUST_00707
TICKET_003472,2024-07-31,TOSTAO_06,CUST_01289
TICKET_003473,2024-09-03,TOSTAO_06,CUST_01471
TICKET_003474,2024-07-20,TOSTAO_09,CUST_00038
TICKET_003475,2024-01-16,TOSTAO_06,CUST_00370
TICKET_003476,2024-03-27,TOSTAO_05,CUST_01536
TICKET_003477,2024-12-08,TOSTAO_18,CUST_01886
TICKET_003478,2024-09-25,TOSTAO_01,CUST_00556
TICKET_003479,2024-12-13,TOSTAO_03,CUST_00201
TICKET_003480,2024-01-09,TOSTAO_14,CUST_00871
TICKET_003481,2024-02-02,TOSTAO_02,CUST_02331
TICKET_003482,2024-01-08,TOSTAO_20,CUST_02166
TICKET_003483,2024-01-13,TOSTAO_09,CUST_01141
TICKET_003484,2024-03-23,TOSTAO_12,CUST_01920
TICKET_003485,2024-12-27,TOSTAO_10,CUST_00074
TICKET_003486,2024-09-25,TOSTAO_19,CUST_02167
TICKET_003487,2024-04-14,TOSTAO_16,CUST_02154
TICKET_003488,2024-12-14,TOSTAO_09,CUST_00234
TICKET_003489,2024-02-25,TOSTAO_08,CUST_00813
TICKET_003490,2024-07-11,TOSTAO_17,CUST_02189
TICKET_003491,2024-07-09,TOSTAO_11,CUST_00049
TICKET_003492,2024-09-15,TOSTAO_03,CUST_00230
TICKET_003493,2024-07-09,TOSTAO_06,CUST_01880
TICKET_003494,2024-12-22,TOSTAO_17,CUST_02264
TICKET_003495,2024-10-10,TOSTAO_03,CUST_00230
TICKET_003496,2024-07-26,TOSTAO_18,CUST_01105
TICKET_003497,2024-09-10,TOSTAO_13,CUST_00662
TICKET_003498,2024-08-14,TOSTAO_18,CUST_01594
TICKET_003499,2024-04-12,TOSTAO_14,CUST_00250
TICKET_003500,2024-12-02,TOSTAO_10,CUST_00924
TICKET_003501,2024-11-22,TOSTAO_13,CUST_00642
TICKET_003502,2024-03-22,TOSTAO_19,CUST_01796
TICKET_003503,2024-06-16,TOSTAO_05,CUST_01898
TICKET_003504,2024-08-20,TOSTAO_11,CUST_02374
TICKET_003505,2024-12-03,TOSTAO_14,CUST_02251
TICKET_003506,2024-10-18,TOSTAO_10,CUST_01055
TICKET_003507,2024-03-26,TOSTAO_16,CUST_00523
TICKET_003508,2024-09-12,TOSTAO_20,CUST_01633
TICKET_003509,2024-12-18,TOSTAO_11,CUST_00322
TICKET_003510,2024-11-17,TOSTAO_20,CUST_01257
TICKET_003511,2024-09-04,TOSTAO_20,CUST_00911
TICKET_003512,2024-04-08,TOSTAO_08,CUST_01643
TICKET_003513,2024-01-25,TOSTAO_19,CUST_00635
TICKET_003514,2024-07-26,TOSTAO_17,CUST_01300
TICKET_003515,2024-10-09,TOSTAO_07,CUST_01456
TICKET_003516,2024-06-14,TOSTAO_17,CUST_01729
TICKET_003517,2024-08-12,TOSTAO_08,CUST_01271
TICKET_003518,2024-11-08,TOSTAO_03,CUST_01757
TICKET_003519,2024-01-04,TOSTAO_03,CUST_00765
TICKET_003520,2024-05-07,TOSTAO_11,CUST_01006
TICKET_003521,2024-01-29,TOSTAO_02,CUST_00775
TICKET_003522,2024-08-01,TOSTAO_19,CUST_01942
TICKET_003523,2024-11-10,TOSTAO_06,CUST_01523
TICKET_003524,2024-03-10,TOSTAO_17,CUST_01855
TICKET_003525,2024-12-01,TOSTAO_14,CUST_01250
TICKET_003526,2024-10-11,TOSTAO_16,CUST_02031
TICKET_003527,2024-10-09,TOSTAO_13,CUST_02430
TICKET_003528,2024-12-12,TOSTAO_15,CUST_02365
TICKET_003529,2024-10-23,TOSTAO_12,CUST_01020
TICKET_003530,2024-07-25,TOSTAO_18,CUST_02455
TICKET_003531,2024-09-17,TOSTAO_12,CUST_01606
TICKET_003532,2024-09-26,TOSTAO_06,CUST_02475
TICKET_003533,2024-09-19,TOSTAO_08,CUST_01441
TICKET_003534,2024-01-07,TOSTAO_20,CUST_02331
TICKET_003535,2024-08-21,TOSTAO_13,CUST_00467
TICKET_003536,2024-01-28,TOSTAO_06,CUST_01334
TICKET_003537,2024-03-05,TOSTAO_20,CUST_00322
TICKET_003538,2024-12-01,TOSTAO_05,CUST_02068
TICKET_003539,2024-10-14,TOSTAO_18,CUST_01582
TICKET_003540,2024-02-27,TOSTAO_03,CUST_01785
TICKET_003541,2024-07-06,TOSTAO_03,CUST_00411
TICKET_003542,2024-04-15,TOSTAO_11,CUST_02350
TICKET_003543,2024-05-06,TOSTAO_13,CUST_00899
TICKET_003544,2024-06-20,TOSTAO_19,CUST_00016
TICKET_003545,2024-10-27,TOSTAO_05,CUST_01491
TICKET_003546,2024-09-03,TOSTAO_20,CUST_01824
TICKET_003547,2024-11-16,TOSTAO_12,CUST_01724
TICKET_003548,2024-04-03,TOSTAO_06,CUST_02042
TICKET_003549,2024-10-01,TOSTAO_03,CUST_01511
TICKET_003550,2024-07-24,TOSTAO_17,CUST_01074
TICKET_003551,2024-04-16,TOSTAO_19,CUST_02385
TICKET_003552,2024-07-05,TOSTAO_01,CUST_02233
TICKET_003553,2024-05-12,TOSTAO_07,CUST_00350
TICKET_003554,2024-10-24,TOSTAO_14,CUST_00967
TICKET_003555,2024-02-22,TOSTAO_12,CUST_01822
TICKET_003556,2024-11-19,TOSTAO_01,CUST_01635
TICKET_003557,2024-11-28,TOSTAO_10,CUST_01965
TICKET_003558,2024-09-15,TOSTAO_14,CUST_01399
TICKET_003559,2024-07-29,TOSTAO_11,CUST_01316
TICKET_003560,2024-04-17,TOSTAO_17,CUST_00422
TICKET_003561,2024-02-05,TOSTAO_12,CUST_01351
TICKET_003562,2024-01-25,TOSTAO_12,CUST_01575
TICKET_003563,2024-07-06,TOSTAO_19,CUST_00684
TICKET_003564,2024-12-11,TOSTAO_14,CUST_01187
TICKET_003565,2024-11-24,TOSTAO_10,CUST_02170
TICKET_003566,2024-05-26,TOSTAO_20,CUST_02376
TICKET_003567,2024-06-12,TOSTAO_09,CUST_00001
TICKET_003568,2024-01-18,TOSTAO_14,CUST_00999
TICKET_003569,2024-08-16,TOSTAO_05,CUST_00686
TICKET_003570,2024-07-17,TOSTAO_14,CUST_01551
TICKET_003571,2024-09-04,TOSTAO_07,CUST_00048
TICKET_003572,2024-01-22,TOSTAO_01,CUST_00446
TICKET_003573,2024-05-25,TOSTAO_01,CUST_01141
TICKET_003574,2024-10-20,TOSTAO_13,CUST_00681
TICKET_003575,2024-03-11,TOSTAO_19,CUST_01628
TICKET_003576,2024-06-24,TOSTAO_15,CUST_00355
TICKET_003577,2024-07-06,TOSTAO_11,CUST_01435
TICKET_003578,2024-09-25,TOSTAO_20,CUST_02036
TICKET_003579,2024-12-21,TOSTAO_16,CUST_00315
TICKET_003580,2024-03-05,TOSTAO_15,CUST_00919
TICKET_003581,2024-02-25,TOSTAO_17,CUST_01545
TICKET_003582,2024-12-20,TOSTAO_04,CUST_00603
TICKET_003583,2024-11-30,TOSTAO_13,CUST_00690
TICKET_003584,2024-01-03,TOSTAO_15,CUST_00098
TICKET_003585,2024-08-04,TOSTAO_18,CUST_00670
TICKET_003586,2024-04-28,TOSTAO_01,CUST_00482
TICKET_003587,2024-11-08,TOSTAO_13,CUST_02062
TICKET_003588,2024-05-21,TOSTAO_12,CUST_01832
TICKET_003589,2024-06-12,TOSTAO_06,CUST_00028
TICKET_003590,2024-04-11,TOSTAO_08,CUST_00069
TICKET_003591,2024-04-20,TOSTAO_14,CUST_00186
TICKET_003592,2024-07-04,TOSTAO_17,CUST_00964
TICKET_003593,2024-06-05,TOSTAO_01,CUST_00285
TICKET_003594,2024-07-31,TOSTAO_16,CUST_02408
TICKET_003595,2024-09-07,TOSTAO_04,CUST_00498
TICKET_003596,2024-07-28,TOSTAO_14,CUST_00491
TICKET_003597,2024-02-07,TOSTAO_16,CUST_00198
TICKET_003598,2024-05-18,TOSTAO_07,CUST_02364
TICKET_003599,2024-09-02,TOSTAO_15,CUST_00417
TICKET_003600,2024-03-05,TOSTAO_09,CUST_01480
TICKET_003601,2024-03-11,TOSTAO_14,CUST_00605
TICKET_003602,2024-07-25,TOSTAO_12,CUST_00583
TICKET_003603,2024-08-02,TOSTAO_20,CUST_02462
TICKET_003604,2024-04-15,TOSTAO_13,CUST_00207
TICKET_003605,2024-02-06,TOSTAO_19,CUST_02181
TICKET_003606,2024-06-30,TOSTAO_20,CUST_01818
TICKET_003607,2024-06-15,TOSTAO_12,CUST_02155
TICKET_003608,2024-12-26,TOSTAO_02,CUST_01572
TICKET_003609,2024-08-08,TOSTAO_19,CUST_01815
TICKET_003610,2024-04-05,TOSTAO_01,CUST_01440
TICKET_003611,2024-06-18,TOSTAO_07,CUST_00703
TICKET_003612,2024-05-17,TOSTAO_10,CUST_00794
TICKET_003613,2024-11-21,TOSTAO_03,CUST_00737
TICKET_003614,2024-04-27,TOSTAO_06,CUST_00815
TICKET_003615,2024-10-12,TOSTAO_08,CUST_00067
TICKET_003616,2024-02-04,TOSTAO_08,CUST_00947
TICKET_003617,2024-11-27,TOSTAO_08,CUST_00949
TICKET_003618,2024-02-24,TOSTAO_08,CUST_00964
TICKET_003619,2024-05-30,TOSTAO_19,CUST_00881
TICKET_003620,2024-06-12,TOSTAO_09,CUST_00416
TICKET_003621,2024-11-07,TOSTAO_09,CUST_00249
TICKET_003622,2024-07-16,TOSTAO_07,CUST_00137
TICKET_003623,2024-06-14,TOSTAO_20,CUST_02478
TICKET_003624,2024-11-03,TOSTAO_12,CUST_01554
TICKET_003625,2024-05-25,TOSTAO_16,CUST_01644
TICKET_003626,2024-10-19,TOSTAO_11,CUST_01508
TICKET_003627,2024-08-02,TOSTAO_09,CUST_01149
TICKET_003628,2024-09-30,TOSTAO_17,CUST_01141
TICKET_003629,2024-05-22,TOSTAO_17,CUST_01269
TICKET_003630,2024-05-07,TOSTAO_03,CUST_00020
TICKET_003631,2024-06-14,TOSTAO_04,CUST_00738
TICKET_003632,2024-04-10,TOSTAO_15,CUST_01631
TICKET_003633,2024-06-02,TOSTAO_02,CUST_01388
TICKET_003634,2024-01-05,TOSTAO_19,CUST_00400
TICKET_003635,2024-03-22,TOSTAO_13,CUST_00873
TICKET_003636,2024-04-14,TOSTAO_18,CUST_01599
TICKET_003637,2024-03-27,TOSTAO_02,CUST_02398
TICKET_003638,2024-08-18,TOSTAO_12,CUST_02407
TICKET_003639,2024-09-14,TOSTAO_08,CUST_00821
TICKET_003640,2024-04-14,TOSTAO_14,CUST_02359
TICKET_003641,2024-10-27,TOSTAO_01,CUST_01731
TICKET_003642,2024-10-23,TOSTAO_18,CUST_01651
TICKET_003643,2024-10-11,TOSTAO_07,CUST_00649
TICKET_003644,2024-01-05,TOSTAO_20,CUST_01541
TICKET_003645,2024-09-03,TOSTAO_14,CUST_01430
TICKET_003646,2024-08-05,TOSTAO_15,CUST_01548
TICKET_003647,2024-02-24,TOSTAO_04,CUST_01472
TICKET_003648,2024-04-13,TOSTAO_19,CUST_00977
TICKET_003649,2024-01-14,TOSTAO_17,CUST_00366
TICKET_003650,2024-04-12,TOSTAO_12,CUST_02312
TICKET_003651,2024-02-14,TOSTAO_20,CUST_01950
TICKET_003652,2024-09-16,TOSTAO_10,CUST_00311
TICKET_003653,2024-01-17,TOSTAO_11,CUST_00342
TICKET_003654,2024-08-30,TOSTAO_03,CUST_00495
TICKET_003655,2024-01-23,TOSTAO_01,CUST_00450
TICKET_003656,2024-09-02,TOSTAO_05,CUST_02131
TICKET_003657,2024-03-30,TOSTAO_11,CUST_01556
TICKET_003658,2024-02-26,TOSTAO_11,CUST_00971
TICKET_003659,2024-10-08,TOSTAO_13,CUST_00016
TICKET_003660,2024-05-31,TOSTAO_15,CUST_02070
TICKET_003661,2024-02-18,TOSTAO_06,CUST_01322
TICKET_003662,2024-07-12,TOSTAO_18,CUST_00436
TICKET_003663,2024-04-16,TOSTAO_02,CUST_02407
TICKET_003664,2024-08-15,TOSTAO_15,CUST_00648
TICKET_003665,2024-01-12,TOSTAO_15,CUST_01118
TICKET_003666,2024-02-01,TOSTAO_04,CUST_00742
TICKET_003667,2024-12-28,TOSTAO_07,CUST_00018
TICKET_003668,2024-03-22,TOSTAO_07,CUST_00801
TICKET_003669,2024-03-29,TOSTAO_20,CUST_02054
TICKET_003670,2024-06-20,TOSTAO_18,CUST_02321
TICKET_003671,2024-11-30,TOSTAO_06,CUST_00387
TICKET_003672,2024-01-20,TOSTAO_07,CUST_00296
TICKET_003673,2024-02-12,TOSTAO_12,CUST_00305
TICKET_003674,2024-10-04,TOSTAO_13,CUST_01799
TICKET_003675,2024-09-29,TOSTAO_15,CUST_01060
TICKET_003676,2024-08-28,TOSTAO_04,CUST_02123
TICKET_003677,2024-03-05,TOSTAO_07,CUST_02130
TICKET_003678,2024-01-14,TOSTAO_02,CUST_02121
TICKET_003679,2024-11-28,TOSTAO_03,CUST_00847
TICKET_003680,2024-01-23,TOSTAO_10,CUST_00543
TICKET_003681,2024-06-17,TOSTAO_08,CUST_02378
TICKET_003682,2024-06-12,TOSTAO_14,CUST_00205
TICKET_003683,2024-05-27,TOSTAO_18,CUST_01283
TICKET_003684,2024-10-08,TOSTAO_05,CUST_01273
TICKET_003685,2024-04-13,TOSTAO_04,CUST_01250
TICKET_003686,2024-12-16,TOSTAO_07,CUST_00382
TICKET_003687,2024-04-28,TOSTAO_19,CUST_00732
TICKET_003688,2024-02-11,TOSTAO_05,CUST_02296
TICKET_003689,2024-06-02,TOSTAO_13,CUST_00981
TICKET_003690,2024-07-13,TOSTAO_12,CUST_01269
TICKET_003691,2024-10-21,TOSTAO_08,CUST_00040
TICKET_003692,2024-10-02,TOSTAO_10,CUST_01493
TICKET_003693,2024-02-27,TOSTAO_13,CUST_02186
TICKET_003694,2024-05-07,TOSTAO_11,CUST_02250
TICKET_003695,2024-10-20,TOSTAO_15,CUST_01212
TICKET_003696,2024-04-09,TOSTAO_06,CUST_00631
TICKET_003697,2024-10-13,TOSTAO_06,CUST_00861
TICKET_003698,2024-06-19,TOSTAO_11,CUST_00544
TICKET_003699,2024-03-05,TOSTAO_09,CUST_01946
TICKET_003700,2024-07-08,TOSTAO_17,CUST_01015
TICKET_003701,2024-02-04,TOSTAO_04,CUST_00847
TICKET_003702,2024-06-26,TOSTAO_13,CUST_01666
TICKET_003703,2024-05-21,TOSTAO_13,CUST_01348
TICKET_003704,2024-05-02,TOSTAO_08,CUST_01826
TICKET_003705,2024-11-14,TOSTAO_04,CUST_00624
TICKET_003706,2024-03-08,TOSTAO_06,CUST_00001
TICKET_003707,2024-02-04,TOSTAO_05,CUST_02055
TICKET_003708,2024-12-02,TOSTAO_05,CUST_01166
TICKET_003709,2024-01-12,TOSTAO_05,CUST_00239
TICKET_003710,2024-04-08,TOSTAO_19,CUST_02361
TICKET_003711,2024-08-04,TOSTAO_04,CUST_01874
TICKET_003712,2024-06-01,TOSTAO_15,CUST_02092
TICKET_003713,2024-01-16,TOSTAO_10,CUST_00837
TICKET_003714,2024-09-29,TOSTAO_16,CUST_01859
TICKET_003715,2024-07-30,TOSTAO_16,CUST_02324
TICKET_003716,2024-09-08,TOSTAO_20,CUST_01429
TICKET_003717,2024-05-21,TOSTAO_18,CUST_02274
TICKET_003718,2024-06-24,TOSTAO_19,CUST_01951
TICKET_003719,2024-11-26,TOSTAO_03,CUST_00345
TICKET_003720,2024-03-31,TOSTAO_19,CUST_00524
TICKET_003721,2024-01-04,TOSTAO_16,CUST_00509
TICKET_003722,2024-11-17,TOSTAO_09,CUST_02307
TICKET_003723,2024-12-16,TOSTAO_08,CUST_00438
TICKET_003724,2024-03-23,TOSTAO_11,CUST_00643
TICKET_003725,2024-03-28,TOSTAO_11,CUST_01115
TICKET_003726,2024-11-08,TOSTAO_08,CUST_01189
TICKET_003727,2024-03-11,TOSTAO_09,CUST_00903
TICKET_003728,2024-10-12,TOSTAO_20,CUST_02489
TICKET_003729,2024-12-17,TOSTAO_05,CUST_01243
TICKET_003730,2024-11-17,TOSTAO_06,CUST_02058
TICKET_003731,2024-10-31,TOSTAO_20,CUST_01611
TICKET_003732,2024-04-01,TOSTAO_20,CUST_01245
TICKET_003733,2024-03-11,TOSTAO_19,CUST_00699
TICKET_003734,2024-09-13,TOSTAO_18,CUST_01257
TICKET_003735,2024-03-12,TOSTAO_11,CUST_01547
TICKET_003736,2024-07-11,TOSTAO_12,CUST_01795
TICKET_003737,2024-04-01,TOSTAO_19,CUST_00489
TICKET_003738,2024-11-29,TOSTAO_01,CUST_00269
TICKET_003739,2024-01-06,TOSTAO_14,CUST_02469
TICKET_003740,2024-02-11,TOSTAO_11,CUST_01681
TICKET_003741,2024-04-25,TOSTAO_19,CUST_02073
TICKET_003742,2024-06-21,TOSTAO_15,CUST_00341
TICKET_003743,2024-07-15,TOSTAO_06,CUST_02432
TICKET_003744,2024-04-12,TOSTAO_02,CUST_01213
TICKET_003745,2024-07-11,TOSTAO_17,CUST_01525
TICKET_003746,2024-09-08,TOSTAO_06,CUST_00329
TICKET_003747,2024-10-22,TOSTAO_15,CUST_01155
TICKET_003748,2024-09-11,TOSTAO_19,CUST_00078
TICKET_003749,2024-10-26,TOSTAO_13,CUST_00294
TICKET_003750,2024-03-04,TOSTAO_06,CUST_02416
TICKET_003751,2024-03-01,TOSTAO_03,CUST_00649
TICKET_003752,2024-02-08,TOSTAO_07,CUST_01344
TICKET_003753,2024-12-08,TOSTAO_08,CUST_02384
TICKET_003754,2024-10-20,TOSTAO_01,CUST_00243
TICKET_003755,2024-03-10,TOSTAO_09,CUST_02295
TICKET_003756,2024-08-30,TOSTAO_16,CUST_00410
TICKET_003757,2024-01-25,TOSTAO_14,CUST_02381
TICKET_003758,2024-05-01,TOSTAO_04,CUST_01125
TICKET_003759,2024-01-01,TOSTAO_12,CUST_00841
TICKET_003760,2024-06-27,TOSTAO_11,CUST_02387
TICKET_003761,2024-06-02,TOSTAO_05,CUST_01492
TICKET_003762,2024-10-27,TOSTAO_13,CUST_00886
TICKET_003763,2024-04-18,TOSTAO_02,CUST_01038
TICKET_003764,2024-07-11,TOSTAO_11,CUST_00338
TICKET_003765,2024-04-18,TOSTAO_20,CUST_01110
TICKET_003766,2024-09-26,TOSTAO_16,CUST_01532
TICKET_003767,2024-09-11,TOSTAO_06,CUST_00142
TICKET_003768,2024-09-22,TOSTAO_03,CUST_02298
TICKET_003769,2024-03-05,TOSTAO_17,CUST_02228
TICKET_003770,2024-05-04,TOSTAO_05,CUST_01417
TICKET_003771,2024-11-11,TOSTAO_04,CUST_01286
TICKET_003772,2024-09-15,TOSTAO_08,CUST_00857
TICKET_003773,2024-05-19,TOSTAO_01,CUST_02274
TICKET_003774,2024-05-11,TOSTAO_02,CUST_00534
TICKET_003775,2024-01-28,TOSTAO_12,CUST_00019
TICKET_003776,2024-08-15,TOSTAO_13,CUST_01114
TICKET_003777,2024-09-27,TOSTAO_15,CUST_00701
TICKET_003778,2024-12-20,TOSTAO_16,CUST_01183
TICKET_003779,2024-12-03,TOSTAO_06,CUST_00913
TICKET_003780,2024-08-04,TOSTAO_10,CUST_01738
TICKET_003781,2024-10-08,TOSTAO_18,CUST_00359
TICKET_003782,2024-01-05,TOSTAO_02,CUST_00329
TICKET_003783,2024-08-30,TOSTAO_10,CUST_01466
TICKET_003784,2024-06-26,TOSTAO_04,CUST_01125
TICKET_003785,2024-04-07,TOSTAO_10,CUST_01171
TICKET_003786,2024-04-13,TOSTAO_05,CUST_00444
TICKET_003787,2024-04-26,TOSTAO_07,CUST_01509
TICKET_003788,2024-03-27,TOSTAO_18,CUST_01291
TICKET_003789,2024-11-08,TOSTAO_18,CUST_00293
TICKET_003790,2024-01-03,TOSTAO_01,CUST_00240
TICKET_003791,2024-04-30,TOSTAO_05,CUST_02066
TICKET_003792,2024-01-20,TOSTAO_09,CUST_01634
TICKET_003793,2024-03-23,TOSTAO_13,CUST_02077
TICKET_003794,2024-11-08,TOSTAO_19,CUST_00865
TICKET_003795,2024-03-29,TOSTAO_10,CUST_00681
TICKET_003796,2024-10-20,TOSTAO_20,CUST_00279
TICKET_003797,2024-03-16,TOSTAO_18,CUST_00433
TICKET_003798,2024-04-30,TOSTAO_08,CUST_00304
TICKET_003799,2024-10-22,TOSTAO_06,CUST_00350
TICKET_003800,2024-06-02,TOSTAO_09,CUST_01516
TICKET_003801,2024-04-21,TOSTAO_19,CUST_01673
TICKET_003802,2024-09-20,TOSTAO_03,CUST_02147
TICKET_003803,2024-06-04,TOSTAO_16,CUST_01215
TICKET_003804,2024-04-02,TOSTAO_16,CUST_01842
TICKET_003805,2024-10-25,TOSTAO_01,CUST_00517
TICKET_003806,2024-07-25,TOSTAO_20,CUST_00543
TICKET_003807,2024-01-24,TOSTAO_18,CUST_00332
TICKET_003808,2024-10-19,TOSTAO_11,CUST_01590
TICKET_003809,2024-05-02,TOSTAO_18,CUST_01457
TICKET_003810,2024-11-03,TOSTAO_07,CUST_02115
TICKET_003811,2024-03-19,TOSTAO_05,CUST_00378
TICKET_003812,2024-02-09,TOSTAO_15,CUST_01354
TICKET_003813,2024-01-27,TOSTAO_07,CUST_00789
TICKET_003814,2024-01-04,TOSTAO_15,CUST_01186
TICKET_003815,2024-04-17,TOSTAO_01,CUST_00623
TICKET_003816,2024-10-14,TOSTAO_02,CUST_02413
TICKET_003817,2024-11-13,TOSTAO_10,CUST_01975
TICKET_003818,2024-05-15,TOSTAO_14,CUST_02447
TICKET_003819,2024-01-27,TOSTAO_02,CUST_00445
TICKET_003820,2024-06-02,TOSTAO_03,CUST_00323
TICKET_003821,2024-05-10,TOSTAO_09,CUST_01053
TICKET_003822,2024-01-25,TOSTAO_19,CUST_02124
TICKET_003823,2024-09-25,TOSTAO_16,CUST_01047
TICKET_003824,2024-02-10,TOSTAO_10,CUST_02455
TICKET_003825,2024-06-28,TOSTAO_05,CUST_02310
TICKET_003826,2024-01-07,TOSTAO_07,CUST_00174
TICKET_003827,2024-11-04,TOSTAO_18,CUST_02205
TICKET_003828,2024-09-15,TOSTAO_03,CUST_00161
TICKET_003829,2024-01-18,TOSTAO_13,CUST_01918
TICKET_003830,2024-06-18,TOSTAO_05,CUST_01818
TICKET_003831,2024-06-19,TOSTAO_05,CUST_01057
TICKET_003832,2024-11-08,TOSTAO_02,CUST_00851
TICKET_003833,2024-08-26,TOSTAO_03,CUST_00256
TICKET_003834,2024-06-14,TOSTAO_13,CUST_01872
TICKET_003835,2024-08-26,TOSTAO_06,CUST_02134
TICKET_003836,2024-10-29,TOSTAO_02,CUST_02251
TICKET_003837,2024-12-16,TOSTAO_05,CUST_01113
TICKET_003838,2024-07-07,TOSTAO_07,CUST_01870
TICKET_003839,2024-06-17,TOSTAO_17,CUST_00379
TICKET_003840,2024-01-09,TOSTAO_01,CUST_01301
TICKET_003841,2024-06-20,TOSTAO_19,CUST_01524
TICKET_003842,2024-03-15,TOSTAO_13,CUST_00605
TICKET_003843,2024-06-04,TOSTAO_07,CUST_00244
TICKET_003844,2024-09-15,TOSTAO_08,CUST_00749
TICKET_003845,2024-07-19,TOSTAO_02,CUST_00724
TICKET_003846,2024-02-11,TOSTAO_20,CUST_00742
TICKET_003847,2024-11-29,TOSTAO_11,CUST_00073
TICKET_003848,2024-02-04,TOSTAO_20,CUST_01102
TICKET_003849,2024-12-02,TOSTAO_20,CUST_00585
TICKET_003850,2024-12-24,TOSTAO_08,CUST_00742
TICKET_003851,2024-05-09,TOSTAO_06,CUST_01824
TICKET_003852,2024-04-05,TOSTAO_01,CUST_02211
TICKET_003853,2024-10-15,TOSTAO_12,CUST_00448
TICKET_003854,2024-05-19,TOSTAO_11,CUST_02314
TICKET_003855,2024-06-18,TOSTAO_14,CUST_02058
TICKET_003856,2024-11-03,TOSTAO_05,CUST_01163
TICKET_003857,2024-04-08,TOSTAO_19,CUST_00359
TICKET_003858,2024-10-14,TOSTAO_12,CUST_00097
TICKET_003859,2024-01-26,TOSTAO_06,CUST_01567
TICKET_003860,2024-11-11,TOSTAO_20,CUST_02100
TICKET_003861,2024-03-19,TOSTAO_19,CUST_01368
TICKET_003862,2024-01-22,TOSTAO_12,CUST_01496
TICKET_003863,2024-07-15,TOSTAO_10,CUST_01499
TICKET_003864,2024-05-17,TOSTAO_14,CUST_01327
TICKET_003865,2024-11-12,TOSTAO_18,CUST_01079
TICKET_003866,2024-06-19,TOSTAO_06,CUST_00572
TICKET_003867,2024-06-08,TOSTAO_06,CUST_00155
TICKET_003868,2024-02-23,TOSTAO_06,CUST_00467
TICKET_003869,2024-05-17,TOSTAO_12,CUST_01234
TICKET_003870,2024-05-03,TOSTAO_07,CUST_00358
TICKET_003871,2024-11-25,TOSTAO_07,CUST_01009
TICKET_003872,2024-05-15,TOSTAO_19,CUST_02053
TICKET_003873,2024-08-20,TOSTAO_12,CUST_02458
TICKET_003874,2024-04-22,TOSTAO_04,CUST_01614
TICKET_003875,2024-06-17,TOSTAO_16,CUST_00560
TICKET_003876,2024-09-01,TOSTAO_09,CUST_02046
TICKET_003877,2024-07-08,TOSTAO_01,CUST_01383
TICKET_003878,2024-02-27,TOSTAO_08,CUST_02138
TICKET_003879,2024-11-24,TOSTAO_19,CUST_00834
TICKET_003880,2024-01-27,TOSTAO_07,CUST_01419
TICKET_003881,2024-01-14,TOSTAO_09,CUST_00889
TICKET_003882,2024-10-19,TOSTAO_07,CUST_00049
TICKET_003883,2024-08-29,TOSTAO_03,CUST_02191
TICKET_003884,2024-05-28,TOSTAO_02,CUST_02107
TICKET_003885,2024-01-04,TOSTAO_10,CUST_02410
TICKET_003886,2024-02-21,TOSTAO_16,CUST_02369
TICKET_003887,2024-03-04,TOSTAO_01,CUST_01657
TICKET_003888,2024-02-23,TOSTAO_01,CUST_01181
TICKET_003889,2024-12-19,TOSTAO_15,CUST_00895
TICKET_003890,2024-06-26,TOSTAO_01,CUST_00436
TICKET_003891,2024-03-23,TOSTAO_10,CUST_02074
TICKET_003892,2024-04-23,TOSTAO_13,CUST_01404
TICKET_003893,2024-09-05,TOSTAO_04,CUST_01733
TICKET_003894,2024-07-20,TOSTAO_08,CUST_01791
TICKET_003895,2024-12-14,TOSTAO_01,CUST_01231
TICKET_003896,2024-01-05,TOSTAO_10,CUST_01661
TICKET_003897,2024-07-12,TOSTAO_04,CUST_01858
TICKET_003898,2024-03-25,TOSTAO_01,CUST_01451
TICKET_003899,2024-10-26,TOSTAO_18,CUST_01129
TICKET_003900,2024-03-18,TOSTAO_11,CUST_00125
TICKET_003901,2024-08-09,TOSTAO_16,CUST_01786
TICKET_003902,2024-04-15,TOSTAO_08,CUST_01574
TICKET_003903,2024-07-29,TOSTAO_07,CUST_00453
TICKET_003904,2024-08-18,TOSTAO_01,CUST_00475
TICKET_003905,2024-10-23,TOSTAO_15,CUST_00226
TICKET_003906,2024-11-28,TOSTAO_03,CUST_00579
TICKET_003907,2024-05-16,TOSTAO_05,CUST_01469
TICKET_003908,2024-02-05,TOSTAO_09,CUST_00986
TICKET_003909,2024-09-19,TOSTAO_06,CUST_01684
TICKET_003910,2024-03-06,TOSTAO_06,CUST_01175
TICKET_003911,2024-08-20,TOSTAO_09,CUST_02146
TICKET_003912,2024-08-14,TOSTAO_19,CUST_02065
TICKET_003913,2024-06-05,TOSTAO_13,CUST_01846
TICKET_003914,2024-11-22,TOSTAO_06,CUST_01270
TICKET_003915,2024-12-04,TOSTAO_13,CUST_01306
TICKET_003916,2024-11-09,TOSTAO_03,CUST_00888
TICKET_003917,2024-06-09,TOSTAO_10,CUST_01484
TICKET_003918,2024-06-12,TOSTAO_08,CUST_01237
TICKET_003919,2024-08-19,TOSTAO_05,CUST_00701
TICKET_003920,2024-01-11,TOSTAO_07,CUST_00973
TICKET_003921,2024-04-09,TOSTAO_06,CUST_00425
TICKET_003922,2024-03-16,TOSTAO_19,CUST_00268
TICKET_003923,2024-02-23,TOSTAO_08,CUST_01218
TICKET_003924,2024-09-26,TOSTAO_12,CUST_00732
TICKET_003925,2024-08-24,TOSTAO_13,CUST_02374
TICKET_003926,2024-09-05,TOSTAO_16,CUST_02276
TICKET_003927,2024-06-12,TOSTAO_05,CUST_01176
TICKET_003928,2024-12-13,TOSTAO_20,CUST_01526
TICKET_003929,2024-07-18,TOSTAO_04,CUST_01306
TICKET_003930,2024-02-07,TOSTAO_07,CUST_00639
TICKET_003931,2024-11-14,TOSTAO_09,CUST_00060
TICKET_003932,2024-03-02,TOSTAO_01,CUST_01910
TICKET_003933,2024-02-23,TOSTAO_04,CUST_00889
TICKET_003934,2024-12-08,TOSTAO_12,CUST_02262
TICKET_003935,2024-06-28,TOSTAO_05,CUST_01705
TICKET_003936,2024-04-09,TOSTAO_14,CUST_00413
TICKET_003937,2024-05-04,TOSTAO_01,CUST_00515
TICKET_003938,2024-01-06,TOSTAO_12,CUST_00655
TICKET_003939,2024-05-23,TOSTAO_13,CUST_02222
TICKET_003940,2024-06-07,TOSTAO_02,CUST_00539
TICKET_003941,2024-10-25,TOSTAO_04,CUST_01211
TICKET_003942,2024-05-13,TOSTAO_09,CUST_02365
TICKET_003943,2024-08-11,TOSTAO_06,CUST_01148
TICKET_003944,2024-03-28,TOSTAO_08,CUST_00723
TICKET_003945,2024-02-23,TOSTAO_08,CUST_00156
TICKET_003946,2024-02-24,TOSTAO_08,CUST_00592
TICKET_003947,2024-04-22,TOSTAO_14,CUST_01360
TICKET_003948,2024-04-09,TOSTAO_12,CUST_00303
TICKET_003949,2024-06-30,TOSTAO_19,CUST_00020
TICKET_003950,2024-08-28,TOSTAO_16,CUST_02236
TICKET_003951,2024-03-06,TOSTAO_15,CUST_00317
TICKET_003952,2024-01-14,TOSTAO_12,CUST_00590
TICKET_003953,2024-08-27,TOSTAO_09,CUST_00847
TICKET_003954,2024-01-24,TOSTAO_20,CUST_02451
TICKET_003955,2024-03-05,TOSTAO_11,CUST_02358
TICKET_003956,2024-06-03,TOSTAO_02,CUST_00548
TICKET_003957,2024-09-28,TOSTAO_02,CUST_00481
TICKET_003958,2024-09-29,TOSTAO_02,CUST_01824
TICKET_003959,2024-01-30,TOSTAO_02,CUST_01911
TICKET_003960,2024-11-14,TOSTAO_04,CUST_02237
TICKET_003961,2024-02-03,TOSTAO_17,CUST_00619
TICKET_003962,2024-07-01,TOSTAO_09,CUST_00083
TICKET_003963,2024-12-06,TOSTAO_15,CUST_00792
TICKET_003964,2024-05-10,TOSTAO_10,CUST_01567
TICKET_003965,2024-04-13,TOSTAO_18,CUST_01852
TICKET_003966,2024-07-01,TOSTAO_14,CUST_01995
TICKET_003967,2024-06-25,TOSTAO_13,CUST_00174
TICKET_003968,2024-03-23,TOSTAO_01,CUST_02054
TICKET_003969,2024-01-02,TOSTAO_15,CUST_00954
TICKET_003970,2024-04-07,TOSTAO_11,CUST_01056
TICKET_003971,2024-01-07,TOSTAO_02,CUST_01479
TICKET_003972,2024-06-21,TOSTAO_12,CUST_00103
TICKET_003973,2024-01-06,TOSTAO_15,CUST_00249
TICKET_003974,2024-03-10,TOSTAO_15,CUST_00155
TICKET_003975,2024-06-01,TOSTAO_16,CUST_01944
TICKET_003976,2024-10-26,TOSTAO_05,CUST_00350
TICKET_003977,2024-03-05,TOSTAO_06,CUST_01714
TICKET_003978,2024-02-15,TOSTAO_15,CUST_02456
TICKET_003979,2024-05-06,TOSTAO_07,CUST_00809
TICKET_003980,2024-02-28,TOSTAO_18,CUST_01469
TICKET_003981,2024-11-22,TOSTAO_09,CUST_00615
TICKET_003982,2024-07-28,TOSTAO_12,CUST_00619
TICKET_003983,2024-12-14,TOSTAO_10,CUST_00215
TICKET_003984,2024-11-29,TOSTAO_09,CUST_00390
TICKET_003985,2024-12-03,TOSTAO_01,CUST_00174
TICKET_003986,2024-03-26,TOSTAO_14,CUST_01217
TICKET_003987,2024-03-29,TOSTAO_15,CUST_01766
TICKET_003988,2024-06-21,TOSTAO_08,CUST_00297
TICKET_003989,2024-01-31,TOSTAO_17,CUST_02309
TICKET_003990,2024-12-01,TOSTAO_19,CUST_01740
TICKET_003991,2024-05-04,TOSTAO_06,CUST_02308
TICKET_003992,2024-07-15,TOSTAO_16,CUST_02421
TICKET_003993,2024-10-15,TOSTAO_05,CUST_00712
TICKET_003994,2024-01-13,TOSTAO_12,CUST_00861
TICKET_003995,2024-06-18,TOSTAO_08,CUST_01252
TICKET_003996,2024-05-05,TOSTAO_03,CUST_01266
TICKET_003997,2024-11-26,TOSTAO_01,CUST_02390
TICKET_003998,2024-02-18,TOSTAO_11,CUST_00474
TICKET_003999,2024-12-27,TOSTAO_12,CUST_00260
TICKET_004000,2024-08-23,TOSTAO_10,CUST_02488
TICKET_004001,2024-08-15,TOSTAO_05,CUST_00954
TICKET_004002,2024-06-10,TOSTAO_15,CUST_01136
TICKET_004003,2024-10-26,TOSTAO_18,CUST_01974
TICKET_004004,2024-06-07,TOSTAO_03,CUST_00280
TICKET_004005,2024-07-22,TOSTAO_12,CUST_00528
TICKET_004006,2024-10-18,TOSTAO_03,CUST_00742
TICKET_004007,2024-09-08,TOSTAO_05,CUST_01483
TICKET_004008,2024-06-04,TOSTAO_12,CUST_00471
TICKET_004009,2024-03-08,TOSTAO_09,CUST_00529
TICKET_004010,2024-12-09,TOSTAO_16,CUST_01749
TICKET_004011,2024-01-10,TOSTAO_19,CUST_00147
TICKET_004012,2024-11-16,TOSTAO_10,CUST_01253
TICKET_004013,2024-10-24,TOSTAO_02,CUST_01792
TICKET_004014,2024-10-06,TOSTAO_09,CUST_01570
TICKET_004015,2024-08-06,TOSTAO_08,CUST_00661
TICKET_004016,2024-12-25,TOSTAO_18,CUST_00556
TICKET_004017,2024-08-18,TOSTAO_20,CUST_00012
TICKET_004018,2024-06-01,TOSTAO_20,CUST_00588
TICKET_004019,2024-11-05,TOSTAO_08,CUST_01089
TICKET_004020,2024-04-17,TOSTAO_20,CUST_01379
TICKET_004021,2024-12-24,TOSTAO_13,CUST_01256
TICKET_004022,2024-11-12,TOSTAO_16,CUST_00125
TICKET_004023,2024-01-09,TOSTAO_07,CUST_00606
TICKET_004024,2024-08-08,TOSTAO_17,CUST_01424
TICKET_004025,2024-03-25,TOSTAO_03,CUST_02404
TICKET_004026,2024-01-27,TOSTAO_03,CUST_02148
TICKET_004027,2024-10-30,TOSTAO_07,CUST_00084
TICKET_004028,2024-07-07,TOSTAO_09,CUST_00802
TICKET_004029,2024-01-08,TOSTAO_09,CUST_00450
TICKET_004030,2024-08-17,TOSTAO_19,CUST_01833
TICKET_004031,2024-08-28,TOSTAO_07,CUST_01792
TICKET_004032,2024-07-30,TOSTAO_09,CUST_01239
TICKET_004033,2024-02-01,TOSTAO_16,CUST_01572
TICKET_004034,2024-08-05,TOSTAO_03,CUST_01889
TICKET_004035,2024-12-15,TOSTAO_15,CUST_01921
TICKET_004036,2024-11-16,TOSTAO_19,CUST_00367
TICKET_004037,2024-01-16,TOSTAO_12,CUST_00589
TICKET_004038,2024-02-19,TOSTAO_17,CUST_01516
TICKET_004039,2024-07-02,TOSTAO_12,CUST_00205
TICKET_004040,2024-02-25,TOSTAO_07,CUST_01909
TICKET_004041,2024-08-03,TOSTAO_19,CUST_01210
TICKET_004042,2024-05-28,TOSTAO_19,CUST_00715
TICKET_004043,2024-11-11,TOSTAO_12,CUST_01533
TICKET_004044,2024-08-07,TOSTAO_14,CUST_02014
TICKET_004045,2024-05-13,TOSTAO_04,CUST_01301
TICKET_004046,2024-12-16,TOSTAO_12,CUST_01927
TICKET_004047,2024-03-20,TOSTAO_05,CUST_00259
TICKET_004048,2024-04-19,TOSTAO_08,CUST_00946
TICKET_004049,2024-07-02,TOSTAO_05,CUST_02368
TICKET_004050,2024-10-05,TOSTAO_08,CUST_01727
TICKET_004051,2024-04-30,TOSTAO_19,CUST_00426
TICKET_004052,2024-10-11,TOSTAO_14,CUST_01130
TICKET_004053,2024-07-15,TOSTAO_02,CUST_00377
TICKET_004054,2024-10-11,TOSTAO_15,CUST_00522
TICKET_004055,2024-01-12,TOSTAO_17,CUST_00468
TICKET_004056,2024-04-08,TOSTAO_07,CUST_01749
TICKET_004057,2024-11-17,TOSTAO_16,CUST_00399
TICKET_004058,2024-02-05,TOSTAO_17,CUST_00077
TICKET_004059,2024-01-07,TOSTAO_16,CUST_00912
TICKET_004060,2024-10-21,TOSTAO_14,CUST_01343
TICKET_004061,2024-06-10,TOSTAO_04,CUST_01862
TICKET_004062,2024-04-27,TOSTAO_20,CUST_00360
TICKET_004063,2024-03-18,TOSTAO_01,CUST_00987
TICKET_004064,2024-03-24,TOSTAO_15,CUST_02072
TICKET_004065,2024-02-06,TOSTAO_08,CUST_01587
TICKET_004066,2024-08-19,TOSTAO_07,CUST_01468
TICKET_004067,2024-03-13,TOSTAO_05,CUST_00797
TICKET_004068,2024-12-14,TOSTAO_19,CUST_01919
TICKET_004069,2024-12-11,TOSTAO_01,CUST_00472
TICKET_004070,2024-09-25,TOSTAO_02,CUST_02187
TICKET_004071,2024-03-19,TOSTAO_05,CUST_02473
TICKET_004072,2024-02-08,TOSTAO_02,CUST_00610
TICKET_004073,2024-09-15,TOSTAO_09,CUST_01649
TICKET_004074,2024-12-24,TOSTAO_01,CUST_00688
TICKET_004075,2024-11-05,TOSTAO_03,CUST_01783
TICKET_004076,2024-06-23,TOSTAO_07,CUST_02228
TICKET_004077,2024-10-09,TOSTAO_20,CUST_01957
TICKET_004078,2024-03-29,TOSTAO_12,CUST_01011
TICKET_004079,2024-08-11,TOSTAO_19,CUST_00030
TICKET_004080,2024-12-06,TOSTAO_08,CUST_00398
TICKET_004081,2024-07-12,TOSTAO_09,CUST_01323
TICKET_004082,2024-03-02,TOSTAO_19,CUST_00631
TICKET_004083,2024-09-28,TOSTAO_05,CUST_00384
TICKET_004084,2024-09-22,TOSTAO_08,CUST_01717
TICKET_004085,2024-05-22,TOSTAO_14,CUST_02311
TICKET_004086,2024-05-18,TOSTAO_15,CUST_01386
TICKET_004087,2024-04-19,TOSTAO_08,CUST_01882
TICKET_004088,2024-10-23,TOSTAO_18,CUST_01382
TICKET_004089,2024-06-01,TOSTAO_09,CUST_02329
TICKET_004090,2024-08-17,TOSTAO_11,CUST_00701
TICKET_004091,2024-11-30,TOSTAO_08,CUST_00826
TICKET_004092,2024-04-11,TOSTAO_02,CUST_00542
TICKET_004093,2024-10-19,TOSTAO_09,CUST_02486
TICKET_004094,2024-08-16,TOSTAO_20,CUST_00335
TICKET_004095,2024-08-24,TOSTAO_14,CUST_00933
TICKET_004096,2024-11-14,TOSTAO_14,CUST_00449
TICKET_004097,2024-05-31,TOSTAO_09,CUST_00675
TICKET_004098,2024-07-30,TOSTAO_08,CUST_01286
TICKET_004099,2024-08-22,TOSTAO_18,CUST_01158
TICKET_004100,2024-03-09,TOSTAO_13,CUST_00687
TICKET_004101,2024-03-18,TOSTAO_06,CUST_01326
TICKET_004102,2024-02-24,TOSTAO_02,CUST_00411
TICKET_004103,2024-07-25,TOSTAO_09,CUST_02065
TICKET_004104,2024-10-30,TOSTAO_14,CUST_00492
TICKET_004105,2024-05-18,TOSTAO_11,CUST_00304
TICKET_004106,2024-01-25,TOSTAO_11,CUST_01777
TICKET_004107,2024-08-10,TOSTAO_19,CUST_02238
TICKET_004108,2024-08-05,TOSTAO_08,CUST_02284
TICKET_004109,2024-07-11,TOSTAO_01,CUST_01066
TICKET_004110,2024-06-25,TOSTAO_08,CUST_01876
TICKET_004111,2024-08-20,TOSTAO_12,CUST_01542
TICKET_004112,2024-08-06,TOSTAO_07,CUST_00337
TICKET_004113,2024-08-11,TOSTAO_11,CUST_00115
TICKET_004114,2024-11-12,TOSTAO_13,CUST_00405
TICKET_004115,2024-08-12,TOSTAO_04,CUST_00593
TICKET_004116,2024-03-09,TOSTAO_19,CUST_00447
TICKET_004117,2024-03-05,TOSTAO_02,CUST_01818
TICKET_004118,2024-03-24,TOSTAO_06,CUST_01118
TICKET_004119,2024-01-14,TOSTAO_11,CUST_01832
TICKET_004120,2024-01-19,TOSTAO_07,CUST_02452
TICKET_004121,2024-10-31,TOSTAO_01,CUST_02017
TICKET_004122,2024-12-04,TOSTAO_15,CUST_00741
TICKET_004123,2024-10-06,TOSTAO_14,CUST_00360
TICKET_004124,2024-06-04,TOSTAO_07,CUST_01354
TICKET_004125,2024-03-15,TOSTAO_04,CUST_02321
TICKET_004126,2024-01-24,TOSTAO_11,CUST_02195
TICKET_004127,2024-03-12,TOSTAO_08,CUST_00119
TICKET_004128,2024-05-24,TOSTAO_14,CUST_00742
TICKET_004129,2024-01-18,TOSTAO_15,CUST_00157
TICKET_004130,2024-07-17,TOSTAO_06,CUST_01339
TICKET_004131,2024-01-04,TOSTAO_01,CUST_00031
TICKET_004132,2024-10-13,TOSTAO_19,CUST_02127
TICKET_004133,2024-01-06,TOSTAO_04,CUST_00532
TICKET_004134,2024-05-25,TOSTAO_01,CUST_01743
TICKET_004135,2024-06-15,TOSTAO_08,CUST_01446
TICKET_004136,2024-03-13,TOSTAO_11,CUST_00898
TICKET_004137,2024-11-05,TOSTAO_07,CUST_02228
TICKET_004138,2024-02-26,TOSTAO_02,CUST_00326
TICKET_004139,2024-10-24,TOSTAO_04,CUST_01379
TICKET_004140,2024-11-16,TOSTAO_03,CUST_00203
TICKET_004141,2024-08-02,TOSTAO_06,CUST_02291
TICKET_004142,2024-11-19,TOSTAO_03,CUST_00886
TICKET_004143,2024-03-06,TOSTAO_10,CUST_00669
TICKET_004144,2024-04-11,TOSTAO_02,CUST_01534
TICKET_004145,2024-07-11,TOSTAO_19,CUST_00098
TICKET_004146,2024-03-24,TOSTAO_07,CUST_01314
TICKET_004147,2024-11-09,TOSTAO_20,CUST_00837
TICKET_004148,2024-05-11,TOSTAO_03,CUST_00350
TICKET_004149,2024-03-15,TOSTAO_17,CUST_00402
TICKET_004150,2024-01-05,TOSTAO_08,CUST_01758
TICKET_004151,2024-01-05,TOSTAO_10,CUST_00661
TICKET_004152,2024-08-27,TOSTAO_09,CUST_02431
TICKET_004153,2024-11-03,TOSTAO_19,CUST_00340
TICKET_004154,2024-07-16,TOSTAO_17,CUST_01204
TICKET_004155,2024-07-14,TOSTAO_06,CUST_00175
TICKET_004156,2024-04-13,TOSTAO_05,CUST_01715
TICKET_004157,2024-10-13,TOSTAO_12,CUST_02494
TICKET_004158,2024-05-11,TOSTAO_17,CUST_00967
TICKET_004159,2024-12-19,TOSTAO_17,CUST_00047
TICKET_004160,2024-03-02,TOSTAO_15,CUST_00078
TICKET_004161,2024-01-29,TOSTAO_17,CUST_00351
TICKET_004162,2024-08-29,TOSTAO_06,CUST_02497
TICKET_004163,2024-11-19,TOSTAO_01,CUST_02058
TICKET_004164,2024-01-23,TOSTAO_05,CUST_01522
TICKET_004165,2024-12-08,TOSTAO_07,CUST_01145
TICKET_004166,2024-11-11,TOSTAO_07,CUST_01388
TICKET_004167,2024-04-18,TOSTAO_03,CUST_01563
TICKET_004168,2024-01-26,TOSTAO_09,CUST_02064
TICKET_004169,2024-04-23,TOSTAO_10,CUST_00438
TICKET_004170,2024-05-14,TOSTAO_19,CUST_02320
TICKET_004171,2024-05-22,TOSTAO_20,CUST_01988
TICKET_004172,2024-08-02,TOSTAO_12,CUST_00741
TICKET_004173,2024-10-28,TOSTAO_20,CUST_01099
TICKET_004174,2024-04-08,TOSTAO_06,CUST_00075
TICKET_004175,2024-05-19,TOSTAO_09,CUST_02407
TICKET_004176,2024-08-19,TOSTAO_02,CUST_00300
TICKET_004177,2024-12-15,TOSTAO_14,CUST_01206
TICKET_004178,2024-03-30,TOSTAO_08,CUST_01057
TICKET_004179,2024-01-02,TOSTAO_07,CUST_02457
TICKET_004180,2024-12-19,TOSTAO_17,CUST_01472
TICKET_004181,2024-07-29,TOSTAO_14,CUST_02026
TICKET_004182,2024-11-16,TOSTAO_10,CUST_00493
TICKET_004183,2024-09-12,TOSTAO_05,CUST_00559
TICKET_004184,2024-06-12,TOSTAO_12,CUST_00206
TICKET_004185,2024-10-16,TOSTAO_17,CUST_01994
TICKET_004186,2024-08-12,TOSTAO_17,CUST_02477
TICKET_004187,2024-05-17,TOSTAO_05,CUST_01361
TICKET_004188,2024-06-06,TOSTAO_06,CUST_01320
TICKET_004189,2024-02-24,TOSTAO_10,CUST_01545
TICKET_004190,2024-11-20,TOSTAO_12,CUST_01057
TICKET_004191,2024-09-24,TOSTAO_20,CUST_02039
TICKET_004192,2024-03-19,TOSTAO_15,CUST_02223
TICKET_004193,2024-02-10,TOSTAO_11,CUST_01409
TICKET_004194,2024-06-25,TOSTAO_03,CUST_00224
TICKET_004195,2024-06-19,TOSTAO_12,CUST_00718
TICKET_004196,2024-09-01,TOSTAO_02,CUST_00771
TICKET_004197,2024-07-18,TOSTAO_01,CUST_02323
TICKET_004198,2024-01-15,TOSTAO_18,CUST_01384
TICKET_004199,2024-08-22,TOSTAO_15,CUST_00221
TICKET_004200,2024-09-29,TOSTAO_09,CUST_01628
TICKET_004201,2024-01-16,TOSTAO_09,CUST_00855
TICKET_004202,2024-10-22,TOSTAO_14,CUST_02446
TICKET_004203,2024-09-29,TOSTAO_13,CUST_00360
TICKET_004204,2024-04-26,TOSTAO_13,CUST_02275
TICKET_004205,2024-11-05,TOSTAO_04,CUST_01607
TICKET_004206,2024-10-17,TOSTAO_10,CUST_00060
TICKET_004207,2024-12-16,TOSTAO_16,CUST_00202
TICKET_004208,2024-11-04,TOSTAO_10,CUST_00376
TICKET_004209,2024-02-08,TOSTAO_09,CUST_00828
TICKET_004210,2024-08-19,TOSTAO_17,CUST_01004
TICKET_004211,2024-01-02,TOSTAO_16,CUST_02065
TICKET_004212,2024-02-15,TOSTAO_11,CUST_01330
TICKET_004213,2024-02-20,TOSTAO_07,CUST_02368
TICKET_004214,2024-01-14,TOSTAO_07,CUST_00265
TICKET_004215,2024-04-17,TOSTAO_10,CUST_00636
TICKET_004216,2024-02-05,TOSTAO_16,CUST_00483
TICKET_004217,2024-01-25,TOSTAO_06,CUST_00423
TICKET_004218,2024-09-14,TOSTAO_07,CUST_00056
TICKET_004219,2024-11-18,TOSTAO_10,CUST_01985
TICKET_004220,2024-02-10,TOSTAO_11,CUST_01033
TICKET_004221,2024-09-08,TOSTAO_08,CUST_01805
TICKET_004222,2024-12-10,TOSTAO_18,CUST_01878
TICKET_004223,2024-11-05,TOSTAO_09,CUST_02489
TICKET_004224,2024-05-18,TOSTAO_09,CUST_00654
TICKET_004225,2024-11-16,TOSTAO_11,CUST_01063
TICKET_004226,2024-03-29,TOSTAO_03,CUST_00655
TICKET_004227,2024-06-08,TOSTAO_12,CUST_01477
TICKET_004228,2024-04-26,TOSTAO_02,CUST_00203
TICKET_004229,2024-08-18,TOSTAO_11,CUST_01230
TICKET_004230,2024-06-15,TOSTAO_10,CUST_00452
TICKET_004231,2024-12-25,TOSTAO_13,CUST_00973
TICKET_004232,2024-04-29,TOSTAO_17,CUST_02475
TICKET_004233,2024-02-21,TOSTAO_06,CUST_00187
TICKET_004234,2024-10-02,TOSTAO_02,CUST_01263
TICKET_004235,2024-10-21,TOSTAO_19,CUST_00531
TICKET_004236,2024-04-09,TOSTAO_09,CUST_01985
TICKET_004237,2024-05-16,TOSTAO_04,CUST_01644
TICKET_004238,2024-08-06,TOSTAO_02,CUST_02046
TICKET_004239,2024-01-03,TOSTAO_07,CUST_01473
TICKET_004240,2024-04-27,TOSTAO_01,CUST_00121
TICKET_004241,2024-08-12,TOSTAO_03,CUST_02369
TICKET_004242,2024-08-08,TOSTAO_04,CUST_02428
TICKET_004243,2024-02-20,TOSTAO_05,CUST_00993
TICKET_004244,2024-09-24,TOSTAO_13,CUST_01260
TICKET_004245,2024-09-16,TOSTAO_11,CUST_00817
TICKET_004246,2024-08-21,TOSTAO_13,CUST_01786
TICKET_004247,2024-08-16,TOSTAO_16,CUST_02394
TICKET_004248,2024-01-04,TOSTAO_02,CUST_00100
TICKET_004249,2024-11-23,TOSTAO_11,CUST_02290
TICKET_004250,2024-06-16,TOSTAO_10,CUST_00280
TICKET_004251,2024-09-20,TOSTAO_19,CUST_01447
TICKET_004252,2024-10-09,TOSTAO_13,CUST_00456
TICKET_004253,2024-09-04,TOSTAO_08,CUST_00337
TICKET_004254,2024-07-16,TOSTAO_04,CUST_00844
TICKET_004255,2024-12-16,TOSTAO_13,CUST_02469
TICKET_004256,2024-09-06,TOSTAO_11,CUST_01908
TICKET_004257,2024-04-09,TOSTAO_20,CUST_01677
TICKET_004258,2024-07-01,TOSTAO_04,CUST_01820
TICKET_004259,2024-12-09,TOSTAO_01,CUST_01721
TICKET_004260,2024-12-03,TOSTAO_15,CUST_01353
TICKET_004261,2024-02-06,TOSTAO_14,CUST_01484
TICKET_004262,2024-11-09,TOSTAO_17,CUST_01095
TICKET_004263,2024-09-25,TOSTAO_06,CUST_02129
TICKET_004264,2024-02-16,TOSTAO_15,CUST_01591
TICKET_004265,2024-09-16,TOSTAO_20,CUST_00010
TICKET_004266,2024-09-16,TOSTAO_03,CUST_00816
TICKET_004267,2024-08-26,TOSTAO_09,CUST_01416
TICKET_004268,2024-01-10,TOSTAO_12,CUST_00880
TICKET_004269,2024-02-21,TOSTAO_06,CUST_01392
TICKET_004270,2024-04-16,TOSTAO_05,CUST_01855
TICKET_004271,2024-06-20,TOSTAO_19,CUST_02008
TICKET_004272,2024-07-07,TOSTAO_10,CUST_02198
TICKET_004273,2024-02-15,TOSTAO_04,CUST_01878
TICKET_004274,2024-05-18,TOSTAO_16,CUST_01880
TICKET_004275,2024-01-17,TOSTAO_07,CUST_02458
TICKET_004276,2024-01-17,TOSTAO_20,CUST_00419
TICKET_004277,2024-11-26,TOSTAO_10,CUST_01346
TICKET_004278,2024-08-25,TOSTAO_15,CUST_02132
TICKET_004279,2024-06-24,TOSTAO_17,CUST_00807
TICKET_004280,2024-11-18,TOSTAO_10,CUST_01104
TICKET_004281,2024-01-12,TOSTAO_09,CUST_00069
TICKET_004282,2024-07-27,TOSTAO_09,CUST_00423
TICKET_004283,2024-09-30,TOSTAO_09,CUST_01257
TICKET_004284,2024-03-14,TOSTAO_14,CUST_02294
TICKET_004285,2024-12-25,TOSTAO_13,CUST_00423
TICKET_004286,2024-04-18,TOSTAO_18,CUST_00014
TICKET_004287,2024-02-17,TOSTAO_18,CUST_00855
TICKET_004288,2024-07-22,TOSTAO_14,CUST_00408
TICKET_004289,2024-05-23,TOSTAO_01,CUST_00509
TICKET_004290,2024-10-10,TOSTAO_11,CUST_02177
TICKET_004291,2024-10-01,TOSTAO_19,CUST_01447
TICKET_004292,2024-03-19,TOSTAO_05,CUST_00738
TICKET_004293,2024-05-06,TOSTAO_05,CUST_01944
TICKET_004294,2024-06-17,TOSTAO_10,CUST_00300
TICKET_004295,2024-06-30,TOSTAO_13,CUST_00302
TICKET_004296,2024-07-01,TOSTAO_20,CUST_00829
TICKET_004297,2024-02-26,TOSTAO_13,CUST_01110
TICKET_004298,2024-07-25,TOSTAO_17,CUST_01623
TICKET_004299,2024-12-02,TOSTAO_07,CUST_01601
TICKET_004300,2024-04-30,TOSTAO_16,CUST_01498
TICKET_004301,2024-12-06,TOSTAO_18,CUST_01267
TICKET_004302,2024-09-28,TOSTAO_14,CUST_00077
TICKET_004303,2024-10-19,TOSTAO_03,CUST_01554
TICKET_004304,2024-06-15,TOSTAO_02,CUST_00648
TICKET_004305,2024-07-07,TOSTAO_15,CUST_00981
TICKET_004306,2024-09-06,TOSTAO_06,CUST_01586
TICKET_004307,2024-11-14,TOSTAO_12,CUST_00423
TICKET_004308,2024-12-30,TOSTAO_03,CUST_02378
TICKET_004309,2024-01-26,TOSTAO_03,CUST_02151
TICKET_004310,2024-08-13,TOSTAO_16,CUST_00729
TICKET_004311,2024-11-14,TOSTAO_09,CUST_00085
TICKET_004312,2024-03-10,TOSTAO_13,CUST_01258
TICKET_004313,2024-12-26,TOSTAO_02,CUST_00358
TICKET_004314,2024-08-11,TOSTAO_11,CUST_02229
TICKET_004315,2024-11-17,TOSTAO_15,CUST_02414
TICKET_004316,2024-10-08,TOSTAO_01,CUST_00985
TICKET_004317,2024-10-28,TOSTAO_06,CUST_02295
TICKET_004318,2024-12-14,TOSTAO_01,CUST_00912
TICKET_004319,2024-12-23,TOSTAO_14,CUST_00466
TICKET_004320,2024-03-24,TOSTAO_06,CUST_00059
TICKET_004321,2024-03-06,TOSTAO_07,CUST_01237
TICKET_004322,2024-06-19,TOSTAO_11,CUST_00829
TICKET_004323,2024-03-06,TOSTAO_18,CUST_02327
TICKET_004324,2024-09-27,TOSTAO_04,CUST_00985
TICKET_004325,2024-11-10,TOSTAO_14,CUST_01184
TICKET_004326,2024-10-04,TOSTAO_01,CUST_00771
TICKET_004327,2024-02-10,TOSTAO_16,CUST_02031
TICKET_004328,2024-06-24,TOSTAO_01,CUST_00476
TICKET_004329,2024-11-07,TOSTAO_01,CUST_00610
TICKET_004330,2024-07-26,TOSTAO_05,CUST_01946
TICKET_004331,2024-11-01,TOSTAO_10,CUST_02145
TICKET_004332,2024-04-08,TOSTAO_06,CUST_01780
TICKET_004333,2024-07-11,TOSTAO_20,CUST_00489
TICKET_004334,2024-01-26,TOSTAO_14,CUST_00606
TICKET_004335,2024-01-26,TOSTAO_16,CUST_00597
TICKET_004336,2024-05-20,TOSTAO_04,CUST_01954
TICKET_004337,2024-04-20,TOSTAO_06,CUST_01476
TICKET_004338,2024-08-05,TOSTAO_09,CUST_00125
TICKET_004339,2024-03-02,TOSTAO_10,CUST_01777
TICKET_004340,2024-12-04,TOSTAO_17,CUST_01280
TICKET_004341,2024-08-01,TOSTAO_04,CUST_01600
TICKET_004342,2024-10-16,TOSTAO_09,CUST_02469
TICKET_004343,2024-06-30,TOSTAO_18,CUST_02201
TICKET_004344,2024-08-31,TOSTAO_11,CUST_01111
TICKET_004345,2024-03-20,TOSTAO_19,CUST_01873
TICKET_004346,2024-09-07,TOSTAO_12,CUST_00419
TICKET_004347,2024-10-21,TOSTAO_04,CUST_01262
TICKET_004348,2024-12-04,TOSTAO_19,CUST_01958
TICKET_004349,2024-07-06,TOSTAO_13,CUST_02268
TICKET_004350,2024-05-13,TOSTAO_06,CUST_01930
TICKET_004351,2024-12-26,TOSTAO_11,CUST_01305
TICKET_004352,2024-01-09,TOSTAO_16,CUST_00686
TICKET_004353,2024-05-05,TOSTAO_03,CUST_00043
TICKET_004354,2024-05-15,TOSTAO_17,CUST_01983
TICKET_004355,2024-11-20,TOSTAO_15,CUST_01021
TICKET_004356,2024-11-19,TOSTAO_18,CUST_00601
TICKET_004357,2024-12-22,TOSTAO_05,CUST_01509
TICKET_004358,2024-10-04,TOSTAO_06,CUST_02091
TICKET_004359,2024-06-29,TOSTAO_20,CUST_01034
TICKET_004360,2024-12-01,TOSTAO_06,CUST_02131
TICKET_004361,2024-09-22,TOSTAO_10,CUST_00078
TICKET_004362,2024-01-31,TOSTAO_03,CUST_00109
TICKET_004363,2024-09-08,TOSTAO_06,CUST_02404
TICKET_004364,2024-11-27,TOSTAO_07,CUST_00681
TICKET_004365,2024-11-19,TOSTAO_09,CUST_01941
TICKET_004366,2024-07-25,TOSTAO_11,CUST_01820
TICKET_004367,2024-05-29,TOSTAO_01,CUST_01674
TICKET_004368,2024-10-05,TOSTAO_18,CUST_00553
TICKET_004369,2024-11-02,TOSTAO_17,CUST_00470
TICKET_004370,2024-09-25,TOSTAO_15,CUST_01278
TICKET_004371,2024-04-05,TOSTAO_11,CUST_00574
TICKET_004372,2024-07-10,TOSTAO_20,CUST_00762
TICKET_004373,2024-06-25,TOSTAO_03,CUST_01054
TICKET_004374,2024-03-09,TOSTAO_14,CUST_00927
TICKET_004375,2024-10-15,TOSTAO_05,CUST_00153
TICKET_004376,2024-01-09,TOSTAO_10,CUST_02151
TICKET_004377,2024-12-13,TOSTAO_17,CUST_01468
TICKET_004378,2024-01-20,TOSTAO_13,CUST_00997
TICKET_004379,2024-05-12,TOSTAO_05,CUST_00472
TICKET_004380,2024-03-08,TOSTAO_14,CUST_00422
TICKET_004381,2024-01-20,TOSTAO_06,CUST_00986
TICKET_004382,2024-06-01,TOSTAO_19,CUST_02270
TICKET_004383,2024-10-05,TOSTAO_14,CUST_01269
TICKET_004384,2024-04-02,TOSTAO_01,CUST_02327
TICKET_004385,2024-06-08,TOSTAO_20,CUST_01549
TICKET_004386,2024-07-27,TOSTAO_09,CUST_02047
TICKET_004387,2024-11-20,TOSTAO_08,CUST_01732
TICKET_004388,2024-03-10,TOSTAO_10,CUST_01078
TICKET_004389,2024-01-29,TOSTAO_10,CUST_01185
TICKET_004390,2024-05-02,TOSTAO_05,CUST_01766
TICKET_004391,2024-01-25,TOSTAO_18,CUST_00805
TICKET_004392,2024-08-09,TOSTAO_09,CUST_00228
TICKET_004393,2024-02-28,TOSTAO_16,CUST_01722
TICKET_004394,2024-09-02,TOSTAO_14,CUST_00938
TICKET_004395,2024-10-28,TOSTAO_03,CUST_01631
TICKET_004396,2024-03-08,TOSTAO_15,CUST_00007
TICKET_004397,2024-03-21,TOSTAO_02,CUST_00820
TICKET_004398,2024-04-15,TOSTAO_05,CUST_01009
TICKET_004399,2024-08-04,TOSTAO_04,CUST_00407
TICKET_004400,2024-12-22,TOSTAO_20,CUST_01614
TICKET_004401,2024-05-02,TOSTAO_07,CUST_02206
TICKET_004402,2024-05-15,TOSTAO_16,CUST_01631
TICKET_004403,2024-09-07,TOSTAO_06,CUST_01572
TICKET_004404,2024-11-10,TOSTAO_13,CUST_02311
TICKET_004405,2024-10-14,TOSTAO_06,CUST_00759
TICKET_004406,2024-10-15,TOSTAO_20,CUST_01870
TICKET_004407,2024-07-19,TOSTAO_06,CUST_01976
TICKET_004408,2024-02-04,TOSTAO_16,CUST_02206
TICKET_004409,2024-10-10,TOSTAO_14,CUST_00266
TICKET_004410,2024-07-08,TOSTAO_11,CUST_00334
TICKET_004411,2024-09-25,TOSTAO_19,CUST_02426
TICKET_004412,2024-08-20,TOSTAO_03,CUST_02052
TICKET_004413,2024-10-10,TOSTAO_08,CUST_00347
TICKET_004414,2024-04-20,TOSTAO_19,CUST_01964
TICKET_004415,2024-08-17,TOSTAO_05,CUST_02342
TICKET_004416,2024-04-16,TOSTAO_09,CUST_01563
TICKET_004417,2024-07-19,TOSTAO_13,CUST_02192
TICKET_004418,2024-09-01,TOSTAO_09,CUST_02326
TICKET_004419,2024-04-09,TOSTAO_19,CUST_00616
TICKET_004420,2024-04-05,TOSTAO_18,CUST_02423
TICKET_004421,2024-05-01,TOSTAO_07,CUST_01960
TICKET_004422,2024-07-24,TOSTAO_03,CUST_00587
TICKET_004423,2024-02-13,TOSTAO_07,CUST_00295
TICKET_004424,2024-02-08,TOSTAO_01,CUST_01983
TICKET_004425,2024-07-27,TOSTAO_19,CUST_01878
TICKET_004426,2024-07-07,TOSTAO_13,CUST_00265
TICKET_004427,2024-08-15,TOSTAO_17,CUST_01490
TICKET_004428,2024-01-09,TOSTAO_16,CUST_01036
TICKET_004429,2024-08-26,TOSTAO_01,CUST_01464
TICKET_004430,2024-08-21,TOSTAO_20,CUST_01071
TICKET_004431,2024-05-15,TOSTAO_08,CUST_00917
TICKET_004432,2024-01-19,TOSTAO_03,CUST_00923
TICKET_004433,2024-04-22,TOSTAO_15,CUST_01573
TICKET_004434,2024-08-21,TOSTAO_18,CUST_02174
TICKET_004435,2024-04-03,TOSTAO_02,CUST_02350
TICKET_004436,2024-05-18,TOSTAO_09,CUST_01809
TICKET_004437,2024-03-30,TOSTAO_17,CUST_01236
TICKET_004438,2024-01-01,TOSTAO_13,CUST_01105
TICKET_004439,2024-01-09,TOSTAO_16,CUST_02395
TICKET_004440,2024-07-05,TOSTAO_04,CUST_01087
TICKET_004441,2024-08-08,TOSTAO_07,CUST_02109
TICKET_004442,2024-11-28,TOSTAO_19,CUST_01534
TICKET_004443,2024-04-24,TOSTAO_10,CUST_00472
TICKET_004444,2024-11-10,TOSTAO_02,CUST_00607
TICKET_004445,2024-09-28,TOSTAO_08,CUST_00497
TICKET_004446,2024-09-19,TOSTAO_05,CUST_02304
TICKET_004447,2024-03-20,TOSTAO_19,CUST_02331
TICKET_004448,2024-03-20,TOSTAO_17,CUST_01632
TICKET_004449,2024-08-07,TOSTAO_10,CUST_01409
TICKET_004450,2024-05-27,TOSTAO_20,CUST_00990
TICKET_004451,2024-10-30,TOSTAO_07,CUST_00554
TICKET_004452,2024-09-06,TOSTAO_07,CUST_01426
TICKET_004453,2024-05-22,TOSTAO_20,CUST_00687
TICKET_004454,2024-02-07,TOSTAO_05,CUST_00076
TICKET_004455,2024-02-29,TOSTAO_09,CUST_02054
TICKET_004456,2024-06-04,TOSTAO_16,CUST_00614
TICKET_004457,2024-02-28,TOSTAO_19,CUST_01261
TICKET_004458,2024-08-29,TOSTAO_18,CUST_01635
TICKET_004459,2024-01-29,TOSTAO_06,CUST_00572
TICKET_004460,2024-02-05,TOSTAO_15,CUST_00949
TICKET_004461,2024-12-18,TOSTAO_15,CUST_00211
TICKET_004462,2024-11-11,TOSTAO_20,CUST_00462
TICKET_004463,2024-05-06,TOSTAO_01,CUST_02484
TICKET_004464,2024-01-06,TOSTAO_18,CUST_01619
TICKET_004465,2024-04-20,TOSTAO_15,CUST_01548
TICKET_004466,2024-09-19,TOSTAO_11,CUST_00270
TICKET_004467,2024-03-13,TOSTAO_04,CUST_00947
TICKET_004468,2024-04-29,TOSTAO_20,CUST_01723
TICKET_004469,2024-10-26,TOSTAO_08,CUST_02168
TICKET_004470,2024-05-10,TOSTAO_08,CUST_01026
TICKET_004471,2024-08-04,TOSTAO_17,CUST_00193
TICKET_004472,2024-04-09,TOSTAO_15,CUST_00051
TICKET_004473,2024-04-04,TOSTAO_18,CUST_01156
TICKET_004474,2024-02-06,TOSTAO_04,CUST_01446
TICKET_004475,2024-05-16,TOSTAO_19,CUST_00630
TICKET_004476,2024-09-12,TOSTAO_10,CUST_02036
TICKET_004477,2024-08-15,TOSTAO_05,CUST_00632
TICKET_004478,2024-01-17,TOSTAO_01,CUST_00893
TICKET_004479,2024-11-16,TOSTAO_11,CUST_00528
TICKET_004480,2024-07-19,TOSTAO_05,CUST_01174
TICKET_004481,2024-11-21,TOSTAO_12,CUST_00404
TICKET_004482,2024-02-03,TOSTAO_12,CUST_00140
TICKET_004483,2024-04-07,TOSTAO_04,CUST_02182
TICKET_004484,2024-10-27,TOSTAO_16,CUST_00196
TICKET_004485,2024-07-28,TOSTAO_13,CUST_01914
TICKET_004486,2024-10-08,TOSTAO_19,CUST_01333
TICKET_004487,2024-05-09,TOSTAO_11,CUST_01990
TICKET_004488,2024-06-06,TOSTAO_11,CUST_02052
TICKET_004489,2024-03-28,TOSTAO_20,CUST_02498
TICKET_004490,2024-01-18,TOSTAO_05,CUST_01660
TICKET_004491,2024-04-15,TOSTAO_06,CUST_01565
TICKET_004492,2024-08-18,TOSTAO_15,CUST_02453
TICKET_004493,2024-03-15,TOSTAO_16,CUST_01087
TICKET_004494,2024-01-27,TOSTAO_18,CUST_02489
TICKET_004495,2024-09-03,TOSTAO_03,CUST_00674
TICKET_004496,2024-10-19,TOSTAO_13,CUST_01463
TICKET_004497,2024-02-08,TOSTAO_12,CUST_02127
TICKET_004498,2024-02-23,TOSTAO_16,CUST_01443
TICKET_004499,2024-04-24,TOSTAO_18,CUST_00340
TICKET_004500,2024-11-23,TOSTAO_09,CUST_02461
TICKET_004501,2024-04-15,TOSTAO_02,CUST_01977
TICKET_004502,2024-03-03,TOSTAO_01,CUST_00829
TICKET_004503,2024-12-15,TOSTAO_05,CUST_01695
TICKET_004504,2024-10-24,TOSTAO_16,CUST_00045
TICKET_004505,2024-12-03,TOSTAO_05,CUST_00288
TICKET_004506,2024-03-26,TOSTAO_13,CUST_00191
TICKET_004507,2024-05-29,TOSTAO_03,CUST_01279
TICKET_004508,2024-05-10,TOSTAO_20,CUST_02402
TICKET_004509,2024-12-26,TOSTAO_08,CUST_02273
TICKET_004510,2024-02-28,TOSTAO_12,CUST_02077
TICKET_004511,2024-03-06,TOSTAO_01,CUST_01309
TICKET_004512,2024-06-15,TOSTAO_06,CUST_00726
TICKET_004513,2024-06-14,TOSTAO_20,CUST_01685
TICKET_004514,2024-02-23,TOSTAO_10,CUST_00473
TICKET_004515,2024-02-16,TOSTAO_05,CUST_02084
TICKET_004516,2024-07-04,TOSTAO_01,CUST_02472
TICKET_004517,2024-06-10,TOSTAO_16,CUST_00166
TICKET_004518,2024-11-30,TOSTAO_11,CUST_02187
TICKET_004519,2024-05-03,TOSTAO_13,CUST_00761
TICKET_004520,2024-01-17,TOSTAO_08,CUST_01884
TICKET_004521,2024-12-08,TOSTAO_08,CUST_02478
TICKET_004522,2024-09-05,TOSTAO_06,CUST_02111
TICKET_004523,2024-07-15,TOSTAO_07,CUST_00862
TICKET_004524,2024-10-10,TOSTAO_02,CUST_00931
TICKET_004525,2024-12-23,TOSTAO_07,CUST_00835
TICKET_004526,2024-03-13,TOSTAO_06,CUST_00052
TICKET_004527,2024-10-11,TOSTAO_13,CUST_01323
TICKET_004528,2024-06-17,TOSTAO_03,CUST_02039
TICKET_004529,2024-05-17,TOSTAO_03,CUST_00751
TICKET_004530,2024-04-11,TOSTAO_07,CUST_01143
TICKET_004531,2024-10-05,TOSTAO_02,CUST_00638
TICKET_004532,2024-12-06,TOSTAO_03,CUST_01167
TICKET_004533,2024-04-02,TOSTAO_08,CUST_00734
TICKET_004534,2024-08-31,TOSTAO_17,CUST_00865
TICKET_004535,2024-05-15,TOSTAO_01,CUST_00936
TICKET_004536,2024-05-27,TOSTAO_05,CUST_00186
TICKET_004537,2024-02-03,TOSTAO_09,CUST_01594
TICKET_004538,2024-09-20,TOSTAO_03,CUST_00443
TICKET_004539,2024-10-10,TOSTAO_09,CUST_01928
TICKET_004540,2024-11-14,TOSTAO_17,CUST_02141
TICKET_004541,2024-07-12,TOSTAO_09,CUST_01993
TICKET_004542,2024-10-24,TOSTAO_01,CUST_02251
TICKET_004543,2024-03-12,TOSTAO_02,CUST_00308
TICKET_004544,2024-01-07,TOSTAO_07,CUST_00034
TICKET_004545,2024-05-05,TOSTAO_18,CUST_00406
TICKET_004546,2024-03-08,TOSTAO_19,CUST_02096
TICKET_004547,2024-11-28,TOSTAO_09,CUST_01334
TICKET_004548,2024-04-22,TOSTAO_14,CUST_02089
TICKET_004549,2024-03-02,TOSTAO_19,CUST_00964
TICKET_004550,2024-06-01,TOSTAO_08,CUST_01448
TICKET_004551,2024-02-04,TOSTAO_05,CUST_02194
TICKET_004552,2024-12-19,TOSTAO_19,CUST_01303
TICKET_004553,2024-06-20,TOSTAO_20,CUST_00938
TICKET_004554,2024-08-06,TOSTAO_20,CUST_01699
TICKET_004555,2024-12-21,TOSTAO_19,CUST_00174
TICKET_004556,2024-07-30,TOSTAO_20,CUST_02338
TICKET_004557,2024-03-09,TOSTAO_18,CUST_01845
TICKET_004558,2024-11-01,TOSTAO_04,CUST_01788
TICKET_004559,2024-08-28,TOSTAO_10,CUST_00617
TICKET_004560,2024-05-25,TOSTAO_05,CUST_00262
TICKET_004561,2024-07-19,TOSTAO_06,CUST_01651
TICKET_004562,2024-08-09,TOSTAO_12,CUST_00863
TICKET_004563,2024-09-24,TOSTAO_02,CUST_02436
TICKET_004564,2024-03-07,TOSTAO_06,CUST_00307
TICKET_004565,2024-06-26,TOSTAO_13,CUST_01367
TICKET_004566,2024-11-21,TOSTAO_10,CUST_00263
TICKET_004567,2024-08-05,TOSTAO_11,CUST_00758
TICKET_004568,2024-01-10,TOSTAO_18,CUST_01336
TICKET_004569,2024-03-03,TOSTAO_08,CUST_01570
TICKET_004570,2024-12-21,TOSTAO_18,CUST_01318
TICKET_004571,2024-06-03,TOSTAO_15,CUST_01458
TICKET_004572,2024-03-21,TOSTAO_18,CUST_02207
TICKET_004573,2024-05-07,TOSTAO_18,CUST_00877
TICKET_004574,2024-07-02,TOSTAO_10,CUST_01023
TICKET_004575,2024-02-29,TOSTAO_01,CUST_01184
TICKET_004576,2024-08-12,TOSTAO_18,CUST_02088
TICKET_004577,2024-09-01,TOSTAO_17,CUST_01650
TICKET_004578,2024-04-07,TOSTAO_10,CUST_01509
TICKET_004579,2024-01-05,TOSTAO_01,CUST_01285
TICKET_004580,2024-01-29,TOSTAO_14,CUST_00910
TICKET_004581,2024-11-09,TOSTAO_10,CUST_00514
TICKET_004582,2024-04-05,TOSTAO_05,CUST_02146
TICKET_004583,2024-08-29,TOSTAO_04,CUST_01347
TICKET_004584,2024-07-16,TOSTAO_08,CUST_00384
TICKET_004585,2024-03-22,TOSTAO_07,CUST_01605
TICKET_004586,2024-08-03,TOSTAO_14,CUST_01662
TICKET_004587,2024-03-09,TOSTAO_14,CUST_02235
TICKET_004588,2024-08-09,TOSTAO_05,CUST_02444
TICKET_004589,2024-06-07,TOSTAO_03,CUST_00959
TICKET_004590,2024-02-01,TOSTAO_18,CUST_02156
TICKET_004591,2024-02-11,TOSTAO_11,CUST_00633
TICKET_004592,2024-04-26,TOSTAO_16,CUST_02436
TICKET_004593,2024-10-23,TOSTAO_08,CUST_00942
TICKET_004594,2024-05-10,TOSTAO_18,CUST_00792
TICKET_004595,2024-02-12,TOSTAO_02,CUST_01240
TICKET_004596,2024-02-28,TOSTAO_14,CUST_01248
TICKET_004597,2024-07-26,TOSTAO_13,CUST_01382
TICKET_004598,2024-04-24,TOSTAO_08,CUST_00399
TICKET_004599,2024-09-03,TOSTAO_02,CUST_02360
TICKET_004600,2024-03-30,TOSTAO_09,CUST_00340
TICKET_004601,2024-10-23,TOSTAO_11,CUST_02298
TICKET_004602,2024-08-11,TOSTAO_13,CUST_01435
TICKET_004603,2024-10-10,TOSTAO_07,CUST_01824
TICKET_004604,2024-04-25,TOSTAO_05,CUST_01778
TICKET_004605,2024-11-21,TOSTAO_04,CUST_00812
TICKET_004606,2024-02-15,TOSTAO_17,CUST_00579
TICKET_004607,2024-10-01,TOSTAO_06,CUST_02191
TICKET_004608,2024-08-24,TOSTAO_04,CUST_01372
TICKET_004609,2024-08-02,TOSTAO_08,CUST_00282
TICKET_004610,2024-12-28,TOSTAO_11,CUST_01727
TICKET_004611,2024-05-08,TOSTAO_03,CUST_01909
TICKET_004612,2024-03-05,TOSTAO_06,CUST_01670
TICKET_004613,2024-03-05,TOSTAO_19,CUST_00223
TICKET_004614,2024-11-15,TOSTAO_15,CUST_00451
TICKET_004615,2024-09-26,TOSTAO_16,CUST_01249
TICKET_004616,2024-04-04,TOSTAO_09,CUST_01160
TICKET_004617,2024-03-21,TOSTAO_11,CUST_02125
TICKET_004618,2024-09-21,TOSTAO_03,CUST_02021
TICKET_004619,2024-03-07,TOSTAO_11,CUST_01403
TICKET_004620,2024-09-14,TOSTAO_10,CUST_00569
TICKET_004621,2024-01-27,TOSTAO_09,CUST_01078
TICKET_004622,2024-08-03,TOSTAO_20,CUST_01372
TICKET_004623,2024-08-29,TOSTAO_02,CUST_01413
TICKET_004624,2024-12-28,TOSTAO_09,CUST_01533
TICKET_004625,2024-06-03,TOSTAO_19,CUST_02476
TICKET_004626,2024-08-20,TOSTAO_13,CUST_00905
TICKET_004627,2024-11-24,TOSTAO_13,CUST_01279
TICKET_004628,2024-12-24,TOSTAO_10,CUST_00631
TICKET_004629,2024-07-19,TOSTAO_12,CUST_00379
TICKET_004630,2024-07-26,TOSTAO_03,CUST_02189
TICKET_004631,2024-01-11,TOSTAO_14,CUST_01365
TICKET_004632,2024-08-05,TOSTAO_14,CUST_02199
TICKET_004633,2024-03-09,TOSTAO_09,CUST_00493
TICKET_004634,2024-04-11,TOSTAO_19,CUST_01147
TICKET_004635,2024-09-22,TOSTAO_16,CUST_02079
TICKET_004636,2024-05-09,TOSTAO_06,CUST_01504
TICKET_004637,2024-04-09,TOSTAO_14,CUST_00918
TICKET_004638,2024-11-23,TOSTAO_19,CUST_02398
TICKET_004639,2024-01-09,TOSTAO_20,CUST_01874
TICKET_004640,2024-05-29,TOSTAO_12,CUST_00236
TICKET_004641,2024-08-26,TOSTAO_12,CUST_00052
TICKET_004642,2024-02-19,TOSTAO_12,CUST_01966
TICKET_004643,2024-10-05,TOSTAO_07,CUST_00852
TICKET_004644,2024-03-28,TOSTAO_07,CUST_02329
TICKET_004645,2024-06-13,TOSTAO_17,CUST_00217
TICKET_004646,2024-10-10,TOSTAO_20,CUST_01291
TICKET_004647,2024-04-28,TOSTAO_04,CUST_02136
TICKET_004648,2024-05-20,TOSTAO_13,CUST_00057
TICKET_004649,2024-03-05,TOSTAO_09,CUST_01892
TICKET_004650,2024-07-12,TOSTAO_04,CUST_02040
TICKET_004651,2024-04-30,TOSTAO_19,CUST_01395
TICKET_004652,2024-03-17,TOSTAO_03,CUST_00140
TICKET_004653,2024-01-29,TOSTAO_19,CUST_01124
TICKET_004654,2024-04-03,TOSTAO_07,CUST_02331
TICKET_004655,2024-07-31,TOSTAO_04,CUST_00700
TICKET_004656,2024-08-06,TOSTAO_06,CUST_00350
TICKET_004657,2024-01-08,TOSTAO_02,CUST_00027
TICKET_004658,2024-09-21,TOSTAO_06,CUST_02349
TICKET_004659,2024-04-19,TOSTAO_11,CUST_00703
TICKET_004660,2024-06-25,TOSTAO_13,CUST_00511
TICKET_004661,2024-08-01,TOSTAO_18,CUST_02466
TICKET_004662,2024-03-10,TOSTAO_16,CUST_00578
TICKET_004663,2024-03-24,TOSTAO_06,CUST_01854
TICKET_004664,2024-06-20,TOSTAO_07,CUST_01602
TICKET_004665,2024-04-17,TOSTAO_14,CUST_00722
TICKET_004666,2024-10-27,TOSTAO_04,CUST_01169
TICKET_004667,2024-04-02,TOSTAO_04,CUST_00990
TICKET_004668,2024-06-23,TOSTAO_02,CUST_00743
TICKET_004669,2024-02-25,TOSTAO_19,CUST_00456
TICKET_004670,2024-11-07,TOSTAO_03,CUST_02352
TICKET_004671,2024-10-27,TOSTAO_03,CUST_01126
TICKET_004672,2024-04-30,TOSTAO_13,CUST_00330
TICKET_004673,2024-05-06,TOSTAO_15,CUST_02279
TICKET_004674,2024-04-15,TOSTAO_09,CUST_00253
TICKET_004675,2024-01-18,TOSTAO_01,CUST_01722
TICKET_004676,2024-03-02,TOSTAO_19,CUST_00080
TICKET_004677,2024-09-17,TOSTAO_18,CUST_02177
TICKET_004678,2024-03-27,TOSTAO_18,CUST_00838
TICKET_004679,2024-09-22,TOSTAO_04,CUST_00064
TICKET_004680,2024-06-06,TOSTAO_02,CUST_02189
TICKET_004681,2024-12-22,TOSTAO_20,CUST_01796
TICKET_004682,2024-09-22,TOSTAO_20,CUST_01968
TICKET_004683,2024-12-22,TOSTAO_02,CUST_01719
TICKET_004684,2024-03-12,TOSTAO_13,CUST_01137
TICKET_004685,2024-05-19,TOSTAO_16,CUST_02286
TICKET_004686,2024-09-12,TOSTAO_11,CUST_00707
TICKET_004687,2024-05-26,TOSTAO_02,CUST_02133
TICKET_004688,2024-01-25,TOSTAO_14,CUST_00972
TICKET_004689,2024-10-04,TOSTAO_19,CUST_01830
TICKET_004690,2024-04-01,TOSTAO_14,CUST_01282
TICKET_004691,2024-02-07,TOSTAO_03,CUST_02224
TICKET_004692,2024-09-24,TOSTAO_16,CUST_00164
TICKET_004693,2024-10-15,TOSTAO_15,CUST_01691
TICKET_004694,2024-01-22,TOSTAO_09,CUST_00386
TICKET_004695,2024-10-01,TOSTAO_06,CUST_00496
TICKET_004696,2024-05-06,TOSTAO_14,CUST_02195
TICKET_004697,2024-11-26,TOSTAO_16,CUST_00505
TICKET_004698,2024-05-01,TOSTAO_13,CUST_01444
TICKET_004699,2024-06-18,TOSTAO_12,CUST_00696
TICKET_004700,2024-11-13,TOSTAO_07,CUST_02186
TICKET_004701,2024-11-24,TOSTAO_11,CUST_01490
TICKET_004702,2024-11-09,TOSTAO_11,CUST_01538
TICKET_004703,2024-10-20,TOSTAO_01,CUST_00943
TICKET_004704,2024-06-12,TOSTAO_12,CUST_02313
TICKET_004705,2024-04-17,TOSTAO_18,CUST_01729
TICKET_004706,2024-04-05,TOSTAO_03,CUST_01054
TICKET_004707,2024-10-04,TOSTAO_17,CUST_01203
TICKET_004708,2024-03-03,TOSTAO_08,CUST_02305
TICKET_004709,2024-11-10,TOSTAO_12,CUST_00292
TICKET_004710,2024-12-21,TOSTAO_13,CUST_02301
TICKET_004711,2024-01-09,TOSTAO_12,CUST_00309
TICKET_004712,2024-12-13,TOSTAO_19,CUST_01358
TICKET_004713,2024-05-24,TOSTAO_03,CUST_00733
TICKET_004714,2024-08-25,TOSTAO_02,CUST_01534
TICKET_004715,2024-04-08,TOSTAO_18,CUST_01784
TICKET_004716,2024-10-16,TOSTAO_17,CUST_00159
TICKET_004717,2024-08-05,TOSTAO_05,CUST_00222
TICKET_004718,2024-04-15,TOSTAO_09,CUST_00861
TICKET_004719,2024-04-22,TOSTAO_06,CUST_02251
TICKET_004720,2024-05-29,TOSTAO_12,CUST_00267
TICKET_004721,2024-07-07,TOSTAO_07,CUST_01915
TICKET_004722,2024-06-06,TOSTAO_10,CUST_02464
TICKET_004723,2024-01-10,TOSTAO_11,CUST_00341
TICKET_004724,2024-01-02,TOSTAO_11,CUST_00518
TICKET_004725,2024-07-07,TOSTAO_02,CUST_02126
TICKET_004726,2024-09-03,TOSTAO_01,CUST_01836
TICKET_004727,2024-09-01,TOSTAO_04,CUST_00435
TICKET_004728,2024-10-18,TOSTAO_12,CUST_02476
TICKET_004729,2024-04-04,TOSTAO_16,CUST_00515
TICKET_004730,2024-11-22,TOSTAO_07,CUST_01648
TICKET_004731,2024-01-18,TOSTAO_12,CUST_01257
TICKET_004732,2024-06-04,TOSTAO_11,CUST_02360
TICKET_004733,2024-08-23,TOSTAO_07,CUST_01543
TICKET_004734,2024-03-26,TOSTAO_08,CUST_00077
TICKET_004735,2024-10-12,TOSTAO_14,CUST_02095
TICKET_004736,2024-05-25,TOSTAO_13,CUST_00647
TICKET_004737,2024-11-29,TOSTAO_04,CUST_00965
TICKET_004738,2024-06-04,TOSTAO_07,CUST_00415
TICKET_004739,2024-01-28,TOSTAO_20,CUST_00487
TICKET_004740,2024-03-10,TOSTAO_12,CUST_00120
TICKET_004741,2024-04-21,TOSTAO_17,CUST_00614
TICKET_004742,2024-02-10,TOSTAO_18,CUST_00762
TICKET_004743,2024-05-28,TOSTAO_20,CUST_00985
TICKET_004744,2024-01-31,TOSTAO_18,CUST_00247
TICKET_004745,2024-10-30,TOSTAO_15,CUST_00316
TICKET_004746,2024-07-21,TOSTAO_03,CUST_01492
TICKET_004747,2024-04-13,TOSTAO_09,CUST_01701
TICKET_004748,2024-12-21,TOSTAO_12,CUST_01586
TICKET_004749,2024-11-22,TOSTAO_07,CUST_00896
TICKET_004750,2024-09-07,TOSTAO_02,CUST_01338
TICKET_004751,2024-04-07,TOSTAO_14,CUST_00536
TICKET_004752,2024-12-19,TOSTAO_18,CUST_00235
TICKET_004753,2024-12-17,TOSTAO_13,CUST_00147
TICKET_004754,2024-08-13,TOSTAO_13,CUST_00616
TICKET_004755,2024-09-16,TOSTAO_02,CUST_00343
TICKET_004756,2024-11-07,TOSTAO_07,CUST_02199
TICKET_004757,2024-10-05,TOSTAO_15,CUST_00327
TICKET_004758,2024-06-19,TOSTAO_10,CUST_02237
TICKET_004759,2024-05-09,TOSTAO_12,CUST_02449
TICKET_004760,2024-11-09,TOSTAO_11,CUST_01084
TICKET_004761,2024-03-29,TOSTAO_06,CUST_01140
TICKET_004762,2024-11-08,TOSTAO_16,CUST_01155
TICKET_004763,2024-11-12,TOSTAO_16,CUST_02435
TICKET_004764,2024-10-02,TOSTAO_09,CUST_00754
TICKET_004765,2024-11-14,TOSTAO_16,CUST_02105
TICKET_004766,2024-07-30,TOSTAO_18,CUST_01741
TICKET_004767,2024-12-24,TOSTAO_09,CUST_00539
TICKET_004768,2024-10-29,TOSTAO_12,CUST_02375
TICKET_004769,2024-08-22,TOSTAO_20,CUST_00693
TICKET_004770,2024-03-21,TOSTAO_12,CUST_00947
TICKET_004771,2024-09-11,TOSTAO_12,CUST_00389
TICKET_004772,2024-02-22,TOSTAO_10,CUST_01985
TICKET_004773,2024-01-23,TOSTAO_17,CUST_01254
TICKET_004774,2024-08-19,TOSTAO_17,CUST_00103
TICKET_004775,2024-11-11,TOSTAO_05,CUST_01831
TICKET_004776,2024-03-25,TOSTAO_15,CUST_00730
TICKET_004777,2024-06-09,TOSTAO_02,CUST_00428
TICKET_004778,2024-12-02,TOSTAO_03,CUST_01386
TICKET_004779,2024-04-18,TOSTAO_05,CUST_00388
TICKET_004780,2024-04-19,TOSTAO_01,CUST_00769
TICKET_004781,2024-07-15,TOSTAO_04,CUST_02246
TICKET_004782,2024-12-11,TOSTAO_09,CUST_02223
TICKET_004783,2024-05-12,TOSTAO_03,CUST_00656
TICKET_004784,2024-09-27,TOSTAO_02,CUST_01534
TICKET_004785,2024-04-08,TOSTAO_13,CUST_00230
TICKET_004786,2024-12-07,TOSTAO_15,CUST_02380
TICKET_004787,2024-08-17,TOSTAO_20,CUST_01347
TICKET_004788,2024-03-20,TOSTAO_19,CUST_00074
TICKET_004789,2024-05-11,TOSTAO_02,CUST_02363
TICKET_004790,2024-08-21,TOSTAO_10,CUST_02090
TICKET_004791,2024-03-11,TOSTAO_07,CUST_02124
TICKET_004792,2024-12-16,TOSTAO_19,CUST_00476
TICKET_004793,2024-06-02,TOSTAO_20,CUST_02020
TICKET_004794,2024-08-31,TOSTAO_17,CUST_01827
TICKET_004795,2024-04-05,TOSTAO_03,CUST_01876
TICKET_004796,2024-06-07,TOSTAO_10,CUST_00378
TICKET_004797,2024-03-15,TOSTAO_18,CUST_00492
TICKET_004798,2024-10-06,TOSTAO_15,CUST_00946
TICKET_004799,2024-04-22,TOSTAO_06,CUST_00684
TICKET_004800,2024-03-25,TOSTAO_10,CUST_01716
TICKET_004801,2024-10-09,TOSTAO_16,CUST_02346
TICKET_004802,2024-04-02,TOSTAO_07,CUST_01557
TICKET_004803,2024-10-11,TOSTAO_15,CUST_00275
TICKET_004804,2024-05-23,TOSTAO_01,CUST_01887
TICKET_004805,2024-11-13,TOSTAO_16,CUST_00611
TICKET_004806,2024-07-10,TOSTAO_09,CUST_01120
TICKET_004807,2024-03-10,TOSTAO_15,CUST_01643
TICKET_004808,2024-11-03,TOSTAO_13,CUST_02267
TICKET_004809,2024-03-05,TOSTAO_03,CUST_01173
TICKET_004810,2024-02-02,TOSTAO_02,CUST_01316
TICKET_004811,2024-04-13,TOSTAO_19,CUST_01157
TICKET_004812,2024-05-26,TOSTAO_15,CUST_02460
TICKET_004813,2024-04-03,TOSTAO_13,CUST_02267
TICKET_004814,2024-04-28,TOSTAO_01,CUST_00912
TICKET_004815,2024-12-12,TOSTAO_14,CUST_02455
TICKET_004816,2024-06-27,TOSTAO_08,CUST_00164
TICKET_004817,2024-03-03,TOSTAO_06,CUST_00246
TICKET_004818,2024-10-08,TOSTAO_12,CUST_01372
TICKET_004819,2024-09-15,TOSTAO_09,CUST_02014
TICKET_004820,2024-05-20,TOSTAO_16,CUST_01783
TICKET_004821,2024-04-24,TOSTAO_10,CUST_00464
TICKET_004822,2024-05-20,TOSTAO_19,CUST_01186
TICKET_004823,2024-05-18,TOSTAO_02,CUST_00076
TICKET_004824,2024-12-12,TOSTAO_16,CUST_02230
TICKET_004825,2024-03-03,TOSTAO_03,CUST_02091
TICKET_004826,2024-03-30,TOSTAO_19,CUST_00616
TICKET_004827,2024-11-18,TOSTAO_16,CUST_00767
TICKET_004828,2024-04-26,TOSTAO_11,CUST_02047
TICKET_004829,2024-12-04,TOSTAO_17,CUST_00364
TICKET_004830,2024-04-28,TOSTAO_06,CUST_02413
TICKET_004831,2024-08-17,TOSTAO_13,CUST_01694
TICKET_004832,2024-05-14,TOSTAO_07,CUST_00331
TICKET_004833,2024-08-04,TOSTAO_16,CUST_01550
TICKET_004834,2024-08-30,TOSTAO_15,CUST_02056
TICKET_004835,2024-05-07,TOSTAO_09,CUST_01948
TICKET_004836,2024-08-07,TOSTAO_04,CUST_01884
TICKET_004837,2024-07-11,TOSTAO_07,CUST_02385
TICKET_004838,2024-04-01,TOSTAO_10,CUST_00759
TICKET_004839,2024-01-30,TOSTAO_18,CUST_00191
TICKET_004840,2024-11-14,TOSTAO_13,CUST_00074
TICKET_004841,2024-03-29,TOSTAO_05,CUST_02092
TICKET_004842,2024-03-11,TOSTAO_20,CUST_00072
TICKET_004843,2024-06-02,TOSTAO_16,CUST_01051
TICKET_004844,2024-04-07,TOSTAO_10,CUST_02186
TICKET_004845,2024-07-25,TOSTAO_14,CUST_00979
TICKET_004846,2024-04-27,TOSTAO_10,CUST_00114
TICKET_004847,2024-07-02,TOSTAO_06,CUST_00545
TICKET_004848,2024-08-02,TOSTAO_20,CUST_02223
TICKET_004849,2024-07-06,TOSTAO_14,CUST_00887
TICKET_004850,2024-10-04,TOSTAO_01,CUST_00175
TICKET_004851,2024-08-20,TOSTAO_01,CUST_02144
TICKET_004852,2024-03-23,TOSTAO_17,CUST_00527
TICKET_004853,2024-07-29,TOSTAO_06,CUST_01969
TICKET_004854,2024-12-17,TOSTAO_08,CUST_00188
TICKET_004855,2024-06-24,TOSTAO_08,CUST_02215
TICKET_004856,2024-09-13,TOSTAO_13,CUST_01955
TICKET_004857,2024-03-16,TOSTAO_19,CUST_00069
TICKET_004858,2024-10-28,TOSTAO_19,CUST_02116
TICKET_004859,2024-09-12,TOSTAO_09,CUST_00205
TICKET_004860,2024-11-20,TOSTAO_20,CUST_00681
TICKET_004861,2024-08-18,TOSTAO_07,CUST_01257
TICKET_004862,2024-12-02,TOSTAO_05,CUST_01348
TICKET_004863,2024-10-21,TOSTAO_12,CUST_02269
TICKET_004864,2024-03-13,TOSTAO_04,CUST_01049
TICKET_004865,2024-02-09,TOSTAO_04,CUST_00924
TICKET_004866,2024-09-20,TOSTAO_07,CUST_02355
TICKET_004867,2024-09-29,TOSTAO_05,CUST_01176
TICKET_004868,2024-04-09,TOSTAO_08,CUST_00953
TICKET_004869,2024-02-19,TOSTAO_12,CUST_01853
TICKET_004870,2024-10-12,TOSTAO_15,CUST_01502
TICKET_004871,2024-09-24,TOSTAO_16,CUST_00036
TICKET_004872,2024-12-11,TOSTAO_10,CUST_00758
TICKET_004873,2024-05-26,TOSTAO_16,CUST_02435
TICKET_004874,2024-05-17,TOSTAO_07,CUST_00155
TICKET_004875,2024-07-06,TOSTAO_12,CUST_00596
TICKET_004876,2024-08-01,TOSTAO_16,CUST_01423
TICKET_004877,2024-06-07,TOSTAO_08,CUST_01839
TICKET_004878,2024-05-24,TOSTAO_15,CUST_00884
TICKET_004879,2024-11-28,TOSTAO_10,CUST_01129
TICKET_004880,2024-07-29,TOSTAO_05,CUST_01131
TICKET_004881,2024-01-08,TOSTAO_04,CUST_01833
TICKET_004882,2024-04-30,TOSTAO_01,CUST_00868
TICKET_004883,2024-03-08,TOSTAO_04,CUST_01970
TICKET_004884,2024-09-04,TOSTAO_17,CUST_00025
TICKET_004885,2024-07-27,TOSTAO_03,CUST_00954
TICKET_004886,2024-02-08,TOSTAO_16,CUST_00619
TICKET_004887,2024-03-11,TOSTAO_13,CUST_02460
TICKET_004888,2024-05-14,TOSTAO_20,CUST_02197
TICKET_004889,2024-08-31,TOSTAO_15,CUST_00786
TICKET_004890,2024-12-24,TOSTAO_02,CUST_00291
TICKET_004891,2024-11-19,TOSTAO_17,CUST_01562
TICKET_004892,2024-03-09,TOSTAO_07,CUST_00938
TICKET_004893,2024-07-04,TOSTAO_10,CUST_00707
TICKET_004894,2024-01-02,TOSTAO_06,CUST_01404
TICKET_004895,2024-04-27,TOSTAO_06,CUST_00573
TICKET_004896,2024-10-20,TOSTAO_09,CUST_02061
TICKET_004897,2024-05-28,TOSTAO_13,CUST_00207
TICKET_004898,2024-10-14,TOSTAO_16,CUST_01818
TICKET_004899,2024-09-08,TOSTAO_13,CUST_02419
TICKET_004900,2024-02-26,TOSTAO_11,CUST_00333
TICKET_004901,2024-11-09,TOSTAO_12,CUST_02329
TICKET_004902,2024-04-24,TOSTAO_16,CUST_02161
TICKET_004903,2024-07-15,TOSTAO_11,CUST_01607
TICKET_004904,2024-03-10,TOSTAO_15,CUST_01819
TICKET_004905,2024-01-22,TOSTAO_10,CUST_00331
TICKET_004906,2024-05-05,TOSTAO_18,CUST_01586
TICKET_004907,2024-01-04,TOSTAO_12,CUST_00466
TICKET_004908,2024-05-29,TOSTAO_18,CUST_00110
TICKET_004909,2024-10-20,TOSTAO_08,CUST_01105
TICKET_004910,2024-01-21,TOSTAO_17,CUST_00261
TICKET_004911,2024-01-30,TOSTAO_14,CUST_02493
TICKET_004912,2024-09-06,TOSTAO_08,CUST_01735
TICKET_004913,2024-01-07,TOSTAO_12,CUST_02036
TICKET_004914,2024-05-31,TOSTAO_10,CUST_00449
TICKET_004915,2024-04-02,TOSTAO_15,CUST_00604
TICKET_004916,2024-08-03,TOSTAO_19,CUST_00591
TICKET_004917,2024-09-13,TOSTAO_10,CUST_01578
TICKET_004918,2024-09-14,TOSTAO_06,CUST_01451
TICKET_004919,2024-06-22,TOSTAO_03,CUST_02043
TICKET_004920,2024-07-07,TOSTAO_03,CUST_01693
TICKET_004921,2024-01-07,TOSTAO_08,CUST_02346
TICKET_004922,2024-01-06,TOSTAO_03,CUST_00190
TICKET_004923,2024-02-12,TOSTAO_05,CUST_01130
TICKET_004924,2024-10-14,TOSTAO_16,CUST_01906
TICKET_004925,2024-11-02,TOSTAO_01,CUST_00419
TICKET_004926,2024-01-15,TOSTAO_03,CUST_00520
TICKET_004927,2024-08-06,TOSTAO_03,CUST_00216
TICKET_004928,2024-08-14,TOSTAO_05,CUST_02214
TICKET_004929,2024-08-25,TOSTAO_12,CUST_01256
TICKET_004930,2024-02-01,TOSTAO_06,CUST_02021
TICKET_004931,2024-09-22,TOSTAO_08,CUST_00572
TICKET_004932,2024-12-14,TOSTAO_05,CUST_01701
TICKET_004933,2024-09-02,TOSTAO_17,CUST_02063
TICKET_004934,2024-08-19,TOSTAO_08,CUST_00948
TICKET_004935,2024-03-11,TOSTAO_06,CUST_00101
TICKET_004936,2024-01-25,TOSTAO_01,CUST_00319
TICKET_004937,2024-01-18,TOSTAO_09,CUST_01870
TICKET_004938,2024-11-24,TOSTAO_08,CUST_02498
TICKET_004939,2024-10-15,TOSTAO_17,CUST_00341
TICKET_004940,2024-06-29,TOSTAO_09,CUST_00904
TICKET_004941,2024-01-30,TOSTAO_03,CUST_02401
TICKET_004942,2024-07-23,TOSTAO_02,CUST_01303
TICKET_004943,2024-06-24,TOSTAO_15,CUST_01854
TICKET_004944,2024-07-10,TOSTAO_01,CUST_02032
TICKET_004945,2024-08-05,TOSTAO_04,CUST_01645
TICKET_004946,2024-07-27,TOSTAO_09,CUST_01666
TICKET_004947,2024-10-29,TOSTAO_12,CUST_01657
TICKET_004948,2024-05-24,TOSTAO_20,CUST_00819
TICKET_004949,2024-12-22,TOSTAO_08,CUST_02057
TICKET_004950,2024-07-08,TOSTAO_04,CUST_00056
TICKET_004951,2024-08-18,TOSTAO_02,CUST_01401
TICKET_004952,2024-08-14,TOSTAO_03,CUST_01579
TICKET_004953,2024-03-02,TOSTAO_02,CUST_01581
TICKET_004954,2024-02-02,TOSTAO_13,CUST_00091
TICKET_004955,2024-04-09,TOSTAO_01,CUST_01225
TICKET_004956,2024-09-13,TOSTAO_14,CUST_02479
TICKET_004957,2024-04-08,TOSTAO_07,CUST_01156
TICKET_004958,2024-08-17,TOSTAO_05,CUST_02166
TICKET_004959,2024-09-01,TOSTAO_01,CUST_00608
TICKET_004960,2024-05-08,TOSTAO_01,CUST_01769
TICKET_004961,2024-10-05,TOSTAO_10,CUST_00299
TICKET_004962,2024-01-13,TOSTAO_04,CUST_00980
TICKET_004963,2024-03-28,TOSTAO_15,CUST_01141
TICKET_004964,2024-05-11,TOSTAO_11,CUST_01136
TICKET_004965,2024-11-19,TOSTAO_05,CUST_00899
TICKET_004966,2024-09-23,TOSTAO_20,CUST_00166
TICKET_004967,2024-04-15,TOSTAO_10,CUST_00986
TICKET_004968,2024-08-31,TOSTAO_11,CUST_00415
TICKET_004969,2024-11-02,TOSTAO_11,CUST_00210
TICKET_004970,2024-12-22,TOSTAO_07,CUST_00362
TICKET_004971,2024-08-05,TOSTAO_18,CUST_02100
TICKET_004972,2024-05-11,TOSTAO_12,CUST_00739
TICKET_004973,2024-05-15,TOSTAO_02,CUST_02025
TICKET_004974,2024-09-06,TOSTAO_16,CUST_00717
TICKET_004975,2024-09-07,TOSTAO_10,CUST_00466
TICKET_004976,2024-06-07,TOSTAO_16,CUST_00434
TICKET_004977,2024-11-13,TOSTAO_01,CUST_01909
TICKET_004978,2024-04-08,TOSTAO_15,CUST_01118
TICKET_004979,2024-04-12,TOSTAO_18,CUST_01830
TICKET_004980,2024-03-17,TOSTAO_08,CUST_00436
TICKET_004981,2024-09-19,TOSTAO_16,CUST_01946
TICKET_004982,2024-09-01,TOSTAO_18,CUST_01026
TICKET_004983,2024-04-09,TOSTAO_10,CUST_00648
TICKET_004984,2024-01-27,TOSTAO_13,CUST_00021
TICKET_004985,2024-04-15,TOSTAO_20,CUST_00337
TICKET_004986,2024-03-31,TOSTAO_06,CUST_01021
TICKET_004987,2024-02-05,TOSTAO_03,CUST_01592
TICKET_004988,2024-07-19,TOSTAO_03,CUST_00432
TICKET_004989,2024-11-22,TOSTAO_04,CUST_02184
TICKET_004990,2024-11-18,TOSTAO_13,CUST_01351
TICKET_004991,2024-02-16,TOSTAO_04,CUST_00656
TICKET_004992,2024-10-19,TOSTAO_13,CUST_01108
TICKET_004993,2024-01-04,TOSTAO_16,CUST_01239
TICKET_004994,2024-11-30,TOSTAO_11,CUST_01457
TICKET_004995,2024-07-18,TOSTAO_13,CUST_02024
TICKET_004996,2024-09-29,TOSTAO_02,CUST_01139
TICKET_004997,2024-08-31,TOSTAO_03,CUST_00946
TICKET_004998,2024-08-22,TOSTAO_04,CUST_00143
TICKET_004999,2024-01-23,TOSTAO_12,CUST_00521
TICKET_005000,2024-01-13,TOSTAO_10,CUST_00418
TICKET_005001,2024-07-24,TOSTAO_01,CUST_00595
TICKET_005002,2024-08-04,TOSTAO_12,CUST_00216
TICKET_005003,2024-06-17,TOSTAO_07,CUST_01828
TICKET_005004,2024-04-14,TOSTAO_02,CUST_02375
TICKET_005005,2024-08-08,TOSTAO_05,CUST_01777
TICKET_005006,2024-03-02,TOSTAO_16,CUST_00233
TICKET_005007,2024-01-04,TOSTAO_18,CUST_02355
TICKET_005008,2024-05-18,TOSTAO_07,CUST_01565
TICKET_005009,2024-04-05,TOSTAO_20,CUST_02375
TICKET_005010,2024-04-04,TOSTAO_19,CUST_01317
TICKET_005011,2024-08-07,TOSTAO_13,CUST_01428
TICKET_005012,2024-07-14,TOSTAO_18,CUST_01711
TICKET_005013,2024-07-04,TOSTAO_07,CUST_00829
TICKET_005014,2024-11-20,TOSTAO_15,CUST_01418
TICKET_005015,2024-07-29,TOSTAO_02,CUST_01917
TICKET_005016,2024-11-18,TOSTAO_04,CUST_01441
TICKET_005017,2024-02-24,TOSTAO_01,CUST_01102
TICKET_005018,2024-10-02,TOSTAO_20,CUST_01699
TICKET_005019,2024-04-08,TOSTAO_10,CUST_01519
TICKET_005020,2024-06-22,TOSTAO_20,CUST_01410
TICKET_005021,2024-10-08,TOSTAO_20,CUST_00135
TICKET_005022,2024-12-03,TOSTAO_08,CUST_01686
TICKET_005023,2024-03-19,TOSTAO_14,CUST_00786
TICKET_005024,2024-08-17,TOSTAO_11,CUST_01554
TICKET_005025,2024-05-01,TOSTAO_15,CUST_00284
TICKET_005026,2024-02-02,TOSTAO_16,CUST_02138
TICKET_005027,2024-01-20,TOSTAO_02,CUST_01316
TICKET_005028,2024-04-15,TOSTAO_16,CUST_00567
TICKET_005029,2024-11-20,TOSTAO_17,CUST_01308
TICKET_005030,2024-04-17,TOSTAO_10,CUST_00811
TICKET_005031,2024-05-28,TOSTAO_17,CUST_01709
TICKET_005032,2024-05-07,TOSTAO_17,CUST_00853
TICKET_005033,2024-11-13,TOSTAO_15,CUST_00508
TICKET_005034,2024-11-20,TOSTAO_07,CUST_00581
TICKET_005035,2024-05-28,TOSTAO_03,CUST_00956
TICKET_005036,2024-01-27,TOSTAO_11,CUST_00414
TICKET_005037,2024-01-15,TOSTAO_07,CUST_01072
TICKET_005038,2024-02-29,TOSTAO_20,CUST_02035
TICKET_005039,2024-08-31,TOSTAO_13,CUST_01720
TICKET_005040,2024-07-13,TOSTAO_11,CUST_00412
TICKET_005041,2024-12-16,TOSTAO_12,CUST_00944
TICKET_005042,2024-02-21,TOSTAO_20,CUST_00356
TICKET_005043,2024-08-12,TOSTAO_03,CUST_01842
TICKET_005044,2024-12-14,TOSTAO_04,CUST_00940
TICKET_005045,2024-08-14,TOSTAO_16,CUST_02180
TICKET_005046,2024-09-18,TOSTAO_06,CUST_01913
TICKET_005047,2024-07-25,TOSTAO_13,CUST_00949
TICKET_005048,2024-08-14,TOSTAO_20,CUST_01860
TICKET_005049,2024-12-03,TOSTAO_12,CUST_00024
TICKET_005050,2024-05-10,TOSTAO_14,CUST_01981
TICKET_005051,2024-10-06,TOSTAO_10,CUST_00136
TICKET_005052,2024-01-09,TOSTAO_17,CUST_00594
TICKET_005053,2024-05-31,TOSTAO_08,CUST_01049
TICKET_005054,2024-12-24,TOSTAO_17,CUST_02398
TICKET_005055,2024-01-29,TOSTAO_06,CUST_02283
TICKET_005056,2024-12-30,TOSTAO_17,CUST_00468
TICKET_005057,2024-07-02,TOSTAO_02,CUST_02029
TICKET_005058,2024-04-17,TOSTAO_12,CUST_01828
TICKET_005059,2024-05-24,TOSTAO_01,CUST_02262
TICKET_005060,2024-04-12,TOSTAO_07,CUST_01167
TICKET_005061,2024-12-09,TOSTAO_08,CUST_02060
TICKET_005062,2024-03-22,TOSTAO_12,CUST_01583
TICKET_005063,2024-02-09,TOSTAO_18,CUST_01178
TICKET_005064,2024-01-24,TOSTAO_04,CUST_00115
TICKET_005065,2024-12-14,TOSTAO_18,CUST_00114
TICKET_005066,2024-05-22,TOSTAO_12,CUST_02499
TICKET_005067,2024-12-29,TOSTAO_20,CUST_01398
TICKET_005068,2024-11-15,TOSTAO_06,CUST_01917
TICKET_005069,2024-07-08,TOSTAO_16,CUST_01742
TICKET_005070,2024-09-22,TOSTAO_12,CUST_00790
TICKET_005071,2024-02-23,TOSTAO_16,CUST_00474
TICKET_005072,2024-04-01,TOSTAO_20,CUST_01099
TICKET_005073,2024-10-27,TOSTAO_07,CUST_02386
TICKET_005074,2024-12-22,TOSTAO_18,CUST_00798
TICKET_005075,2024-03-25,TOSTAO_02,CUST_01599
TICKET_005076,2024-12-23,TOSTAO_05,CUST_00188
TICKET_005077,2024-09-23,TOSTAO_08,CUST_00679
TICKET_005078,2024-08-02,TOSTAO_04,CUST_00336
TICKET_005079,2024-04-15,TOSTAO_09,CUST_02076
TICKET_005080,2024-06-19,TOSTAO_10,CUST_01070
TICKET_005081,2024-12-06,TOSTAO_01,CUST_02166
TICKET_005082,2024-04-29,TOSTAO_04,CUST_00096
TICKET_005083,2024-11-13,TOSTAO_02,CUST_01015
TICKET_005084,2024-06-04,TOSTAO_14,CUST_00195
TICKET_005085,2024-11-03,TOSTAO_11,CUST_00521
TICKET_005086,2024-11-20,TOSTAO_05,CUST_02159
TICKET_005087,2024-06-05,TOSTAO_20,CUST_00513
TICKET_005088,2024-03-02,TOSTAO_17,CUST_00566
TICKET_005089,2024-05-28,TOSTAO_19,CUST_01287
TICKET_005090,2024-08-12,TOSTAO_08,CUST_02349
TICKET_005091,2024-10-27,TOSTAO_09,CUST_00961
TICKET_005092,2024-01-11,TOSTAO_01,CUST_00225
TICKET_005093,2024-07-27,TOSTAO_10,CUST_00851
TICKET_005094,2024-11-20,TOSTAO_16,CUST_00290
TICKET_005095,2024-11-01,TOSTAO_10,CUST_00576
TICKET_005096,2024-12-05,TOSTAO_01,CUST_02157
TICKET_005097,2024-12-02,TOSTAO_10,CUST_01128
TICKET_005098,2024-01-28,TOSTAO_03,CUST_01989
TICKET_005099,2024-07-29,TOSTAO_11,CUST_02362
TICKET_005100,2024-01-17,TOSTAO_17,CUST_01090
TICKET_005101,2024-11-09,TOSTAO_17,CUST_01394
TICKET_005102,2024-03-18,TOSTAO_01,CUST_00563
TICKET_005103,2024-06-03,TOSTAO_06,CUST_00376
TICKET_005104,2024-01-19,TOSTAO_13,CUST_02201
TICKET_005105,2024-01-24,TOSTAO_03,CUST_02129
TICKET_005106,2024-10-11,TOSTAO_04,CUST_01612
TICKET_005107,2024-01-23,TOSTAO_06,CUST_00230
TICKET_005108,2024-01-15,TOSTAO_19,CUST_00623
TICKET_005109,2024-01-04,TOSTAO_10,CUST_00538
TICKET_005110,2024-05-27,TOSTAO_14,CUST_01891
TICKET_005111,2024-03-10,TOSTAO_11,CUST_00880
TICKET_005112,2024-01-22,TOSTAO_03,CUST_01437
TICKET_005113,2024-09-26,TOSTAO_15,CUST_02418
TICKET_005114,2024-11-18,TOSTAO_02,CUST_01484
TICKET_005115,2024-06-20,TOSTAO_13,CUST_00407
TICKET_005116,2024-11-20,TOSTAO_16,CUST_00187
TICKET_005117,2024-10-06,TOSTAO_13,CUST_01188
TICKET_005118,2024-07-03,TOSTAO_12,CUST_01988
TICKET_005119,2024-02-15,TOSTAO_06,CUST_01700
TICKET_005120,2024-12-28,TOSTAO_10,CUST_02357
TICKET_005121,2024-03-12,TOSTAO_14,CUST_00134
TICKET_005122,2024-04-22,TOSTAO_17,CUST_00866
TICKET_005123,2024-09-03,TOSTAO_14,CUST_02405
TICKET_005124,2024-05-18,TOSTAO_10,CUST_01721
TICKET_005125,2024-07-19,TOSTAO_20,CUST_02014
TICKET_005126,2024-06-02,TOSTAO_16,CUST_01364
TICKET_005127,2024-04-03,TOSTAO_05,CUST_02129
TICKET_005128,2024-05-07,TOSTAO_06,CUST_00867
TICKET_005129,2024-11-12,TOSTAO_04,CUST_01824
TICKET_005130,2024-10-08,TOSTAO_12,CUST_01399
TICKET_005131,2024-04-19,TOSTAO_01,CUST_00412
TICKET_005132,2024-10-08,TOSTAO_05,CUST_00908
TICKET_005133,2024-04-20,TOSTAO_08,CUST_01815
TICKET_005134,2024-06-30,TOSTAO_01,CUST_01392
TICKET_005135,2024-07-23,TOSTAO_14,CUST_02409
TICKET_005136,2024-09-03,TOSTAO_12,CUST_00447
TICKET_005137,2024-01-22,TOSTAO_01,CUST_01164
TICKET_005138,2024-12-22,TOSTAO_05,CUST_02421
TICKET_005139,2024-07-09,TOSTAO_08,CUST_01267
TICKET_005140,2024-03-21,TOSTAO_02,CUST_01388
TICKET_005141,2024-11-16,TOSTAO_02,CUST_01904
TICKET_005142,2024-11-13,TOSTAO_17,CUST_02456
TICKET_005143,2024-10-11,TOSTAO_14,CUST_01702
TICKET_005144,2024-01-15,TOSTAO_11,CUST_01663
TICKET_005145,2024-03-08,TOSTAO_06,CUST_00547
TICKET_005146,2024-06-30,TOSTAO_07,CUST_02264
TICKET_005147,2024-09-03,TOSTAO_11,CUST_00334
TICKET_005148,2024-08-03,TOSTAO_17,CUST_01279
TICKET_005149,2024-01-06,TOSTAO_17,CUST_01537
TICKET_005150,2024-06-22,TOSTAO_12,CUST_00555
TICKET_005151,2024-08-08,TOSTAO_16,CUST_00434
TICKET_005152,2024-05-19,TOSTAO_12,CUST_00628
TICKET_005153,2024-04-14,TOSTAO_04,CUST_02086
TICKET_005154,2024-04-13,TOSTAO_19,CUST_01632
TICKET_005155,2024-10-09,TOSTAO_04,CUST_00471
TICKET_005156,2024-03-18,TOSTAO_07,CUST_01198
TICKET_005157,2024-07-22,TOSTAO_07,CUST_00074
TICKET_005158,2024-02-05,TOSTAO_10,CUST_02213
TICKET_005159,2024-02-06,TOSTAO_08,CUST_01045
TICKET_005160,2024-11-20,TOSTAO_13,CUST_01191
TICKET_005161,2024-06-12,TOSTAO_02,CUST_00255
TICKET_005162,2024-01-31,TOSTAO_14,CUST_02307
TICKET_005163,2024-08-28,TOSTAO_18,CUST_00210
TICKET_005164,2024-12-02,TOSTAO_09,CUST_00675
TICKET_005165,2024-01-06,TOSTAO_07,CUST_01293
TICKET_005166,2024-04-13,TOSTAO_17,CUST_00201
TICKET_005167,2024-10-31,TOSTAO_18,CUST_00883
TICKET_005168,2024-01-13,TOSTAO_15,CUST_01541
TICKET_005169,2024-08-08,TOSTAO_09,CUST_01542
TICKET_005170,2024-07-04,TOSTAO_20,CUST_02357
TICKET_005171,2024-09-06,TOSTAO_07,CUST_02093
TICKET_005172,2024-09-24,TOSTAO_10,CUST_01249
TICKET_005173,2024-07-29,TOSTAO_05,CUST_01897
TICKET_005174,2024-12-16,TOSTAO_20,CUST_01293
TICKET_005175,2024-03-03,TOSTAO_04,CUST_02313
TICKET_005176,2024-10-29,TOSTAO_14,CUST_02379
TICKET_005177,2024-06-22,TOSTAO_13,CUST_01550
TICKET_005178,2024-12-11,TOSTAO_12,CUST_01788
TICKET_005179,2024-06-24,TOSTAO_19,CUST_01342
TICKET_005180,2024-10-11,TOSTAO_11,CUST_00956
TICKET_005181,2024-03-14,TOSTAO_10,CUST_00673
TICKET_005182,2024-01-03,TOSTAO_18,CUST_00280
TICKET_005183,2024-09-29,TOSTAO_06,CUST_01623
TICKET_005184,2024-03-23,TOSTAO_11,CUST_00648
TICKET_005185,2024-11-14,TOSTAO_17,CUST_00115
TICKET_005186,2024-06-02,TOSTAO_17,CUST_02496
TICKET_005187,2024-03-23,TOSTAO_03,CUST_02174
TICKET_005188,2024-04-14,TOSTAO_01,CUST_00751
TICKET_005189,2024-01-12,TOSTAO_03,CUST_01985
TICKET_005190,2024-10-20,TOSTAO_11,CUST_01482
TICKET_005191,2024-11-28,TOSTAO_14,CUST_02013
TICKET_005192,2024-09-07,TOSTAO_02,CUST_01872
TICKET_005193,2024-02-19,TOSTAO_14,CUST_00792
TICKET_005194,2024-06-11,TOSTAO_10,CUST_01602
TICKET_005195,2024-06-13,TOSTAO_04,CUST_01740
TICKET_005196,2024-12-29,TOSTAO_14,CUST_00369
TICKET_005197,2024-12-09,TOSTAO_07,CUST_01255
TICKET_005198,2024-02-20,TOSTAO_18,CUST_00536
TICKET_005199,2024-05-28,TOSTAO_18,CUST_00736
TICKET_005200,2024-07-01,TOSTAO_06,CUST_00650
TICKET_005201,2024-05-28,TOSTAO_07,CUST_01754
TICKET_005202,2024-07-28,TOSTAO_12,CUST_02407
TICKET_005203,2024-05-30,TOSTAO_02,CUST_02159
TICKET_005204,2024-12-16,TOSTAO_16,CUST_00408
TICKET_005205,2024-07-23,TOSTAO_06,CUST_01134
TICKET_005206,2024-04-07,TOSTAO_17,CUST_00588
TICKET_005207,2024-09-23,TOSTAO_01,CUST_01685
TICKET_005208,2024-02-27,TOSTAO_08,CUST_00794
TICKET_005209,2024-12-17,TOSTAO_08,CUST_00736
TICKET_005210,2024-08-16,TOSTAO_13,CUST_00108
TICKET_005211,2024-06-23,TOSTAO_16,CUST_00509
TICKET_005212,2024-10-23,TOSTAO_04,CUST_01468
TICKET_005213,2024-11-25,TOSTAO_13,CUST_02397
TICKET_005214,2024-09-05,TOSTAO_03,CUST_02496
TICKET_005215,2024-05-01,TOSTAO_19,CUST_00905
TICKET_005216,2024-04-16,TOSTAO_12,CUST_00294
TICKET_005217,2024-08-26,TOSTAO_15,CUST_02368
TICKET_005218,2024-03-09,TOSTAO_18,CUST_02231
TICKET_005219,2024-09-15,TOSTAO_04,CUST_01354
TICKET_005220,2024-07-06,TOSTAO_18,CUST_01922
TICKET_005221,2024-08-24,TOSTAO_08,CUST_00912
TICKET_005222,2024-11-05,TOSTAO_12,CUST_01942
TICKET_005223,2024-06-10,TOSTAO_07,CUST_02458
TICKET_005224,2024-12-07,TOSTAO_10,CUST_02445
TICKET_005225,2024-07-09,TOSTAO_17,CUST_00644
TICKET_005226,2024-12-05,TOSTAO_16,CUST_02037
TICKET_005227,2024-07-26,TOSTAO_17,CUST_01908
TICKET_005228,2024-10-30,TOSTAO_07,CUST_02063
TICKET_005229,2024-06-17,TOSTAO_19,CUST_01165
TICKET_005230,2024-07-26,TOSTAO_14,CUST_01412
TICKET_005231,2024-04-15,TOSTAO_02,CUST_01929
TICKET_005232,2024-05-18,TOSTAO_06,CUST_00255
TICKET_005233,2024-09-25,TOSTAO_01,CUST_01839
TICKET_005234,2024-04-05,TOSTAO_20,CUST_01803
TICKET_005235,2024-07-20,TOSTAO_02,CUST_00771
TICKET_005236,2024-12-15,TOSTAO_20,CUST_01355
TICKET_005237,2024-10-25,TOSTAO_20,CUST_01556
TICKET_005238,2024-05-31,TOSTAO_12,CUST_00514
TICKET_005239,2024-06-21,TOSTAO_19,CUST_01820
TICKET_005240,2024-09-03,TOSTAO_20,CUST_01592
TICKET_005241,2024-12-26,TOSTAO_20,CUST_00177
TICKET_005242,2024-02-24,TOSTAO_02,CUST_00632
TICKET_005243,2024-06-22,TOSTAO_06,CUST_00543
TICKET_005244,2024-12-04,TOSTAO_08,CUST_02086
TICKET_005245,2024-03-23,TOSTAO_08,CUST_00476
TICKET_005246,2024-01-26,TOSTAO_02,CUST_01790
TICKET_005247,2024-08-23,TOSTAO_01,CUST_00600
TICKET_005248,2024-10-01,TOSTAO_11,CUST_00585
TICKET_005249,2024-05-20,TOSTAO_11,CUST_00112
TICKET_005250,2024-09-19,TOSTAO_08,CUST_01719
TICKET_005251,2024-12-12,TOSTAO_04,CUST_01428
TICKET_005252,2024-05-18,TOSTAO_04,CUST_00417
TICKET_005253,2024-02-26,TOSTAO_13,CUST_01314
TICKET_005254,2024-01-02,TOSTAO_15,CUST_01399
TICKET_005255,2024-01-06,TOSTAO_14,CUST_00548
TICKET_005256,2024-06-18,TOSTAO_04,CUST_00600
TICKET_005257,2024-02-15,TOSTAO_15,CUST_00607
TICKET_005258,2024-07-17,TOSTAO_14,CUST_00667
TICKET_005259,2024-01-01,TOSTAO_16,CUST_02423
TICKET_005260,2024-03-19,TOSTAO_17,CUST_00001
TICKET_005261,2024-11-02,TOSTAO_19,CUST_01518
TICKET_005262,2024-08-31,TOSTAO_03,CUST_00586
TICKET_005263,2024-11-18,TOSTAO_03,CUST_02325
TICKET_005264,2024-08-19,TOSTAO_10,CUST_00243
TICKET_005265,2024-02-25,TOSTAO_12,CUST_01686
TICKET_005266,2024-08-26,TOSTAO_08,CUST_01575
TICKET_005267,2024-08-08,TOSTAO_01,CUST_00611
TICKET_005268,2024-01-14,TOSTAO_14,CUST_02199
TICKET_005269,2024-04-26,TOSTAO_15,CUST_02265
TICKET_005270,2024-03-09,TOSTAO_05,CUST_01435
TICKET_005271,2024-09-13,TOSTAO_20,CUST_01514
TICKET_005272,2024-07-07,TOSTAO_12,CUST_00554
TICKET_005273,2024-08-05,TOSTAO_04,CUST_00051
TICKET_005274,2024-06-05,TOSTAO_11,CUST_02164
TICKET_005275,2024-11-21,TOSTAO_12,CUST_01699
TICKET_005276,2024-09-25,TOSTAO_08,CUST_02387
TICKET_005277,2024-05-16,TOSTAO_08,CUST_00769
TICKET_005278,2024-01-11,TOSTAO_14,CUST_00282
TICKET_005279,2024-09-26,TOSTAO_07,CUST_00936
TICKET_005280,2024-10-31,TOSTAO_16,CUST_02093
TICKET_005281,2024-07-03,TOSTAO_07,CUST_00665
TICKET_005282,2024-11-20,TOSTAO_03,CUST_02325
TICKET_005283,2024-02-27,TOSTAO_16,CUST_01262
TICKET_005284,2024-11-10,TOSTAO_17,CUST_00939
TICKET_005285,2024-06-02,TOSTAO_14,CUST_01711
TICKET_005286,2024-05-20,TOSTAO_13,CUST_00470
TICKET_005287,2024-05-15,TOSTAO_12,CUST_00788
TICKET_005288,2024-04-09,TOSTAO_16,CUST_01448
TICKET_005289,2024-11-11,TOSTAO_13,CUST_00279
TICKET_005290,2024-02-23,TOSTAO_13,CUST_00910
TICKET_005291,2024-06-15,TOSTAO_15,CUST_01148
TICKET_005292,2024-08-31,TOSTAO_17,CUST_02312
TICKET_005293,2024-02-01,TOSTAO_18,CUST_02422
TICKET_005294,2024-05-28,TOSTAO_18,CUST_00168
TICKET_005295,2024-04-11,TOSTAO_18,CUST_01613
TICKET_005296,2024-07-12,TOSTAO_03,CUST_01044
TICKET_005297,2024-09-02,TOSTAO_03,CUST_00472
TICKET_005298,2024-05-09,TOSTAO_01,CUST_00506
TICKET_005299,2024-01-21,TOSTAO_16,CUST_02012
TICKET_005300,2024-02-11,TOSTAO_05,CUST_00737
TICKET_005301,2024-05-17,TOSTAO_17,CUST_01180
TICKET_005302,2024-07-03,TOSTAO_07,CUST_01383
TICKET_005303,2024-08-23,TOSTAO_06,CUST_00877
TICKET_005304,2024-10-05,TOSTAO_15,CUST_01732
TICKET_005305,2024-05-28,TOSTAO_11,CUST_02026
TICKET_005306,2024-01-01,TOSTAO_19,CUST_01679
TICKET_005307,2024-08-31,TOSTAO_04,CUST_00725
TICKET_005308,2024-06-27,TOSTAO_08,CUST_00727
TICKET_005309,2024-09-19,TOSTAO_20,CUST_01981
TICKET_005310,2024-10-06,TOSTAO_06,CUST_02218
TICKET_005311,2024-07-12,TOSTAO_13,CUST_01836
TICKET_005312,2024-01-27,TOSTAO_07,CUST_01425
TICKET_005313,2024-10-11,TOSTAO_04,CUST_00386
TICKET_005314,2024-08-02,TOSTAO_02,CUST_00880
TICKET_005315,2024-09-14,TOSTAO_19,CUST_01607
TICKET_005316,2024-04-16,TOSTAO_10,CUST_01259
TICKET_005317,2024-09-13,TOSTAO_09,CUST_02473
TICKET_005318,2024-01-14,TOSTAO_03,CUST_00746
TICKET_005319,2024-01-30,TOSTAO_15,CUST_02469
TICKET_005320,2024-06-06,TOSTAO_13,CUST_00234
TICKET_005321,2024-06-05,TOSTAO_10,CUST_00376
TICKET_005322,2024-08-04,TOSTAO_06,CUST_01493
TICKET_005323,2024-09-07,TOSTAO_19,CUST_01689
TICKET_005324,2024-06-12,TOSTAO_17,CUST_02181
TICKET_005325,2024-04-15,TOSTAO_09,CUST_01532
TICKET_005326,2024-05-12,TOSTAO_11,CUST_02167
TICKET_005327,2024-06-29,TOSTAO_03,CUST_02359
TICKET_005328,2024-12-10,TOSTAO_04,CUST_02111
TICKET_005329,2024-01-19,TOSTAO_13,CUST_01624
TICKET_005330,2024-09-27,TOSTAO_04,CUST_00652
TICKET_005331,2024-02-27,TOSTAO_01,CUST_02455
TICKET_005332,2024-09-06,TOSTAO_12,CUST_02036
TICKET_005333,2024-10-14,TOSTAO_12,CUST_01424
TICKET_005334,2024-12-06,TOSTAO_02,CUST_01362
TICKET_005335,2024-07-22,TOSTAO_01,CUST_01538
TICKET_005336,2024-05-04,TOSTAO_18,CUST_00852
TICKET_005337,2024-06-22,TOSTAO_07,CUST_02485
TICKET_005338,2024-01-20,TOSTAO_20,CUST_02302
TICKET_005339,2024-08-07,TOSTAO_18,CUST_02385
TICKET_005340,2024-07-08,TOSTAO_15,CUST_01666
TICKET_005341,2024-03-08,TOSTAO_16,CUST_01806
TICKET_005342,2024-07-28,TOSTAO_17,CUST_00655
TICKET_005343,2024-01-05,TOSTAO_12,CUST_01661
TICKET_005344,2024-05-04,TOSTAO_03,CUST_00417
TICKET_005345,2024-10-06,TOSTAO_10,CUST_01852
TICKET_005346,2024-06-16,TOSTAO_19,CUST_01144
TICKET_005347,2024-12-07,TOSTAO_12,CUST_02435
TICKET_005348,2024-09-17,TOSTAO_17,CUST_00585
TICKET_005349,2024-10-04,TOSTAO_20,CUST_02348
TICKET_005350,2024-10-12,TOSTAO_03,CUST_00494
TICKET_005351,2024-12-07,TOSTAO_12,CUST_01657
TICKET_005352,2024-01-17,TOSTAO_11,CUST_00254
TICKET_005353,2024-11-17,TOSTAO_07,CUST_02355
TICKET_005354,2024-04-08,TOSTAO_06,CUST_02283
TICKET_005355,2024-04-29,TOSTAO_01,CUST_02079
TICKET_005356,2024-09-13,TOSTAO_16,CUST_00260
TICKET_005357,2024-06-04,TOSTAO_08,CUST_01986
TICKET_005358,2024-06-12,TOSTAO_02,CUST_00945
TICKET_005359,2024-03-21,TOSTAO_15,CUST_01317
TICKET_005360,2024-06-22,TOSTAO_09,CUST_01028
TICKET_005361,2024-04-07,TOSTAO_19,CUST_00560
TICKET_005362,2024-09-19,TOSTAO_17,CUST_00808
TICKET_005363,2024-10-10,TOSTAO_13,CUST_01724
TICKET_005364,2024-07-19,TOSTAO_11,CUST_01155
TICKET_005365,2024-08-11,TOSTAO_10,CUST_01826
TICKET_005366,2024-04-18,TOSTAO_16,CUST_00745
TICKET_005367,2024-01-14,TOSTAO_08,CUST_01044
TICKET_005368,2024-07-04,TOSTAO_10,CUST_00607
TICKET_005369,2024-11-14,TOSTAO_18,CUST_00326
TICKET_005370,2024-08-29,TOSTAO_19,CUST_01306
TICKET_005371,2024-03-04,TOSTAO_12,CUST_00237
TICKET_005372,2024-05-11,TOSTAO_19,CUST_01497
TICKET_005373,2024-12-04,TOSTAO_07,CUST_01203
TICKET_005374,2024-04-13,TOSTAO_15,CUST_00306
TICKET_005375,2024-06-03,TOSTAO_08,CUST_02313
TICKET_005376,2024-02-22,TOSTAO_18,CUST_01035
TICKET_005377,2024-04-10,TOSTAO_05,CUST_00139
TICKET_005378,2024-05-13,TOSTAO_16,CUST_00757
TICKET_005379,2024-07-26,TOSTAO_10,CUST_00035
TICKET_005380,2024-04-29,TOSTAO_07,CUST_00383
TICKET_005381,2024-01-27,TOSTAO_07,CUST_01072
TICKET_005382,2024-11-06,TOSTAO_17,CUST_01779
TICKET_005383,2024-03-16,TOSTAO_18,CUST_01257
TICKET_005384,2024-12-14,TOSTAO_01,CUST_02120
TICKET_005385,2024-10-04,TOSTAO_14,CUST_00139
TICKET_005386,2024-01-19,TOSTAO_09,CUST_02455
TICKET_005387,2024-06-03,TOSTAO_14,CUST_01934
TICKET_005388,2024-11-27,TOSTAO_20,CUST_00911
TICKET_005389,2024-06-06,TOSTAO_03,CUST_00605
TICKET_005390,2024-02-16,TOSTAO_02,CUST_02136
TICKET_005391,2024-04-09,TOSTAO_08,CUST_00731
TICKET_005392,2024-01-16,TOSTAO_15,CUST_00899
TICKET_005393,2024-04-27,TOSTAO_04,CUST_00007
TICKET_005394,2024-09-02,TOSTAO_09,CUST_00330
TICKET_005395,2024-12-15,TOSTAO_08,CUST_00717
TICKET_005396,2024-05-08,TOSTAO_14,CUST_01847
TICKET_005397,2024-09-04,TOSTAO_20,CUST_00288
TICKET_005398,2024-05-10,TOSTAO_06,CUST_00013
TICKET_005399,2024-02-01,TOSTAO_20,CUST_02474
TICKET_005400,2024-12-06,TOSTAO_17,CUST_00166
TICKET_005401,2024-02-21,TOSTAO_11,CUST_01349
TICKET_005402,2024-03-17,TOSTAO_11,CUST_01229
TICKET_005403,2024-11-28,TOSTAO_11,CUST_02264
TICKET_005404,2024-04-14,TOSTAO_11,CUST_00349
TICKET_005405,2024-05-17,TOSTAO_14,CUST_00785
TICKET_005406,2024-05-18,TOSTAO_12,CUST_01969
TICKET_005407,2024-10-08,TOSTAO_01,CUST_01895
TICKET_005408,2024-09-16,TOSTAO_12,CUST_01103
TICKET_005409,2024-07-31,TOSTAO_11,CUST_00077
TICKET_005410,2024-07-08,TOSTAO_05,CUST_02192
TICKET_005411,2024-02-07,TOSTAO_07,CUST_02395
TICKET_005412,2024-08-12,TOSTAO_07,CUST_00205
TICKET_005413,2024-10-21,TOSTAO_16,CUST_00285
TICKET_005414,2024-08-02,TOSTAO_04,CUST_02269
TICKET_005415,2024-04-14,TOSTAO_15,CUST_00801
TICKET_005416,2024-11-02,TOSTAO_15,CUST_01347
TICKET_005417,2024-02-12,TOSTAO_16,CUST_00023
TICKET_005418,2024-01-25,TOSTAO_07,CUST_01197
TICKET_005419,2024-11-28,TOSTAO_09,CUST_01366
TICKET_005420,2024-03-25,TOSTAO_01,CUST_00532
TICKET_005421,2024-03-26,TOSTAO_06,CUST_01171
TICKET_005422,2024-07-06,TOSTAO_14,CUST_00149
TICKET_005423,2024-08-14,TOSTAO_03,CUST_02314
TICKET_005424,2024-03-11,TOSTAO_03,CUST_01324
TICKET_005425,2024-07-10,TOSTAO_07,CUST_00193
TICKET_005426,2024-10-13,TOSTAO_14,CUST_02295
TICKET_005427,2024-02-28,TOSTAO_08,CUST_01345
TICKET_005428,2024-04-03,TOSTAO_08,CUST_01087
TICKET_005429,2024-07-25,TOSTAO_02,CUST_00161
TICKET_005430,2024-11-20,TOSTAO_03,CUST_01411
TICKET_005431,2024-03-27,TOSTAO_10,CUST_01436
TICKET_005432,2024-07-02,TOSTAO_03,CUST_01358
TICKET_005433,2024-07-21,TOSTAO_17,CUST_00438
TICKET_005434,2024-05-30,TOSTAO_01,CUST_00631
TICKET_005435,2024-08-13,TOSTAO_02,CUST_01827
TICKET_005436,2024-07-05,TOSTAO_08,CUST_02323
TICKET_005437,2024-10-11,TOSTAO_09,CUST_01014
TICKET_005438,2024-08-06,TOSTAO_18,CUST_02405
TICKET_005439,2024-04-03,TOSTAO_18,CUST_00028
TICKET_005440,2024-04-27,TOSTAO_17,CUST_01826
TICKET_005441,2024-12-23,TOSTAO_20,CUST_01363
TICKET_005442,2024-07-04,TOSTAO_13,CUST_01568
TICKET_005443,2024-05-26,TOSTAO_03,CUST_00822
TICKET_005444,2024-05-11,TOSTAO_15,CUST_01435
TICKET_005445,2024-02-03,TOSTAO_04,CUST_00298
TICKET_005446,2024-07-25,TOSTAO_03,CUST_01909
TICKET_005447,2024-08-05,TOSTAO_10,CUST_00361
TICKET_005448,2024-10-23,TOSTAO_06,CUST_00261
TICKET_005449,2024-11-10,TOSTAO_16,CUST_02077
TICKET_005450,2024-04-10,TOSTAO_06,CUST_00616
TICKET_005451,2024-03-09,TOSTAO_11,CUST_00237
TICKET_005452,2024-11-24,TOSTAO_09,CUST_01169
TICKET_005453,2024-06-15,TOSTAO_11,CUST_01199
TICKET_005454,2024-09-14,TOSTAO_18,CUST_01343
TICKET_005455,2024-06-15,TOSTAO_20,CUST_01679
TICKET_005456,2024-06-16,TOSTAO_08,CUST_01893
TICKET_005457,2024-01-05,TOSTAO_09,CUST_01901
TICKET_005458,2024-11-12,TOSTAO_10,CUST_01770
TICKET_005459,2024-04-03,TOSTAO_06,CUST_00813
TICKET_005460,2024-03-04,TOSTAO_19,CUST_02249
TICKET_005461,2024-06-08,TOSTAO_03,CUST_01881
TICKET_005462,2024-02-18,TOSTAO_02,CUST_01331
TICKET_005463,2024-05-24,TOSTAO_20,CUST_02104
TICKET_005464,2024-10-04,TOSTAO_15,CUST_01579
TICKET_005465,2024-04-15,TOSTAO_08,CUST_00081
TICKET_005466,2024-01-23,TOSTAO_17,CUST_00724
TICKET_005467,2024-11-26,TOSTAO_03,CUST_00820
TICKET_005468,2024-03-30,TOSTAO_06,CUST_01656
TICKET_005469,2024-11-30,TOSTAO_17,CUST_02306
TICKET_005470,2024-04-14,TOSTAO_02,CUST_01967
TICKET_005471,2024-03-04,TOSTAO_19,CUST_01890
TICKET_005472,2024-10-24,TOSTAO_19,CUST_01662
TICKET_005473,2024-07-18,TOSTAO_10,CUST_01430
TICKET_005474,2024-08-19,TOSTAO_05,CUST_00301
TICKET_005475,2024-03-27,TOSTAO_07,CUST_01550
TICKET_005476,2024-04-21,TOSTAO_04,CUST_01241
TICKET_005477,2024-04-20,TOSTAO_15,CUST_01951
TICKET_005478,2024-02-03,TOSTAO_16,CUST_00568
TICKET_005479,2024-04-19,TOSTAO_14,CUST_01106
TICKET_005480,2024-02-11,TOSTAO_18,CUST_00639
TICKET_005481,2024-12-27,TOSTAO_17,CUST_00283
TICKET_005482,2024-06-14,TOSTAO_13,CUST_01858
TICKET_005483,2024-07-06,TOSTAO_17,CUST_00557
TICKET_005484,2024-10-11,TOSTAO_04,CUST_00124
TICKET_005485,2024-02-19,TOSTAO_18,CUST_00725
TICKET_005486,2024-06-11,TOSTAO_03,CUST_00518
TICKET_005487,2024-03-03,TOSTAO_03,CUST_00869
TICKET_005488,2024-04-28,TOSTAO_10,CUST_01760
TICKET_005489,2024-08-27,TOSTAO_08,CUST_02006
TICKET_005490,2024-07-03,TOSTAO_04,CUST_02413
TICKET_005491,2024-06-23,TOSTAO_07,CUST_01227
TICKET_005492,2024-09-11,TOSTAO_07,CUST_00199
TICKET_005493,2024-04-27,TOSTAO_20,CUST_02071
TICKET_005494,2024-07-17,TOSTAO_12,CUST_01259
TICKET_005495,2024-08-31,TOSTAO_02,CUST_02359
TICKET_005496,2024-05-10,TOSTAO_09,CUST_00904
TICKET_005497,2024-10-16,TOSTAO_17,CUST_01113
TICKET_005498,2024-03-03,TOSTAO_04,CUST_00531
TICKET_005499,2024-08-25,TOSTAO_04,CUST_00847
TICKET_005500,2024-08-27,TOSTAO_20,CUST_00265
TICKET_005501,2024-07-09,TOSTAO_03,CUST_02451
TICKET_005502,2024-02-02,TOSTAO_08,CUST_01195
TICKET_005503,2024-09-29,TOSTAO_11,CUST_00450
TICKET_005504,2024-09-29,TOSTAO_02,CUST_01251
TICKET_005505,2024-07-13,TOSTAO_19,CUST_01197
TICKET_005506,2024-02-20,TOSTAO_06,CUST_01879
TICKET_005507,2024-11-10,TOSTAO_08,CUST_01667
TICKET_005508,2024-07-09,TOSTAO_19,CUST_01754
TICKET_005509,2024-12-06,TOSTAO_08,CUST_01389
TICKET_005510,2024-09-19,TOSTAO_02,CUST_02218
TICKET_005511,2024-06-15,TOSTAO_14,CUST_00284
TICKET_005512,2024-07-03,TOSTAO_03,CUST_01076
TICKET_005513,2024-01-16,TOSTAO_11,CUST_00889
TICKET_005514,2024-06-21,TOSTAO_12,CUST_00413
TICKET_005515,2024-10-29,TOSTAO_07,CUST_02378
TICKET_005516,2024-05-17,TOSTAO_03,CUST_02114
TICKET_005517,2024-04-24,TOSTAO_09,CUST_02255
TICKET_005518,2024-01-09,TOSTAO_08,CUST_00401
TICKET_005519,2024-01-27,TOSTAO_02,CUST_01506
TICKET_005520,2024-05-22,TOSTAO_15,CUST_00064
TICKET_005521,2024-01-01,TOSTAO_10,CUST_00868
TICKET_005522,2024-07-22,TOSTAO_07,CUST_00817
TICKET_005523,2024-12-06,TOSTAO_01,CUST_00267
TICKET_005524,2024-02-10,TOSTAO_11,CUST_00945
TICKET_005525,2024-07-04,TOSTAO_15,CUST_00757
TICKET_005526,2024-10-06,TOSTAO_03,CUST_01122
TICKET_005527,2024-07-21,TOSTAO_07,CUST_00837
TICKET_005528,2024-09-08,TOSTAO_09,CUST_01847
TICKET_005529,2024-01-18,TOSTAO_16,CUST_00636
TICKET_005530,2024-12-30,TOSTAO_08,CUST_02119
TICKET_005531,2024-08-01,TOSTAO_04,CUST_01063
TICKET_005532,2024-09-24,TOSTAO_03,CUST_01090
TICKET_005533,2024-12-05,TOSTAO_07,CUST_02159
TICKET_005534,2024-08-11,TOSTAO_09,CUST_01170
TICKET_005535,2024-07-02,TOSTAO_12,CUST_02230
TICKET_005536,2024-02-23,TOSTAO_14,CUST_01270
TICKET_005537,2024-09-22,TOSTAO_16,CUST_02306
TICKET_005538,2024-08-06,TOSTAO_19,CUST_00371
TICKET_005539,2024-01-10,TOSTAO_16,CUST_00817
TICKET_005540,2024-01-17,TOSTAO_15,CUST_01975
TICKET_005541,2024-03-20,TOSTAO_14,CUST_01770
TICKET_005542,2024-07-28,TOSTAO_11,CUST_00315
TICKET_005543,2024-03-02,TOSTAO_05,CUST_02378
TICKET_005544,2024-08-19,TOSTAO_08,CUST_01966
TICKET_005545,2024-07-19,TOSTAO_14,CUST_01231
TICKET_005546,2024-03-02,TOSTAO_19,CUST_01341
TICKET_005547,2024-01-30,TOSTAO_01,CUST_01712
TICKET_005548,2024-06-12,TOSTAO_13,CUST_01883
TICKET_005549,2024-11-05,TOSTAO_19,CUST_00219
TICKET_005550,2024-10-07,TOSTAO_06,CUST_00035
TICKET_005551,2024-03-21,TOSTAO_07,CUST_02093
TICKET_005552,2024-11-21,TOSTAO_03,CUST_00623
TICKET_005553,2024-04-25,TOSTAO_13,CUST_01749
TICKET_005554,2024-12-16,TOSTAO_03,CUST_01952
TICKET_005555,2024-07-03,TOSTAO_10,CUST_01253
TICKET_005556,2024-09-29,TOSTAO_15,CUST_01054
TICKET_005557,2024-05-21,TOSTAO_15,CUST_00187
TICKET_005558,2024-02-27,TOSTAO_12,CUST_00871
TICKET_005559,2024-02-11,TOSTAO_05,CUST_01253
TICKET_005560,2024-04-23,TOSTAO_20,CUST_00294
TICKET_005561,2024-01-01,TOSTAO_13,CUST_01771
TICKET_005562,2024-02-01,TOSTAO_09,CUST_00351
TICKET_005563,2024-10-13,TOSTAO_04,CUST_01055
TICKET_005564,2024-08-16,TOSTAO_11,CUST_00361
TICKET_005565,2024-05-23,TOSTAO_01,CUST_00729
TICKET_005566,2024-08-06,TOSTAO_13,CUST_01382
TICKET_005567,2024-03-05,TOSTAO_04,CUST_02002
TICKET_005568,2024-03-26,TOSTAO_08,CUST_01789
TICKET_005569,2024-09-13,TOSTAO_19,CUST_01196
TICKET_005570,2024-11-10,TOSTAO_03,CUST_00618
TICKET_005571,2024-02-04,TOSTAO_12,CUST_00365
TICKET_005572,2024-12-14,TOSTAO_15,CUST_00985
TICKET_005573,2024-01-11,TOSTAO_07,CUST_02245
TICKET_005574,2024-05-27,TOSTAO_05,CUST_01458
TICKET_005575,2024-01-01,TOSTAO_05,CUST_00945
TICKET_005576,2024-07-06,TOSTAO_17,CUST_00090
TICKET_005577,2024-06-25,TOSTAO_12,CUST_02181
TICKET_005578,2024-10-28,TOSTAO_17,CUST_01206
TICKET_005579,2024-03-11,TOSTAO_05,CUST_01777
TICKET_005580,2024-04-17,TOSTAO_02,CUST_02014
TICKET_005581,2024-03-18,TOSTAO_03,CUST_00677
TICKET_005582,2024-01-01,TOSTAO_14,CUST_00939
TICKET_005583,2024-01-05,TOSTAO_12,CUST_00066
TICKET_005584,2024-03-06,TOSTAO_05,CUST_00762
TICKET_005585,2024-05-08,TOSTAO_06,CUST_01657
TICKET_005586,2024-09-27,TOSTAO_08,CUST_02155
TICKET_005587,2024-12-07,TOSTAO_06,CUST_00684
TICKET_005588,2024-09-13,TOSTAO_19,CUST_01475
TICKET_005589,2024-05-22,TOSTAO_16,CUST_01327
TICKET_005590,2024-12-12,TOSTAO_06,CUST_00967
TICKET_005591,2024-08-27,TOSTAO_20,CUST_01743
TICKET_005592,2024-11-21,TOSTAO_16,CUST_00970
TICKET_005593,2024-01-21,TOSTAO_17,CUST_01075
TICKET_005594,2024-06-14,TOSTAO_16,CUST_01581
TICKET_005595,2024-01-26,TOSTAO_11,CUST_00960
TICKET_005596,2024-09-06,TOSTAO_20,CUST_00969
TICKET_005597,2024-08-24,TOSTAO_16,CUST_00489
TICKET_005598,2024-03-28,TOSTAO_13,CUST_00004
TICKET_005599,2024-02-13,TOSTAO_12,CUST_00919
TICKET_005600,2024-04-28,TOSTAO_11,CUST_00242
TICKET_005601,2024-08-16,TOSTAO_20,CUST_00963
TICKET_005602,2024-01-03,TOSTAO_06,CUST_00990
TICKET_005603,2024-12-19,TOSTAO_18,CUST_00235
TICKET_005604,2024-10-21,TOSTAO_20,CUST_00808
TICKET_005605,2024-07-27,TOSTAO_17,CUST_01889
TICKET_005606,2024-04-27,TOSTAO_19,CUST_00266
TICKET_005607,2024-09-11,TOSTAO_09,CUST_01954
TICKET_005608,2024-11-28,TOSTAO_19,CUST_00370
TICKET_005609,2024-09-10,TOSTAO_13,CUST_00756
TICKET_005610,2024-06-28,TOSTAO_01,CUST_01939
TICKET_005611,2024-04-01,TOSTAO_06,CUST_00232
TICKET_005612,2024-07-18,TOSTAO_20,CUST_00898
TICKET_005613,2024-12-27,TOSTAO_18,CUST_01360
TICKET_005614,2024-03-15,TOSTAO_02,CUST_00256
TICKET_005615,2024-03-08,TOSTAO_01,CUST_00407
TICKET_005616,2024-02-14,TOSTAO_15,CUST_01997
TICKET_005617,2024-06-22,TOSTAO_05,CUST_02493
TICKET_005618,2024-03-07,TOSTAO_09,CUST_00162
TICKET_005619,2024-02-03,TOSTAO_15,CUST_00811
TICKET_005620,2024-07-23,TOSTAO_13,CUST_00348
TICKET_005621,2024-01-31,TOSTAO_10,CUST_02352
TICKET_005622,2024-07-08,TOSTAO_13,CUST_01400
TICKET_005623,2024-05-11,TOSTAO_15,CUST_00655
TICKET_005624,2024-11-08,TOSTAO_07,CUST_01053
TICKET_005625,2024-07-17,TOSTAO_12,CUST_01446
TICKET_005626,2024-05-05,TOSTAO_10,CUST_01709
TICKET_005627,2024-10-19,TOSTAO_05,CUST_02064
TICKET_005628,2024-04-23,TOSTAO_16,CUST_00923
TICKET_005629,2024-03-26,TOSTAO_16,CUST_01767
TICKET_005630,2024-07-17,TOSTAO_07,CUST_01518
TICKET_005631,2024-06-19,TOSTAO_19,CUST_00855
TICKET_005632,2024-04-29,TOSTAO_10,CUST_00418
TICKET_005633,2024-08-15,TOSTAO_18,CUST_01301
TICKET_005634,2024-07-19,TOSTAO_17,CUST_00192
TICKET_005635,2024-08-25,TOSTAO_18,CUST_02068
TICKET_005636,2024-07-28,TOSTAO_08,CUST_02425
TICKET_005637,2024-03-10,TOSTAO_06,CUST_00644
TICKET_005638,2024-10-18,TOSTAO_10,CUST_00061
TICKET_005639,2024-05-07,TOSTAO_12,CUST_01350
TICKET_005640,2024-11-25,TOSTAO_08,CUST_00523
TICKET_005641,2024-04-29,TOSTAO_08,CUST_01772
TICKET_005642,2024-09-07,TOSTAO_10,CUST_01563
TICKET_005643,2024-11-11,TOSTAO_03,CUST_01710
TICKET_005644,2024-02-03,TOSTAO_17,CUST_02355
TICKET_005645,2024-01-28,TOSTAO_03,CUST_00612
TICKET_005646,2024-11-18,TOSTAO_13,CUST_01800
TICKET_005647,2024-08-19,TOSTAO_20,CUST_01454
TICKET_005648,2024-09-25,TOSTAO_20,CUST_02450
TICKET_005649,2024-10-10,TOSTAO_10,CUST_01995
TICKET_005650,2024-04-19,TOSTAO_13,CUST_00811
TICKET_005651,2024-05-21,TOSTAO_10,CUST_02265
TICKET_005652,2024-04-11,TOSTAO_10,CUST_00761
TICKET_005653,2024-02-06,TOSTAO_05,CUST_01498
TICKET_005654,2024-08-24,TOSTAO_15,CUST_00512
TICKET_005655,2024-12-10,TOSTAO_16,CUST_01931
TICKET_005656,2024-08-14,TOSTAO_10,CUST_00093
TICKET_005657,2024-10-19,TOSTAO_03,CUST_01952
TICKET_005658,2024-12-03,TOSTAO_07,CUST_01847
TICKET_005659,2024-08-28,TOSTAO_10,CUST_02068
TICKET_005660,2024-10-10,TOSTAO_12,CUST_00003
TICKET_005661,2024-08-25,TOSTAO_19,CUST_01986
TICKET_005662,2024-11-16,TOSTAO_20,CUST_01222
TICKET_005663,2024-10-25,TOSTAO_12,CUST_01534
TICKET_005664,2024-12-01,TOSTAO_04,CUST_00144
TICKET_005665,2024-07-04,TOSTAO_05,CUST_00151
TICKET_005666,2024-02-09,TOSTAO_13,CUST_01396
TICKET_005667,2024-07-23,TOSTAO_20,CUST_02183
TICKET_005668,2024-03-07,TOSTAO_03,CUST_01912
TICKET_005669,2024-09-24,TOSTAO_03,CUST_01461
TICKET_005670,2024-06-23,TOSTAO_08,CUST_00934
TICKET_005671,2024-12-18,TOSTAO_01,CUST_00624
TICKET_005672,2024-03-04,TOSTAO_10,CUST_01920
TICKET_005673,2024-02-29,TOSTAO_12,CUST_00089
TICKET_005674,2024-07-01,TOSTAO_11,CUST_00763
TICKET_005675,2024-10-03,TOSTAO_04,CUST_02296
TICKET_005676,2024-12-09,TOSTAO_10,CUST_00319
TICKET_005677,2024-01-15,TOSTAO_10,CUST_00245
TICKET_005678,2024-11-06,TOSTAO_12,CUST_02162
TICKET_005679,2024-01-09,TOSTAO_18,CUST_01572
TICKET_005680,2024-12-21,TOSTAO_17,CUST_00889
TICKET_005681,2024-10-27,TOSTAO_19,CUST_01078
TICKET_005682,2024-08-08,TOSTAO_02,CUST_01367
TICKET_005683,2024-05-13,TOSTAO_14,CUST_02425
TICKET_005684,2024-06-27,TOSTAO_09,CUST_00166
TICKET_005685,2024-06-14,TOSTAO_13,CUST_00649
TICKET_005686,2024-03-07,TOSTAO_15,CUST_01083
TICKET_005687,2024-05-15,TOSTAO_06,CUST_01818
TICKET_005688,2024-12-01,TOSTAO_01,CUST_00171
TICKET_005689,2024-08-13,TOSTAO_12,CUST_00655
TICKET_005690,2024-08-06,TOSTAO_13,CUST_02136
TICKET_005691,2024-03-14,TOSTAO_08,CUST_00223
TICKET_005692,2024-09-19,TOSTAO_10,CUST_02384
TICKET_005693,2024-10-22,TOSTAO_17,CUST_01665
TICKET_005694,2024-04-24,TOSTAO_09,CUST_01881
TICKET_005695,2024-06-06,TOSTAO_01,CUST_01230
TICKET_005696,2024-10-27,TOSTAO_07,CUST_01015
TICKET_005697,2024-02-22,TOSTAO_08,CUST_02379
TICKET_005698,2024-04-01,TOSTAO_06,CUST_01745
TICKET_005699,2024-10-21,TOSTAO_16,CUST_00433
TICKET_005700,2024-08-01,TOSTAO_19,CUST_01042
TICKET_005701,2024-06-16,TOSTAO_01,CUST_01407
TICKET_005702,2024-09-05,TOSTAO_11,CUST_01203
TICKET_005703,2024-09-22,TOSTAO_03,CUST_01630
TICKET_005704,2024-04-08,TOSTAO_19,CUST_00330
TICKET_005705,2024-03-09,TOSTAO_02,CUST_02346
TICKET_005706,2024-11-06,TOSTAO_16,CUST_02230
TICKET_005707,2024-03-17,TOSTAO_17,CUST_00383
TICKET_005708,2024-10-06,TOSTAO_10,CUST_01762
TICKET_005709,2024-05-06,TOSTAO_07,CUST_02259
TICKET_005710,2024-08-21,TOSTAO_04,CUST_01857
TICKET_005711,2024-02-27,TOSTAO_13,CUST_00345
TICKET_005712,2024-04-02,TOSTAO_05,CUST_02071
TICKET_005713,2024-10-22,TOSTAO_11,CUST_01213
TICKET_005714,2024-04-21,TOSTAO_15,CUST_02203
TICKET_005715,2024-09-26,TOSTAO_09,CUST_00899
TICKET_005716,2024-07-17,TOSTAO_09,CUST_01606
TICKET_005717,2024-01-27,TOSTAO_19,CUST_02221
TICKET_005718,2024-02-16,TOSTAO_14,CUST_01319
TICKET_005719,2024-02-13,TOSTAO_05,CUST_00226
TICKET_005720,2024-03-21,TOSTAO_05,CUST_00913
TICKET_005721,2024-03-13,TOSTAO_08,CUST_01888
TICKET_005722,2024-02-12,TOSTAO_05,CUST_00881
TICKET_005723,2024-04-14,TOSTAO_06,CUST_00191
TICKET_005724,2024-10-14,TOSTAO_04,CUST_00071
TICKET_005725,2024-11-03,TOSTAO_13,CUST_02105
TICKET_005726,2024-01-23,TOSTAO_07,CUST_01725
TICKET_005727,2024-06-14,TOSTAO_20,CUST_00564
TICKET_005728,2024-04-13,TOSTAO_08,CUST_01206
TICKET_005729,2024-08-01,TOSTAO_02,CUST_00557
TICKET_005730,2024-02-17,TOSTAO_10,CUST_00463
TICKET_005731,2024-03-16,TOSTAO_01,CUST_01657
TICKET_005732,2024-10-26,TOSTAO_10,CUST_00753
TICKET_005733,2024-11-20,TOSTAO_09,CUST_00905
TICKET_005734,2024-03-21,TOSTAO_05,CUST_00660
TICKET_005735,2024-03-27,TOSTAO_05,CUST_02271
TICKET_005736,2024-08-26,TOSTAO_06,CUST_01371
TICKET_005737,2024-12-30,TOSTAO_15,CUST_01461
TICKET_005738,2024-02-29,TOSTAO_05,CUST_01544
TICKET_005739,2024-08-27,TOSTAO_09,CUST_00225
TICKET_005740,2024-06-24,TOSTAO_14,CUST_01808
TICKET_005741,2024-05-11,TOSTAO_03,CUST_00458
TICKET_005742,2024-11-08,TOSTAO_14,CUST_02219
TICKET_005743,2024-04-08,TOSTAO_12,CUST_02295
TICKET_005744,2024-06-10,TOSTAO_07,CUST_02285
TICKET_005745,2024-06-22,TOSTAO_04,CUST_00172
TICKET_005746,2024-01-05,TOSTAO_05,CUST_01437
TICKET_005747,2024-07-28,TOSTAO_05,CUST_01418
TICKET_005748,2024-10-27,TOSTAO_15,CUST_01969
TICKET_005749,2024-01-31,TOSTAO_10,CUST_00101
TICKET_005750,2024-09-29,TOSTAO_17,CUST_01502
TICKET_005751,2024-08-27,TOSTAO_20,CUST_01738
TICKET_005752,2024-12-11,TOSTAO_02,CUST_00160
TICKET_005753,2024-03-27,TOSTAO_10,CUST_00044
TICKET_005754,2024-07-07,TOSTAO_19,CUST_01667
TICKET_005755,2024-07-10,TOSTAO_14,CUST_00028
TICKET_005756,2024-09-04,TOSTAO_03,CUST_00329
TICKET_005757,2024-03-18,TOSTAO_03,CUST_00004
TICKET_005758,2024-05-04,TOSTAO_18,CUST_01017
TICKET_005759,2024-01-14,TOSTAO_13,CUST_01147
TICKET_005760,2024-02-25,TOSTAO_08,CUST_02207
TICKET_005761,2024-12-13,TOSTAO_11,CUST_02205
TICKET_005762,2024-03-16,TOSTAO_18,CUST_02015
TICKET_005763,2024-01-24,TOSTAO_19,CUST_02222
TICKET_005764,2024-01-11,TOSTAO_08,CUST_00113
TICKET_005765,2024-06-20,TOSTAO_12,CUST_02170
TICKET_005766,2024-03-26,TOSTAO_18,CUST_02453
TICKET_005767,2024-07-03,TOSTAO_09,CUST_01786
TICKET_005768,2024-01-04,TOSTAO_06,CUST_02317
TICKET_005769,2024-12-02,TOSTAO_04,CUST_01921
TICKET_005770,2024-04-15,TOSTAO_18,CUST_00575
TICKET_005771,2024-02-15,TOSTAO_05,CUST_00261
TICKET_005772,2024-07-11,TOSTAO_06,CUST_00157
TICKET_005773,2024-02-16,TOSTAO_16,CUST_01688
TICKET_005774,2024-01-15,TOSTAO_13,CUST_00138
TICKET_005775,2024-09-03,TOSTAO_02,CUST_01337
TICKET_005776,2024-03-24,TOSTAO_03,CUST_02429
TICKET_005777,2024-10-01,TOSTAO_05,CUST_00222
TICKET_005778,2024-09-20,TOSTAO_08,CUST_01251
TICKET_005779,2024-05-28,TOSTAO_09,CUST_01966
TICKET_005780,2024-11-03,TOSTAO_02,CUST_00516
TICKET_005781,2024-08-19,TOSTAO_05,CUST_01783
TICKET_005782,2024-01-15,TOSTAO_11,CUST_00340
TICKET_005783,2024-02-14,TOSTAO_16,CUST_01617
TICKET_005784,2024-12-08,TOSTAO_06,CUST_01651
TICKET_005785,2024-06-05,TOSTAO_03,CUST_00357
TICKET_005786,2024-12-24,TOSTAO_18,CUST_01832
TICKET_005787,2024-12-19,TOSTAO_19,CUST_01897
TICKET_005788,2024-12-24,TOSTAO_04,CUST_01100
TICKET_005789,2024-03-20,TOSTAO_14,CUST_00284
TICKET_005790,2024-12-28,TOSTAO_02,CUST_01321
TICKET_005791,2024-01-04,TOSTAO_06,CUST_01305
TICKET_005792,2024-05-11,TOSTAO_13,CUST_00993
TICKET_005793,2024-01-09,TOSTAO_06,CUST_01495
TICKET_005794,2024-08-21,TOSTAO_06,CUST_01420
TICKET_005795,2024-09-06,TOSTAO_03,CUST_01311
TICKET_005796,2024-11-07,TOSTAO_06,CUST_00030
TICKET_005797,2024-11-30,TOSTAO_14,CUST_02494
TICKET_005798,2024-12-30,TOSTAO_08,CUST_02406
TICKET_005799,2024-09-06,TOSTAO_08,CUST_00807
TICKET_005800,2024-07-20,TOSTAO_19,CUST_01876
TICKET_005801,2024-09-16,TOSTAO_03,CUST_00817
TICKET_005802,2024-05-23,TOSTAO_16,CUST_01235
TICKET_005803,2024-06-11,TOSTAO_13,CUST_00131
TICKET_005804,2024-12-30,TOSTAO_13,CUST_01347
TICKET_005805,2024-02-29,TOSTAO_05,CUST_00231
TICKET_005806,2024-10-03,TOSTAO_06,CUST_01403
TICKET_005807,2024-11-29,TOSTAO_06,CUST_00204
TICKET_005808,2024-05-27,TOSTAO_18,CUST_00353
TICKET_005809,2024-09-04,TOSTAO_01,CUST_00520
TICKET_005810,2024-01-12,TOSTAO_01,CUST_02025
TICKET_005811,2024-09-27,TOSTAO_14,CUST_00436
TICKET_005812,2024-07-14,TOSTAO_08,CUST_02223
TICKET_005813,2024-07-04,TOSTAO_15,CUST_00167
TICKET_005814,2024-12-03,TOSTAO_17,CUST_00891
TICKET_005815,2024-04-11,TOSTAO_14,CUST_00952
TICKET_005816,2024-03-26,TOSTAO_02,CUST_00136
TICKET_005817,2024-11-07,TOSTAO_17,CUST_01789
TICKET_005818,2024-12-25,TOSTAO_09,CUST_01537
TICKET_005819,2024-11-21,TOSTAO_03,CUST_01347
TICKET_005820,2024-01-30,TOSTAO_09,CUST_01629
TICKET_005821,2024-09-12,TOSTAO_15,CUST_02073
TICKET_005822,2024-07-13,TOSTAO_18,CUST_00576
TICKET_005823,2024-05-29,TOSTAO_04,CUST_00728
TICKET_005824,2024-08-20,TOSTAO_07,CUST_00543
TICKET_005825,2024-07-16,TOSTAO_16,CUST_00691
TICKET_005826,2024-10-03,TOSTAO_06,CUST_00933
TICKET_005827,2024-07-29,TOSTAO_11,CUST_02409
TICKET_005828,2024-04-09,TOSTAO_03,CUST_01724
TICKET_005829,2024-06-19,TOSTAO_11,CUST_00014
TICKET_005830,2024-10-27,TOSTAO_11,CUST_01963
TICKET_005831,2024-04-01,TOSTAO_10,CUST_02008
TICKET_005832,2024-03-28,TOSTAO_17,CUST_01677
TICKET_005833,2024-02-20,TOSTAO_17,CUST_00935
TICKET_005834,2024-03-26,TOSTAO_07,CUST_01244
TICKET_005835,2024-12-21,TOSTAO_12,CUST_01023
TICKET_005836,2024-10-29,TOSTAO_04,CUST_00382
TICKET_005837,2024-09-06,TOSTAO_18,CUST_01475
TICKET_005838,2024-12-18,TOSTAO_04,CUST_01010
TICKET_005839,2024-06-21,TOSTAO_04,CUST_00757
TICKET_005840,2024-03-12,TOSTAO_13,CUST_01100
TICKET_005841,2024-11-04,TOSTAO_11,CUST_01927
TICKET_005842,2024-09-01,TOSTAO_02,CUST_00295
TICKET_005843,2024-03-09,TOSTAO_20,CUST_01686
TICKET_005844,2024-05-27,TOSTAO_12,CUST_02102
TICKET_005845,2024-08-12,TOSTAO_07,CUST_02355
TICKET_005846,2024-04-30,TOSTAO_03,CUST_00066
TICKET_005847,2024-03-17,TOSTAO_08,CUST_00739
TICKET_005848,2024-05-07,TOSTAO_19,CUST_00147
TICKET_005849,2024-04-19,TOSTAO_17,CUST_00998
TICKET_005850,2024-05-18,TOSTAO_03,CUST_00242
TICKET_005851,2024-02-18,TOSTAO_14,CUST_00917
TICKET_005852,2024-03-21,TOSTAO_07,CUST_02331
TICKET_005853,2024-07-21,TOSTAO_05,CUST_00006
TICKET_005854,2024-03-14,TOSTAO_08,CUST_00736
TICKET_005855,2024-07-06,TOSTAO_06,CUST_02367
TICKET_005856,2024-09-03,TOSTAO_14,CUST_01933
TICKET_005857,2024-01-08,TOSTAO_01,CUST_00686
TICKET_005858,2024-11-12,TOSTAO_18,CUST_01920
TICKET_005859,2024-08-21,TOSTAO_01,CUST_01878
TICKET_005860,2024-05-09,TOSTAO_14,CUST_00612
TICKET_005861,2024-03-16,TOSTAO_16,CUST_00682
TICKET_005862,2024-06-09,TOSTAO_06,CUST_01523
TICKET_005863,2024-10-09,TOSTAO_14,CUST_01434
TICKET_005864,2024-03-26,TOSTAO_16,CUST_02159
TICKET_005865,2024-08-02,TOSTAO_01,CUST_00801
TICKET_005866,2024-08-28,TOSTAO_19,CUST_02460
TICKET_005867,2024-01-09,TOSTAO_01,CUST_01049
TICKET_005868,2024-09-04,TOSTAO_18,CUST_02126
TICKET_005869,2024-03-06,TOSTAO_18,CUST_01827
TICKET_005870,2024-03-02,TOSTAO_20,CUST_00524
TICKET_005871,2024-12-25,TOSTAO_12,CUST_01180
TICKET_005872,2024-08-13,TOSTAO_20,CUST_00799
TICKET_005873,2024-09-23,TOSTAO_14,CUST_00066
TICKET_005874,2024-06-03,TOSTAO_11,CUST_01553
TICKET_005875,2024-10-31,TOSTAO_17,CUST_01299
TICKET_005876,2024-01-11,TOSTAO_12,CUST_01965
TICKET_005877,2024-11-25,TOSTAO_02,CUST_01749
TICKET_005878,2024-02-13,TOSTAO_13,CUST_02472
TICKET_005879,2024-02-16,TOSTAO_18,CUST_00489
TICKET_005880,2024-02-07,TOSTAO_18,CUST_01349
TICKET_005881,2024-06-12,TOSTAO_03,CUST_00908
TICKET_005882,2024-08-29,TOSTAO_11,CUST_01418
TICKET_005883,2024-03-20,TOSTAO_19,CUST_01261
TICKET_005884,2024-11-12,TOSTAO_14,CUST_01914
TICKET_005885,2024-07-01,TOSTAO_16,CUST_00400
TICKET_005886,2024-11-07,TOSTAO_12,CUST_02044
TICKET_005887,2024-06-11,TOSTAO_01,CUST_01652
TICKET_005888,2024-11-04,TOSTAO_16,CUST_00481
TICKET_005889,2024-01-22,TOSTAO_01,CUST_00505
TICKET_005890,2024-10-06,TOSTAO_08,CUST_01896
TICKET_005891,2024-03-04,TOSTAO_18,CUST_01634
TICKET_005892,2024-03-29,TOSTAO_04,CUST_00350
TICKET_005893,2024-09-02,TOSTAO_13,CUST_00852
TICKET_005894,2024-01-18,TOSTAO_01,CUST_02117
TICKET_005895,2024-06-08,TOSTAO_02,CUST_01473
TICKET_005896,2024-10-10,TOSTAO_10,CUST_00711
TICKET_005897,2024-03-22,TOSTAO_20,CUST_00286
TICKET_005898,2024-03-27,TOSTAO_08,CUST_00549
TICKET_005899,2024-01-25,TOSTAO_11,CUST_01289
TICKET_005900,2024-09-25,TOSTAO_15,CUST_00180
TICKET_005901,2024-12-23,TOSTAO_14,CUST_00975
TICKET_005902,2024-04-11,TOSTAO_17,CUST_01045
TICKET_005903,2024-02-15,TOSTAO_01,CUST_00752
TICKET_005904,2024-10-12,TOSTAO_08,CUST_01872
TICKET_005905,2024-12-05,TOSTAO_10,CUST_00829
TICKET_005906,2024-08-30,TOSTAO_06,CUST_01829
TICKET_005907,2024-02-25,TOSTAO_02,CUST_00244
TICKET_005908,2024-10-27,TOSTAO_17,CUST_00936
TICKET_005909,2024-03-06,TOSTAO_18,CUST_02206
TICKET_005910,2024-03-07,TOSTAO_03,CUST_00848
TICKET_005911,2024-07-06,TOSTAO_16,CUST_01998
TICKET_005912,2024-05-01,TOSTAO_12,CUST_01357
TICKET_005913,2024-02-04,TOSTAO_14,CUST_01246
TICKET_005914,2024-07-27,TOSTAO_09,CUST_01979
TICKET_005915,2024-03-07,TOSTAO_11,CUST_00141
TICKET_005916,2024-05-09,TOSTAO_10,CUST_01140
TICKET_005917,2024-04-30,TOSTAO_20,CUST_00463
TICKET_005918,2024-04-02,TOSTAO_15,CUST_01186
TICKET_005919,2024-11-10,TOSTAO_07,CUST_00680
TICKET_005920,2024-02-25,TOSTAO_17,CUST_01144
TICKET_005921,2024-02-03,TOSTAO_10,CUST_00893
TICKET_005922,2024-11-13,TOSTAO_07,CUST_01235
TICKET_005923,2024-11-27,TOSTAO_17,CUST_00898
TICKET_005924,2024-07-23,TOSTAO_01,CUST_01742
TICKET_005925,2024-05-21,TOSTAO_06,CUST_00531
TICKET_005926,2024-09-22,TOSTAO_05,CUST_01681
TICKET_005927,2024-03-19,TOSTAO_02,CUST_01452
TICKET_005928,2024-01-03,TOSTAO_12,CUST_02169
TICKET_005929,2024-11-30,TOSTAO_06,CUST_02295
TICKET_005930,2024-04-12,TOSTAO_07,CUST_00625
TICKET_005931,2024-05-22,TOSTAO_17,CUST_01076
TICKET_005932,2024-03-22,TOSTAO_18,CUST_02237
TICKET_005933,2024-05-28,TOSTAO_16,CUST_01537
TICKET_005934,2024-08-10,TOSTAO_02,CUST_00489
TICKET_005935,2024-12-17,TOSTAO_02,CUST_00186
TICKET_005936,2024-01-19,TOSTAO_01,CUST_02341
TICKET_005937,2024-01-28,TOSTAO_07,CUST_00428
TICKET_005938,2024-11-10,TOSTAO_02,CUST_01738
TICKET_005939,2024-10-25,TOSTAO_20,CUST_00979
TICKET_005940,2024-07-02,TOSTAO_16,CUST_01010
TICKET_005941,2024-07-11,TOSTAO_01,CUST_00194
TICKET_005942,2024-09-26,TOSTAO_08,CUST_02016
TICKET_005943,2024-04-27,TOSTAO_09,CUST_02304
TICKET_005944,2024-04-17,TOSTAO_03,CUST_01597
TICKET_005945,2024-06-09,TOSTAO_16,CUST_00575
TICKET_005946,2024-05-24,TOSTAO_04,CUST_01810
TICKET_005947,2024-11-13,TOSTAO_04,CUST_01977
TICKET_005948,2024-05-21,TOSTAO_06,CUST_01481
TICKET_005949,2024-09-24,TOSTAO_14,CUST_00076
TICKET_005950,2024-01-02,TOSTAO_11,CUST_01387
TICKET_005951,2024-07-25,TOSTAO_17,CUST_00464
TICKET_005952,2024-04-10,TOSTAO_18,CUST_00611
TICKET_005953,2024-03-08,TOSTAO_07,CUST_01323
TICKET_005954,2024-07-07,TOSTAO_18,CUST_02129
TICKET_005955,2024-04-30,TOSTAO_19,CUST_01506
TICKET_005956,2024-01-15,TOSTAO_05,CUST_02243
TICKET_005957,2024-04-26,TOSTAO_13,CUST_00830
TICKET_005958,2024-06-06,TOSTAO_02,CUST_00312
TICKET_005959,2024-01-25,TOSTAO_06,CUST_00117
TICKET_005960,2024-12-22,TOSTAO_13,CUST_00414
TICKET_005961,2024-03-15,TOSTAO_10,CUST_00782
TICKET_005962,2024-11-29,TOSTAO_15,CUST_01042
TICKET_005963,2024-06-07,TOSTAO_12,CUST_01767
TICKET_005964,2024-04-09,TOSTAO_05,CUST_00315
TICKET_005965,2024-07-12,TOSTAO_09,CUST_00016
TICKET_005966,2024-03-01,TOSTAO_03,CUST_00632
TICKET_005967,2024-01-06,TOSTAO_20,CUST_01417
TICKET_005968,2024-04-12,TOSTAO_15,CUST_01554
TICKET_005969,2024-10-10,TOSTAO_15,CUST_01815
TICKET_005970,2024-07-17,TOSTAO_15,CUST_00572
TICKET_005971,2024-02-12,TOSTAO_15,CUST_02367
TICKET_005972,2024-08-30,TOSTAO_01,CUST_01663
TICKET_005973,2024-01-10,TOSTAO_03,CUST_00119
TICKET_005974,2024-05-09,TOSTAO_06,CUST_00261
TICKET_005975,2024-06-01,TOSTAO_14,CUST_01662
TICKET_005976,2024-06-13,TOSTAO_13,CUST_00661
TICKET_005977,2024-11-27,TOSTAO_05,CUST_00120
TICKET_005978,2024-10-26,TOSTAO_19,CUST_01290
TICKET_005979,2024-12-03,TOSTAO_01,CUST_01505
TICKET_005980,2024-09-08,TOSTAO_14,CUST_00424
TICKET_005981,2024-12-24,TOSTAO_06,CUST_01726
TICKET_005982,2024-11-16,TOSTAO_08,CUST_02134
TICKET_005983,2024-10-26,TOSTAO_18,CUST_01815
TICKET_005984,2024-03-06,TOSTAO_19,CUST_02293
TICKET_005985,2024-01-21,TOSTAO_13,CUST_00313
TICKET_005986,2024-05-05,TOSTAO_08,CUST_00496
TICKET_005987,2024-11-19,TOSTAO_02,CUST_00728
TICKET_005988,2024-04-26,TOSTAO_16,CUST_00071
TICKET_005989,2024-08-01,TOSTAO_06,CUST_00775
TICKET_005990,2024-03-22,TOSTAO_10,CUST_01275
TICKET_005991,2024-07-15,TOSTAO_04,CUST_00808
TICKET_005992,2024-10-30,TOSTAO_19,CUST_01403
TICKET_005993,2024-03-11,TOSTAO_03,CUST_00682
TICKET_005994,2024-11-07,TOSTAO_19,CUST_01102
TICKET_005995,2024-08-01,TOSTAO_16,CUST_00302
TICKET_005996,2024-10-02,TOSTAO_10,CUST_00887
TICKET_005997,2024-12-01,TOSTAO_02,CUST_01801
TICKET_005998,2024-10-03,TOSTAO_13,CUST_01751
TICKET_005999,2024-04-18,TOSTAO_20,CUST_02433
TICKET_006000,2024-11-20,TOSTAO_07,CUST_00112
TICKET_006001,2024-08-11,TOSTAO_15,CUST_00094
TICKET_006002,2024-10-26,TOSTAO_17,CUST_01754
TICKET_006003,2024-03-31,TOSTAO_18,CUST_00351
TICKET_006004,2024-12-18,TOSTAO_03,CUST_01961
TICKET_006005,2024-12-27,TOSTAO_10,CUST_00561
TICKET_006006,2024-05-23,TOSTAO_03,CUST_01543
TICKET_006007,2024-03-18,TOSTAO_11,CUST_02150
TICKET_006008,2024-05-01,TOSTAO_06,CUST_01091
TICKET_006009,2024-10-31,TOSTAO_01,CUST_00799
TICKET_006010,2024-08-04,TOSTAO_13,CUST_00977
TICKET_006011,2024-08-19,TOSTAO_07,CUST_01353
TICKET_006012,2024-10-06,TOSTAO_17,CUST_02005
TICKET_006013,2024-07-12,TOSTAO_05,CUST_00200
TICKET_006014,2024-05-31,TOSTAO_18,CUST_02061
TICKET_006015,2024-12-03,TOSTAO_20,CUST_01500
TICKET_006016,2024-12-20,TOSTAO_02,CUST_01739
TICKET_006017,2024-04-05,TOSTAO_08,CUST_01302
TICKET_006018,2024-07-01,TOSTAO_13,CUST_00140
TICKET_006019,2024-08-16,TOSTAO_07,CUST_01957
TICKET_006020,2024-06-27,TOSTAO_16,CUST_02052
TICKET_006021,2024-02-14,TOSTAO_19,CUST_01232
TICKET_006022,2024-06-08,TOSTAO_11,CUST_02371
TICKET_006023,2024-03-30,TOSTAO_18,CUST_01055
TICKET_006024,2024-08-17,TOSTAO_11,CUST_01352
TICKET_006025,2024-04-22,TOSTAO_06,CUST_00606
TICKET_006026,2024-06-17,TOSTAO_08,CUST_01643
TICKET_006027,2024-02-11,TOSTAO_04,CUST_00705
TICKET_006028,2024-02-11,TOSTAO_04,CUST_01593
TICKET_006029,2024-03-21,TOSTAO_14,CUST_01562
TICKET_006030,2024-03-28,TOSTAO_16,CUST_00189
TICKET_006031,2024-08-09,TOSTAO_15,CUST_00860
TICKET_006032,2024-01-13,TOSTAO_09,CUST_00488
TICKET_006033,2024-06-18,TOSTAO_03,CUST_00072
TICKET_006034,2024-11-17,TOSTAO_11,CUST_00245
TICKET_006035,2024-07-08,TOSTAO_08,CUST_02012
TICKET_006036,2024-11-11,TOSTAO_20,CUST_02490
TICKET_006037,2024-09-11,TOSTAO_11,CUST_01524
TICKET_006038,2024-11-25,TOSTAO_08,CUST_00381
TICKET_006039,2024-01-18,TOSTAO_02,CUST_02089
TICKET_006040,2024-08-29,TOSTAO_03,CUST_00343
TICKET_006041,2024-09-07,TOSTAO_03,CUST_00264
TICKET_006042,2024-08-17,TOSTAO_11,CUST_01766
TICKET_006043,2024-10-24,TOSTAO_16,CUST_02350
TICKET_006044,2024-03-23,TOSTAO_06,CUST_00641
TICKET_006045,2024-08-06,TOSTAO_20,CUST_00242
TICKET_006046,2024-12-24,TOSTAO_08,CUST_01440
TICKET_006047,2024-10-21,TOSTAO_07,CUST_01099
TICKET_006048,2024-10-27,TOSTAO_08,CUST_01926
TICKET_006049,2024-01-05,TOSTAO_15,CUST_02165
TICKET_006050,2024-03-24,TOSTAO_15,CUST_00453
TICKET_006051,2024-06-04,TOSTAO_02,CUST_00941
TICKET_006052,2024-10-13,TOSTAO_11,CUST_00201
TICKET_006053,2024-07-06,TOSTAO_14,CUST_01217
TICKET_006054,2024-08-22,TOSTAO_03,CUST_01733
TICKET_006055,2024-06-12,TOSTAO_20,CUST_00456
TICKET_006056,2024-04-16,TOSTAO_20,CUST_01133
TICKET_006057,2024-05-28,TOSTAO_20,CUST_00915
TICKET_006058,2024-12-02,TOSTAO_08,CUST_00056
TICKET_006059,2024-02-18,TOSTAO_05,CUST_00238
TICKET_006060,2024-07-05,TOSTAO_15,CUST_02411
TICKET_006061,2024-10-02,TOSTAO_12,CUST_01892
TICKET_006062,2024-02-09,TOSTAO_01,CUST_01057
TICKET_006063,2024-08-17,TOSTAO_13,CUST_01210
TICKET_006064,2024-12-14,TOSTAO_19,CUST_00873
TICKET_006065,2024-11-05,TOSTAO_19,CUST_00790
TICKET_006066,2024-09-10,TOSTAO_20,CUST_00114
TICKET_006067,2024-04-06,TOSTAO_20,CUST_00775
TICKET_006068,2024-07-02,TOSTAO_03,CUST_00623
TICKET_006069,2024-03-02,TOSTAO_01,CUST_01461
TICKET_006070,2024-02-17,TOSTAO_11,CUST_00976
TICKET_006071,2024-07-18,TOSTAO_06,CUST_00157
TICKET_006072,2024-03-23,TOSTAO_19,CUST_02234
TICKET_006073,2024-12-20,TOSTAO_14,CUST_01342
TICKET_006074,2024-04-13,TOSTAO_08,CUST_00882
TICKET_006075,2024-05-22,TOSTAO_09,CUST_00532
TICKET_006076,2024-02-15,TOSTAO_06,CUST_01095
TICKET_006077,2024-05-07,TOSTAO_20,CUST_01604
TICKET_006078,2024-01-06,TOSTAO_09,CUST_00194
TICKET_006079,2024-03-11,TOSTAO_17,CUST_01357
TICKET_006080,2024-10-26,TOSTAO_05,CUST_01140
TICKET_006081,2024-11-11,TOSTAO_20,CUST_00685
TICKET_006082,2024-06-23,TOSTAO_15,CUST_00120
TICKET_006083,2024-03-08,TOSTAO_05,CUST_02087
TICKET_006084,2024-09-03,TOSTAO_05,CUST_01824
TICKET_006085,2024-08-08,TOSTAO_05,CUST_01650
TICKET_006086,2024-01-02,TOSTAO_02,CUST_01457
TICKET_006087,2024-06-28,TOSTAO_09,CUST_00335
TICKET_006088,2024-08-19,TOSTAO_16,CUST_00190
TICKET_006089,2024-04-28,TOSTAO_16,CUST_02251
TICKET_006090,2024-06-01,TOSTAO_20,CUST_00956
TICKET_006091,2024-11-22,TOSTAO_01,CUST_00063
TICKET_006092,2024-08-23,TOSTAO_05,CUST_01109
TICKET_006093,2024-02-29,TOSTAO_18,CUST_00882
TICKET_006094,2024-08-09,TOSTAO_06,CUST_00121
TICKET_006095,2024-04-21,TOSTAO_04,CUST_01811
TICKET_006096,2024-11-03,TOSTAO_09,CUST_00804
TICKET_006097,2024-08-03,TOSTAO_20,CUST_01670
TICKET_006098,2024-11-16,TOSTAO_16,CUST_00315
TICKET_006099,2024-11-12,TOSTAO_20,CUST_00674
TICKET_006100,2024-02-05,TOSTAO_01,CUST_00886
TICKET_006101,2024-06-19,TOSTAO_19,CUST_00693
TICKET_006102,2024-09-02,TOSTAO_17,CUST_02107
TICKET_006103,2024-05-19,TOSTAO_08,CUST_00385
TICKET_006104,2024-11-30,TOSTAO_19,CUST_01829
TICKET_006105,2024-08-18,TOSTAO_09,CUST_00785
TICKET_006106,2024-05-22,TOSTAO_18,CUST_00012
TICKET_006107,2024-08-10,TOSTAO_15,CUST_00007
TICKET_006108,2024-08-06,TOSTAO_02,CUST_01855
TICKET_006109,2024-09-11,TOSTAO_01,CUST_00749
TICKET_006110,2024-04-26,TOSTAO_10,CUST_00238
TICKET_006111,2024-02-16,TOSTAO_16,CUST_02284
TICKET_006112,2024-05-20,TOSTAO_17,CUST_02223
TICKET_006113,2024-10-31,TOSTAO_05,CUST_01797
TICKET_006114,2024-09-14,TOSTAO_10,CUST_01815
TICKET_006115,2024-11-23,TOSTAO_09,CUST_00210
TICKET_006116,2024-08-01,TOSTAO_20,CUST_01170
TICKET_006117,2024-01-19,TOSTAO_15,CUST_00537
TICKET_006118,2024-03-31,TOSTAO_04,CUST_00609
TICKET_006119,2024-12-22,TOSTAO_17,CUST_01415
TICKET_006120,2024-08-17,TOSTAO_11,CUST_01332
TICKET_006121,2024-04-18,TOSTAO_01,CUST_01784
TICKET_006122,2024-01-29,TOSTAO_03,CUST_01226
TICKET_006123,2024-09-14,TOSTAO_17,CUST_00457
TICKET_006124,2024-01-19,TOSTAO_17,CUST_01407
TICKET_006125,2024-05-11,TOSTAO_07,CUST_00376
TICKET_006126,2024-03-15,TOSTAO_01,CUST_01445
TICKET_006127,2024-06-14,TOSTAO_04,CUST_00320
TICKET_006128,2024-06-17,TOSTAO_14,CUST_00384
TICKET_006129,2024-07-12,TOSTAO_05,CUST_00760
TICKET_006130,2024-03-16,TOSTAO_09,CUST_00077
TICKET_006131,2024-12-11,TOSTAO_02,CUST_01665
TICKET_006132,2024-05-28,TOSTAO_08,CUST_01487
TICKET_006133,2024-06-12,TOSTAO_07,CUST_00326
TICKET_006134,2024-06-06,TOSTAO_17,CUST_00282
TICKET_006135,2024-05-23,TOSTAO_08,CUST_02488
TICKET_006136,2024-02-21,TOSTAO_14,CUST_00173
TICKET_006137,2024-07-19,TOSTAO_16,CUST_00409
TICKET_006138,2024-03-31,TOSTAO_16,CUST_02225
TICKET_006139,2024-02-16,TOSTAO_08,CUST_01588
TICKET_006140,2024-08-19,TOSTAO_19,CUST_02365
TICKET_006141,2024-05-04,TOSTAO_09,CUST_02346
TICKET_006142,2024-03-27,TOSTAO_06,CUST_01148
TICKET_006143,2024-11-12,TOSTAO_01,CUST_02274
TICKET_006144,2024-03-13,TOSTAO_12,CUST_02222
TICKET_006145,2024-05-21,TOSTAO_20,CUST_01005
TICKET_006146,2024-01-31,TOSTAO_13,CUST_00521
TICKET_006147,2024-07-19,TOSTAO_13,CUST_00848
TICKET_006148,2024-11-12,TOSTAO_03,CUST_00220
TICKET_006149,2024-08-11,TOSTAO_11,CUST_00454
TICKET_006150,2024-10-18,TOSTAO_05,CUST_00849
TICKET_006151,2024-09-24,TOSTAO_10,CUST_00739
TICKET_006152,2024-06-16,TOSTAO_04,CUST_00335
TICKET_006153,2024-11-05,TOSTAO_08,CUST_01980
TICKET_006154,2024-07-09,TOSTAO_08,CUST_01014
TICKET_006155,2024-12-14,TOSTAO_07,CUST_01851
TICKET_006156,2024-02-11,TOSTAO_01,CUST_01965
TICKET_006157,2024-03-26,TOSTAO_06,CUST_01953
TICKET_006158,2024-12-26,TOSTAO_02,CUST_00697
TICKET_006159,2024-01-07,TOSTAO_16,CUST_00941
TICKET_006160,2024-03-17,TOSTAO_14,CUST_00740
TICKET_006161,2024-09-07,TOSTAO_03,CUST_01910
TICKET_006162,2024-10-01,TOSTAO_09,CUST_01556
TICKET_006163,2024-07-07,TOSTAO_14,CUST_02388
TICKET_006164,2024-04-12,TOSTAO_06,CUST_02259
TICKET_006165,2024-08-11,TOSTAO_02,CUST_01213
TICKET_006166,2024-06-13,TOSTAO_16,CUST_01921
TICKET_006167,2024-04-10,TOSTAO_08,CUST_00003
TICKET_006168,2024-08-06,TOSTAO_13,CUST_00601
TICKET_006169,2024-12-24,TOSTAO_12,CUST_00635
TICKET_006170,2024-05-29,TOSTAO_03,CUST_00362
TICKET_006171,2024-03-22,TOSTAO_03,CUST_02461
TICKET_006172,2024-02-29,TOSTAO_19,CUST_00661
TICKET_006173,2024-05-29,TOSTAO_01,CUST_00805
TICKET_006174,2024-07-04,TOSTAO_04,CUST_02173
TICKET_006175,2024-04-23,TOSTAO_02,CUST_00027
TICKET_006176,2024-04-18,TOSTAO_09,CUST_01092
TICKET_006177,2024-01-18,TOSTAO_12,CUST_00592
TICKET_006178,2024-06-25,TOSTAO_17,CUST_00865
TICKET_006179,2024-12-17,TOSTAO_05,CUST_01543
TICKET_006180,2024-10-04,TOSTAO_11,CUST_02194
TICKET_006181,2024-02-28,TOSTAO_19,CUST_02234
TICKET_006182,2024-02-20,TOSTAO_08,CUST_00744
TICKET_006183,2024-07-31,TOSTAO_06,CUST_01989
TICKET_006184,2024-04-05,TOSTAO_05,CUST_00123
TICKET_006185,2024-04-09,TOSTAO_13,CUST_01751
TICKET_006186,2024-10-04,TOSTAO_14,CUST_00134
TICKET_006187,2024-03-17,TOSTAO_14,CUST_01701
TICKET_006188,2024-03-16,TOSTAO_03,CUST_00743
TICKET_006189,2024-09-05,TOSTAO_04,CUST_01309
TICKET_006190,2024-04-01,TOSTAO_18,CUST_00207
TICKET_006191,2024-09-04,TOSTAO_14,CUST_01600
TICKET_006192,2024-04-21,TOSTAO_10,CUST_01524
TICKET_006193,2024-01-05,TOSTAO_09,CUST_00661
TICKET_006194,2024-04-16,TOSTAO_02,CUST_01444
TICKET_006195,2024-04-13,TOSTAO_19,CUST_00934
TICKET_006196,2024-10-24,TOSTAO_14,CUST_00436
TICKET_006197,2024-06-16,TOSTAO_20,CUST_02085
TICKET_006198,2024-03-26,TOSTAO_04,CUST_01965
TICKET_006199,2024-11-20,TOSTAO_02,CUST_00005
TICKET_006200,2024-12-11,TOSTAO_04,CUST_01623
TICKET_006201,2024-03-11,TOSTAO_04,CUST_01127
TICKET_006202,2024-01-09,TOSTAO_01,CUST_02122
TICKET_006203,2024-12-12,TOSTAO_06,CUST_02422
TICKET_006204,2024-02-22,TOSTAO_02,CUST_01854
TICKET_006205,2024-12-01,TOSTAO_13,CUST_02496
TICKET_006206,2024-01-30,TOSTAO_20,CUST_00726
TICKET_006207,2024-06-16,TOSTAO_15,CUST_02013
TICKET_006208,2024-08-23,TOSTAO_19,CUST_01318
TICKET_006209,2024-02-18,TOSTAO_20,CUST_01579
TICKET_006210,2024-09-29,TOSTAO_03,CUST_00875
TICKET_006211,2024-04-22,TOSTAO_15,CUST_01502
TICKET_006212,2024-09-10,TOSTAO_11,CUST_00005
TICKET_006213,2024-01-21,TOSTAO_17,CUST_02197
TICKET_006214,2024-02-07,TOSTAO_13,CUST_01628
TICKET_006215,2024-04-04,TOSTAO_10,CUST_00296
TICKET_006216,2024-07-19,TOSTAO_04,CUST_01430
TICKET_006217,2024-04-22,TOSTAO_11,CUST_00345
TICKET_006218,2024-02-14,TOSTAO_11,CUST_00388
TICKET_006219,2024-06-16,TOSTAO_07,CUST_00037
TICKET_006220,2024-08-24,TOSTAO_02,CUST_00191
TICKET_006221,2024-11-12,TOSTAO_14,CUST_00658
TICKET_006222,2024-02-07,TOSTAO_08,CUST_02448
TICKET_006223,2024-04-01,TOSTAO_19,CUST_00083
TICKET_006224,2024-06-02,TOSTAO_15,CUST_01577
TICKET_006225,2024-04-29,TOSTAO_03,CUST_01648
TICKET_006226,2024-08-26,TOSTAO_03,CUST_00412
TICKET_006227,2024-11-24,TOSTAO_05,CUST_01487
TICKET_006228,2024-08-23,TOSTAO_13,CUST_02196
TICKET_006229,2024-09-15,TOSTAO_15,CUST_01707
TICKET_006230,2024-03-22,TOSTAO_05,CUST_02412
TICKET_006231,2024-01-19,TOSTAO_07,CUST_02036
TICKET_006232,2024-09-30,TOSTAO_05,CUST_01002
TICKET_006233,2024-08-04,TOSTAO_12,CUST_00180
TICKET_006234,2024-10-23,TOSTAO_10,CUST_00992
TICKET_006235,2024-06-07,TOSTAO_02,CUST_01738
TICKET_006236,2024-09-05,TOSTAO_10,CUST_01279
TICKET_006237,2024-06-01,TOSTAO_12,CUST_02288
TICKET_006238,2024-12-27,TOSTAO_15,CUST_01430
TICKET_006239,2024-07-25,TOSTAO_11,CUST_01052
TICKET_006240,2024-05-28,TOSTAO_16,CUST_01059
TICKET_006241,2024-09-18,TOSTAO_10,CUST_02499
TICKET_006242,2024-10-21,TOSTAO_14,CUST_00990
TICKET_006243,2024-05-19,TOSTAO_04,CUST_00893
TICKET_006244,2024-04-15,TOSTAO_18,CUST_01318
TICKET_006245,2024-04-17,TOSTAO_12,CUST_00576
TICKET_006246,2024-06-30,TOSTAO_07,CUST_01375
TICKET_006247,2024-08-13,TOSTAO_07,CUST_01700
TICKET_006248,2024-09-13,TOSTAO_13,CUST_02341
TICKET_006249,2024-01-23,TOSTAO_11,CUST_01090
TICKET_006250,2024-05-08,TOSTAO_19,CUST_01102
TICKET_006251,2024-03-12,TOSTAO_11,CUST_00474
TICKET_006252,2024-03-30,TOSTAO_12,CUST_02498
TICKET_006253,2024-05-31,TOSTAO_05,CUST_00324
TICKET_006254,2024-06-24,TOSTAO_04,CUST_00303
TICKET_006255,2024-11-12,TOSTAO_13,CUST_00612
TICKET_006256,2024-06-26,TOSTAO_04,CUST_00304
TICKET_006257,2024-12-03,TOSTAO_15,CUST_01434
TICKET_006258,2024-10-09,TOSTAO_14,CUST_00184
TICKET_006259,2024-12-12,TOSTAO_01,CUST_02250
TICKET_006260,2024-06-13,TOSTAO_05,CUST_01114
TICKET_006261,2024-08-31,TOSTAO_14,CUST_01637
TICKET_006262,2024-06-20,TOSTAO_18,CUST_01953
TICKET_006263,2024-07-13,TOSTAO_09,CUST_00234
TICKET_006264,2024-08-16,TOSTAO_12,CUST_02125
TICKET_006265,2024-03-31,TOSTAO_06,CUST_00454
TICKET_006266,2024-04-12,TOSTAO_12,CUST_00163
TICKET_006267,2024-12-25,TOSTAO_20,CUST_02434
TICKET_006268,2024-09-21,TOSTAO_19,CUST_00075
TICKET_006269,2024-02-24,TOSTAO_06,CUST_00279
TICKET_006270,2024-12-17,TOSTAO_02,CUST_02298
TICKET_006271,2024-01-22,TOSTAO_17,CUST_00787
TICKET_006272,2024-10-12,TOSTAO_04,CUST_00320
TICKET_006273,2024-03-19,TOSTAO_20,CUST_00870
TICKET_006274,2024-05-08,TOSTAO_14,CUST_00932
TICKET_006275,2024-10-20,TOSTAO_13,CUST_01020
TICKET_006276,2024-04-16,TOSTAO_17,CUST_02466
TICKET_006277,2024-02-02,TOSTAO_16,CUST_00741
TICKET_006278,2024-11-02,TOSTAO_20,CUST_00649
TICKET_006279,2024-12-24,TOSTAO_13,CUST_00586
TICKET_006280,2024-05-03,TOSTAO_05,CUST_00425
TICKET_006281,2024-01-29,TOSTAO_06,CUST_00101
TICKET_006282,2024-07-27,TOSTAO_01,CUST_00471
TICKET_006283,2024-02-17,TOSTAO_07,CUST_02350
TICKET_006284,2024-03-20,TOSTAO_20,CUST_01461
TICKET_006285,2024-08-16,TOSTAO_01,CUST_00282
TICKET_006286,2024-11-14,TOSTAO_11,CUST_01571
TICKET_006287,2024-11-04,TOSTAO_15,CUST_02248
TICKET_006288,2024-02-02,TOSTAO_02,CUST_02464
TICKET_006289,2024-03-04,TOSTAO_10,CUST_00796
TICKET_006290,2024-12-27,TOSTAO_09,CUST_02233
TICKET_006291,2024-12-11,TOSTAO_13,CUST_01807
TICKET_006292,2024-01-14,TOSTAO_18,CUST_01070
TICKET_006293,2024-07-07,TOSTAO_13,CUST_01788
TICKET_006294,2024-08-15,TOSTAO_06,CUST_00294
TICKET_006295,2024-07-10,TOSTAO_17,CUST_00269
TICKET_006296,2024-08-12,TOSTAO_11,CUST_00723
TICKET_006297,2024-04-01,TOSTAO_02,CUST_00195
TICKET_006298,2024-04-28,TOSTAO_20,CUST_00290
TICKET_006299,2024-10-04,TOSTAO_13,CUST_00354
TICKET_006300,2024-10-11,TOSTAO_07,CUST_01726
TICKET_006301,2024-09-05,TOSTAO_12,CUST_00753
TICKET_006302,2024-04-25,TOSTAO_02,CUST_02118
TICKET_006303,2024-01-10,TOSTAO_13,CUST_00084
TICKET_006304,2024-07-06,TOSTAO_10,CUST_01800
TICKET_006305,2024-04-24,TOSTAO_02,CUST_01948
TICKET_006306,2024-11-08,TOSTAO_01,CUST_00606
TICKET_006307,2024-03-30,TOSTAO_12,CUST_02441
TICKET_006308,2024-06-18,TOSTAO_03,CUST_00890
TICKET_006309,2024-11-10,TOSTAO_06,CUST_00977
TICKET_006310,2024-06-11,TOSTAO_04,CUST_00715
TICKET_006311,2024-05-12,TOSTAO_19,CUST_02384
TICKET_006312,2024-03-12,TOSTAO_04,CUST_01902
TICKET_006313,2024-07-20,TOSTAO_15,CUST_01467
TICKET_006314,2024-04-03,TOSTAO_17,CUST_01079
TICKET_006315,2024-09-15,TOSTAO_20,CUST_01648
TICKET_006316,2024-07-25,TOSTAO_18,CUST_01115
TICKET_006317,2024-12-29,TOSTAO_03,CUST_01681
TICKET_006318,2024-09-23,TOSTAO_20,CUST_01192
TICKET_006319,2024-07-04,TOSTAO_02,CUST_01603
TICKET_006320,2024-06-05,TOSTAO_05,CUST_02076
TICKET_006321,2024-12-15,TOSTAO_02,CUST_02347
TICKET_006322,2024-04-09,TOSTAO_16,CUST_02441
TICKET_006323,2024-08-22,TOSTAO_06,CUST_01204
TICKET_006324,2024-02-04,TOSTAO_13,CUST_00214
TICKET_006325,2024-08-19,TOSTAO_03,CUST_01705
TICKET_006326,2024-04-14,TOSTAO_09,CUST_01670
TICKET_006327,2024-04-04,TOSTAO_13,CUST_01005
TICKET_006328,2024-10-19,TOSTAO_01,CUST_01559
TICKET_006329,2024-03-12,TOSTAO_07,CUST_01236
TICKET_006330,2024-01-14,TOSTAO_08,CUST_00169
TICKET_006331,2024-08-27,TOSTAO_15,CUST_01310
TICKET_006332,2024-04-29,TOSTAO_03,CUST_00070
TICKET_006333,2024-06-15,TOSTAO_05,CUST_00598
TICKET_006334,2024-09-17,TOSTAO_03,CUST_02464
TICKET_006335,2024-10-01,TOSTAO_02,CUST_01920
TICKET_006336,2024-11-07,TOSTAO_17,CUST_01228
TICKET_006337,2024-06-25,TOSTAO_07,CUST_02476
TICKET_006338,2024-11-24,TOSTAO_14,CUST_00060
TICKET_006339,2024-08-25,TOSTAO_20,CUST_00047
TICKET_006340,2024-01-10,TOSTAO_18,CUST_02023
TICKET_006341,2024-02-04,TOSTAO_11,CUST_00475
TICKET_006342,2024-08-03,TOSTAO_06,CUST_00872
TICKET_006343,2024-03-07,TOSTAO_07,CUST_02142
TICKET_006344,2024-06-22,TOSTAO_14,CUST_00470
TICKET_006345,2024-06-23,TOSTAO_20,CUST_00015
TICKET_006346,2024-04-10,TOSTAO_02,CUST_01057
TICKET_006347,2024-09-08,TOSTAO_03,CUST_00721
TICKET_006348,2024-03-16,TOSTAO_01,CUST_00435
TICKET_006349,2024-02-24,TOSTAO_02,CUST_01630
TICKET_006350,2024-08-18,TOSTAO_03,CUST_02004
TICKET_006351,2024-07-05,TOSTAO_15,CUST_01204
TICKET_006352,2024-05-20,TOSTAO_02,CUST_00101
TICKET_006353,2024-12-20,TOSTAO_13,CUST_02473
TICKET_006354,2024-12-20,TOSTAO_10,CUST_00176
TICKET_006355,2024-07-25,TOSTAO_14,CUST_01735
TICKET_006356,2024-03-17,TOSTAO_15,CUST_02323
TICKET_006357,2024-03-03,TOSTAO_07,CUST_00587
TICKET_006358,2024-10-02,TOSTAO_19,CUST_00099
TICKET_006359,2024-05-18,TOSTAO_12,CUST_00677
TICKET_006360,2024-02-15,TOSTAO_07,CUST_01217
TICKET_006361,2024-02-28,TOSTAO_16,CUST_01247
TICKET_006362,2024-05-16,TOSTAO_03,CUST_00969
TICKET_006363,2024-02-23,TOSTAO_13,CUST_01416
TICKET_006364,2024-05-03,TOSTAO_03,CUST_02072
TICKET_006365,2024-10-16,TOSTAO_04,CUST_01652
TICKET_006366,2024-05-07,TOSTAO_14,CUST_01986
TICKET_006367,2024-02-22,TOSTAO_03,CUST_02197
TICKET_006368,2024-11-19,TOSTAO_19,CUST_00819
TICKET_006369,2024-06-11,TOSTAO_16,CUST_01171
TICKET_006370,2024-08-31,TOSTAO_19,CUST_02362
TICKET_006371,2024-10-31,TOSTAO_17,CUST_00588
TICKET_006372,2024-09-08,TOSTAO_20,CUST_01615
TICKET_006373,2024-10-10,TOSTAO_09,CUST_02325
TICKET_006374,2024-12-25,TOSTAO_04,CUST_01067
TICKET_006375,2024-07-17,TOSTAO_09,CUST_00055
TICKET_006376,2024-01-29,TOSTAO_20,CUST_00356
TICKET_006377,2024-11-24,TOSTAO_15,CUST_00602
TICKET_006378,2024-05-09,TOSTAO_13,CUST_01747
TICKET_006379,2024-03-11,TOSTAO_17,CUST_00819
TICKET_006380,2024-08-24,TOSTAO_18,CUST_00549
TICKET_006381,2024-08-05,TOSTAO_03,CUST_00909
TICKET_006382,2024-10-13,TOSTAO_12,CUST_01627
TICKET_006383,2024-10-31,TOSTAO_19,CUST_00386
TICKET_006384,2024-07-16,TOSTAO_05,CUST_00037
TICKET_006385,2024-10-13,TOSTAO_04,CUST_01444
TICKET_006386,2024-02-06,TOSTAO_19,CUST_01280
TICKET_006387,2024-05-26,TOSTAO_19,CUST_02073
TICKET_006388,2024-04-20,TOSTAO_06,CUST_02344
TICKET_006389,2024-08-27,TOSTAO_07,CUST_00881
TICKET_006390,2024-10-18,TOSTAO_10,CUST_01555
TICKET_006391,2024-03-22,TOSTAO_04,CUST_01772
TICKET_006392,2024-08-29,TOSTAO_20,CUST_01989
TICKET_006393,2024-07-11,TOSTAO_03,CUST_01480
TICKET_006394,2024-02-06,TOSTAO_19,CUST_01926
TICKET_006395,2024-09-07,TOSTAO_11,CUST_02368
TICKET_006396,2024-12-11,TOSTAO_11,CUST_02110
TICKET_006397,2024-11-09,TOSTAO_04,CUST_00431
TICKET_006398,2024-08-06,TOSTAO_09,CUST_02003
TICKET_006399,2024-03-25,TOSTAO_17,CUST_00939
TICKET_006400,2024-02-07,TOSTAO_03,CUST_00140
TICKET_006401,2024-08-28,TOSTAO_13,CUST_02437
TICKET_006402,2024-12-23,TOSTAO_04,CUST_00754
TICKET_006403,2024-03-09,TOSTAO_14,CUST_01659
TICKET_006404,2024-10-10,TOSTAO_15,CUST_01140
TICKET_006405,2024-10-01,TOSTAO_04,CUST_00875
TICKET_006406,2024-02-13,TOSTAO_20,CUST_01902
TICKET_006407,2024-01-27,TOSTAO_18,CUST_01386
TICKET_006408,2024-11-21,TOSTAO_03,CUST_00161
TICKET_006409,2024-01-13,TOSTAO_03,CUST_01879
TICKET_006410,2024-01-07,TOSTAO_12,CUST_00346
TICKET_006411,2024-06-18,TOSTAO_13,CUST_01758
TICKET_006412,2024-11-20,TOSTAO_04,CUST_00710
TICKET_006413,2024-01-21,TOSTAO_09,CUST_00598
TICKET_006414,2024-06-08,TOSTAO_12,CUST_01654
TICKET_006415,2024-03-01,TOSTAO_08,CUST_00629
TICKET_006416,2024-09-27,TOSTAO_11,CUST_02038
TICKET_006417,2024-01-30,TOSTAO_04,CUST_00462
TICKET_006418,2024-01-15,TOSTAO_20,CUST_00124
TICKET_006419,2024-10-03,TOSTAO_14,CUST_01004
TICKET_006420,2024-03-07,TOSTAO_06,CUST_00069
TICKET_006421,2024-06-30,TOSTAO_05,CUST_00917
TICKET_006422,2024-11-06,TOSTAO_04,CUST_00613
TICKET_006423,2024-10-01,TOSTAO_05,CUST_02482
TICKET_006424,2024-11-22,TOSTAO_14,CUST_00035
TICKET_006425,2024-03-31,TOSTAO_03,CUST_02305
TICKET_006426,2024-02-22,TOSTAO_07,CUST_00986
TICKET_006427,2024-10-15,TOSTAO_15,CUST_00853
TICKET_006428,2024-09-21,TOSTAO_14,CUST_02271
TICKET_006429,2024-10-17,TOSTAO_04,CUST_02371
TICKET_006430,2024-08-18,TOSTAO_19,CUST_00683
TICKET_006431,2024-10-17,TOSTAO_03,CUST_02153
TICKET_006432,2024-01-18,TOSTAO_07,CUST_02420
TICKET_006433,2024-12-30,TOSTAO_14,CUST_00644
TICKET_006434,2024-05-28,TOSTAO_08,CUST_00525
TICKET_006435,2024-11-24,TOSTAO_18,CUST_00422
TICKET_006436,2024-05-19,TOSTAO_03,CUST_00384
TICKET_006437,2024-11-25,TOSTAO_01,CUST_00619
TICKET_006438,2024-04-14,TOSTAO_04,CUST_01712
TICKET_006439,2024-10-24,TOSTAO_14,CUST_00553
TICKET_006440,2024-11-25,TOSTAO_20,CUST_02219
TICKET_006441,2024-03-29,TOSTAO_13,CUST_02005
TICKET_006442,2024-06-16,TOSTAO_12,CUST_00490
TICKET_006443,2024-01-01,TOSTAO_15,CUST_01652
TICKET_006444,2024-02-10,TOSTAO_07,CUST_00094
TICKET_006445,2024-04-03,TOSTAO_08,CUST_00360
TICKET_006446,2024-01-27,TOSTAO_01,CUST_01165
TICKET_006447,2024-04-15,TOSTAO_08,CUST_00433
TICKET_006448,2024-10-30,TOSTAO_20,CUST_01326
TICKET_006449,2024-10-24,TOSTAO_19,CUST_00858
TICKET_006450,2024-03-11,TOSTAO_17,CUST_01944
TICKET_006451,2024-02-22,TOSTAO_12,CUST_02086
TICKET_006452,2024-01-05,TOSTAO_17,CUST_00200
TICKET_006453,2024-02-08,TOSTAO_05,CUST_02092
TICKET_006454,2024-12-09,TOSTAO_06,CUST_00507
TICKET_006455,2024-01-20,TOSTAO_03,CUST_01446
TICKET_006456,2024-04-17,TOSTAO_20,CUST_00575
TICKET_006457,2024-10-11,TOSTAO_06,CUST_00955
TICKET_006458,2024-01-27,TOSTAO_20,CUST_00013
TICKET_006459,2024-08-17,TOSTAO_12,CUST_02351
TICKET_006460,2024-03-27,TOSTAO_11,CUST_00449
TICKET_006461,2024-07-04,TOSTAO_16,CUST_00433
TICKET_006462,2024-09-03,TOSTAO_17,CUST_00167
TICKET_006463,2024-02-26,TOSTAO_07,CUST_01525
TICKET_006464,2024-01-01,TOSTAO_07,CUST_01941
TICKET_006465,2024-05-21,TOSTAO_01,CUST_02215
TICKET_006466,2024-09-27,TOSTAO_19,CUST_01706
TICKET_006467,2024-08-26,TOSTAO_16,CUST_01882
TICKET_006468,2024-08-22,TOSTAO_09,CUST_01349
TICKET_006469,2024-08-17,TOSTAO_15,CUST_01077
TICKET_006470,2024-07-13,TOSTAO_03,CUST_00766
TICKET_006471,2024-09-24,TOSTAO_19,CUST_00336
TICKET_006472,2024-03-16,TOSTAO_03,CUST_00399
TICKET_006473,2024-01-16,TOSTAO_09,CUST_02418
TICKET_006474,2024-10-10,TOSTAO_03,CUST_00754
TICKET_006475,2024-02-28,TOSTAO_10,CUST_01869
TICKET_006476,2024-02-10,TOSTAO_11,CUST_00228
TICKET_006477,2024-12-11,TOSTAO_13,CUST_02320
TICKET_006478,2024-02-29,TOSTAO_01,CUST_02444
TICKET_006479,2024-03-20,TOSTAO_17,CUST_02222
TICKET_006480,2024-03-30,TOSTAO_11,CUST_00327
TICKET_006481,2024-06-30,TOSTAO_13,CUST_00405
TICKET_006482,2024-04-15,TOSTAO_11,CUST_02205
TICKET_006483,2024-02-10,TOSTAO_10,CUST_00890
TICKET_006484,2024-08-23,TOSTAO_20,CUST_01896
TICKET_006485,2024-07-29,TOSTAO_19,CUST_00946
TICKET_006486,2024-12-23,TOSTAO_09,CUST_02130
TICKET_006487,2024-03-23,TOSTAO_09,CUST_00353
TICKET_006488,2024-11-17,TOSTAO_09,CUST_01380
TICKET_006489,2024-01-30,TOSTAO_16,CUST_01941
TICKET_006490,2024-12-17,TOSTAO_10,CUST_01212
TICKET_006491,2024-12-30,TOSTAO_11,CUST_00409
TICKET_006492,2024-07-30,TOSTAO_19,CUST_01792
TICKET_006493,2024-10-17,TOSTAO_20,CUST_00301
TICKET_006494,2024-09-13,TOSTAO_12,CUST_00679
TICKET_006495,2024-01-27,TOSTAO_14,CUST_02153
TICKET_006496,2024-06-25,TOSTAO_13,CUST_00278
TICKET_006497,2024-06-14,TOSTAO_02,CUST_01716
TICKET_006498,2024-09-09,TOSTAO_01,CUST_01531
TICKET_006499,2024-12-22,TOSTAO_18,CUST_01916
TICKET_006500,2024-05-15,TOSTAO_08,CUST_00909
TICKET_006501,2024-10-20,TOSTAO_19,CUST_00394
TICKET_006502,2024-05-10,TOSTAO_11,CUST_00183
TICKET_006503,2024-03-09,TOSTAO_03,CUST_00392
TICKET_006504,2024-03-12,TOSTAO_08,CUST_01977
TICKET_006505,2024-09-17,TOSTAO_11,CUST_01199
TICKET_006506,2024-03-04,TOSTAO_04,CUST_00215
TICKET_006507,2024-10-19,TOSTAO_10,CUST_00510
TICKET_006508,2024-06-14,TOSTAO_04,CUST_01402
TICKET_006509,2024-07-08,TOSTAO_07,CUST_02196
TICKET_006510,2024-10-28,TOSTAO_18,CUST_02364
TICKET_006511,2024-05-03,TOSTAO_09,CUST_00679
TICKET_006512,2024-12-02,TOSTAO_05,CUST_01100
TICKET_006513,2024-01-01,TOSTAO_07,CUST_02428
TICKET_006514,2024-05-14,TOSTAO_07,CUST_01044
TICKET_006515,2024-05-04,TOSTAO_02,CUST_00951
TICKET_006516,2024-06-08,TOSTAO_04,CUST_01419
TICKET_006517,2024-04-07,TOSTAO_02,CUST_00796
TICKET_006518,2024-08-08,TOSTAO_09,CUST_01204
TICKET_006519,2024-12-23,TOSTAO_01,CUST_01833
TICKET_006520,2024-12-11,TOSTAO_20,CUST_00105
TICKET_006521,2024-07-14,TOSTAO_17,CUST_01501
TICKET_006522,2024-05-04,TOSTAO_02,CUST_01823
TICKET_006523,2024-10-04,TOSTAO_20,CUST_02350
TICKET_006524,2024-12-15,TOSTAO_09,CUST_02116
TICKET_006525,2024-07-22,TOSTAO_19,CUST_00774
TICKET_006526,2024-04-06,TOSTAO_14,CUST_02338
TICKET_006527,2024-06-25,TOSTAO_13,CUST_01922
TICKET_006528,2024-09-26,TOSTAO_15,CUST_00077
TICKET_006529,2024-05-31,TOSTAO_01,CUST_01405
TICKET_006530,2024-12-10,TOSTAO_12,CUST_01376
TICKET_006531,2024-09-13,TOSTAO_13,CUST_02305
TICKET_006532,2024-06-24,TOSTAO_02,CUST_01049
TICKET_006533,2024-01-21,TOSTAO_09,CUST_01172
TICKET_006534,2024-05-27,TOSTAO_04,CUST_02269
TICKET_006535,2024-04-07,TOSTAO_03,CUST_02333
TICKET_006536,2024-11-27,TOSTAO_05,CUST_00447
TICKET_006537,2024-07-18,TOSTAO_07,CUST_02327
TICKET_006538,2024-08-05,TOSTAO_16,CUST_02140
TICKET_006539,2024-04-26,TOSTAO_01,CUST_01299
TICKET_006540,2024-07-01,TOSTAO_07,CUST_01435
TICKET_006541,2024-06-24,TOSTAO_09,CUST_01367
TICKET_006542,2024-12-23,TOSTAO_19,CUST_00018
TICKET_006543,2024-08-26,TOSTAO_03,CUST_02225
TICKET_006544,2024-12-28,TOSTAO_20,CUST_02316
TICKET_006545,2024-05-13,TOSTAO_08,CUST_01722
TICKET_006546,2024-10-31,TOSTAO_07,CUST_02310
TICKET_006547,2024-04-21,TOSTAO_10,CUST_00267
TICKET_006548,2024-10-15,TOSTAO_11,CUST_00096
TICKET_006549,2024-10-07,TOSTAO_14,CUST_01714
TICKET_006550,2024-06-06,TOSTAO_01,CUST_01950
TICKET_006551,2024-06-23,TOSTAO_08,CUST_01592
TICKET_006552,2024-09-17,TOSTAO_03,CUST_01628
TICKET_006553,2024-06-06,TOSTAO_18,CUST_00427
TICKET_006554,2024-07-28,TOSTAO_12,CUST_01114
TICKET_006555,2024-02-22,TOSTAO_13,CUST_00503
TICKET_006556,2024-09-25,TOSTAO_08,CUST_02171
TICKET_006557,2024-10-30,TOSTAO_14,CUST_01703
TICKET_006558,2024-05-02,TOSTAO_17,CUST_00725
TICKET_006559,2024-11-26,TOSTAO_02,CUST_00385
TICKET_006560,2024-02-12,TOSTAO_10,CUST_01060
TICKET_006561,2024-12-28,TOSTAO_01,CUST_02206
TICKET_006562,2024-12-10,TOSTAO_19,CUST_01700
TICKET_006563,2024-11-05,TOSTAO_02,CUST_02282
TICKET_006564,2024-04-03,TOSTAO_04,CUST_01113
TICKET_006565,2024-09-21,TOSTAO_15,CUST_01136
TICKET_006566,2024-11-06,TOSTAO_03,CUST_00390
TICKET_006567,2024-07-13,TOSTAO_17,CUST_01530
TICKET_006568,2024-01-21,TOSTAO_10,CUST_00821
TICKET_006569,2024-08-16,TOSTAO_15,CUST_01116
TICKET_006570,2024-08-27,TOSTAO_16,CUST_01541
TICKET_006571,2024-06-25,TOSTAO_07,CUST_00161
TICKET_006572,2024-03-04,TOSTAO_02,CUST_01249
TICKET_006573,2024-01-10,TOSTAO_08,CUST_00487
TICKET_006574,2024-10-19,TOSTAO_13,CUST_00683
TICKET_006575,2024-02-22,TOSTAO_20,CUST_01645
TICKET_006576,2024-07-07,TOSTAO_04,CUST_00876
TICKET_006577,2024-11-21,TOSTAO_06,CUST_00532
TICKET_006578,2024-11-10,TOSTAO_11,CUST_00992
TICKET_006579,2024-05-04,TOSTAO_10,CUST_01622
TICKET_006580,2024-09-13,TOSTAO_20,CUST_00546
TICKET_006581,2024-12-18,TOSTAO_17,CUST_00014
TICKET_006582,2024-08-10,TOSTAO_11,CUST_01411
TICKET_006583,2024-02-25,TOSTAO_16,CUST_02152
TICKET_006584,2024-01-26,TOSTAO_02,CUST_00010
TICKET_006585,2024-04-05,TOSTAO_12,CUST_01532
TICKET_006586,2024-09-11,TOSTAO_01,CUST_02146
TICKET_006587,2024-01-26,TOSTAO_13,CUST_00923
TICKET_006588,2024-05-24,TOSTAO_05,CUST_00666
TICKET_006589,2024-01-20,TOSTAO_09,CUST_02412
TICKET_006590,2024-06-01,TOSTAO_14,CUST_00039
TICKET_006591,2024-07-12,TOSTAO_13,CUST_02050
TICKET_006592,2024-02-18,TOSTAO_15,CUST_01309
TICKET_006593,2024-02-29,TOSTAO_19,CUST_00065
TICKET_006594,2024-03-27,TOSTAO_01,CUST_02498
TICKET_006595,2024-08-02,TOSTAO_09,CUST_01452
TICKET_006596,2024-06-03,TOSTAO_18,CUST_01909
TICKET_006597,2024-04-08,TOSTAO_18,CUST_00028
TICKET_006598,2024-09-13,TOSTAO_12,CUST_01257
TICKET_006599,2024-08-03,TOSTAO_04,CUST_00403
TICKET_006600,2024-07-14,TOSTAO_20,CUST_01265
TICKET_006601,2024-12-03,TOSTAO_03,CUST_00120
TICKET_006602,2024-04-25,TOSTAO_15,CUST_00760
TICKET_006603,2024-11-11,TOSTAO_19,CUST_00876
TICKET_006604,2024-03-22,TOSTAO_13,CUST_00677
TICKET_006605,2024-01-18,TOSTAO_06,CUST_00168
TICKET_006606,2024-08-17,TOSTAO_18,CUST_00727
TICKET_006607,2024-07-25,TOSTAO_13,CUST_00846
TICKET_006608,2024-12-15,TOSTAO_02,CUST_01769
TICKET_006609,2024-04-03,TOSTAO_19,CUST_01319
TICKET_006610,2024-10-05,TOSTAO_06,CUST_00710
TICKET_006611,2024-06-28,TOSTAO_04,CUST_00646
TICKET_006612,2024-04-19,TOSTAO_15,CUST_01755
TICKET_006613,2024-06-03,TOSTAO_15,CUST_01428
TICKET_006614,2024-11-26,TOSTAO_08,CUST_02465
TICKET_006615,2024-07-24,TOSTAO_01,CUST_02044
TICKET_006616,2024-06-28,TOSTAO_13,CUST_01054
TICKET_006617,2024-09-18,TOSTAO_11,CUST_00386
TICKET_006618,2024-01-09,TOSTAO_13,CUST_00695
TICKET_006619,2024-03-18,TOSTAO_09,CUST_02326
TICKET_006620,2024-06-16,TOSTAO_01,CUST_00433
TICKET_006621,2024-06-21,TOSTAO_18,CUST_01801
TICKET_006622,2024-02-13,TOSTAO_05,CUST_01926
TICKET_006623,2024-03-30,TOSTAO_07,CUST_01241
TICKET_006624,2024-06-04,TOSTAO_05,CUST_01107
TICKET_006625,2024-05-08,TOSTAO_11,CUST_00485
TICKET_006626,2024-06-03,TOSTAO_07,CUST_01404
TICKET_006627,2024-08-08,TOSTAO_17,CUST_00714
TICKET_006628,2024-06-12,TOSTAO_18,CUST_01865
TICKET_006629,2024-06-12,TOSTAO_09,CUST_00945
TICKET_006630,2024-11-19,TOSTAO_02,CUST_01348
TICKET_006631,2024-04-06,TOSTAO_17,CUST_01189
TICKET_006632,2024-11-22,TOSTAO_09,CUST_02459
TICKET_006633,2024-09-06,TOSTAO_03,CUST_00345
TICKET_006634,2024-04-16,TOSTAO_17,CUST_01449
TICKET_006635,2024-06-10,TOSTAO_05,CUST_02063
TICKET_006636,2024-04-22,TOSTAO_16,CUST_01955
TICKET_006637,2024-09-28,TOSTAO_12,CUST_00245
TICKET_006638,2024-07-29,TOSTAO_12,CUST_01266
TICKET_006639,2024-05-15,TOSTAO_02,CUST_01872
TICKET_006640,2024-05-19,TOSTAO_10,CUST_01611
TICKET_006641,2024-12-10,TOSTAO_08,CUST_01246
TICKET_006642,2024-04-02,TOSTAO_03,CUST_00462
TICKET_006643,2024-11-03,TOSTAO_03,CUST_01048
TICKET_006644,2024-02-04,TOSTAO_16,CUST_00339
TICKET_006645,2024-10-31,TOSTAO_18,CUST_00314
TICKET_006646,2024-05-24,TOSTAO_12,CUST_01054
TICKET_006647,2024-04-13,TOSTAO_06,CUST_00498
TICKET_006648,2024-11-02,TOSTAO_10,CUST_00428
TICKET_006649,2024-05-30,TOSTAO_13,CUST_00878
TICKET_006650,2024-05-10,TOSTAO_05,CUST_00903
TICKET_006651,2024-01-11,TOSTAO_07,CUST_01012
TICKET_006652,2024-08-21,TOSTAO_09,CUST_01039
TICKET_006653,2024-05-06,TOSTAO_18,CUST_01454
TICKET_006654,2024-08-04,TOSTAO_10,CUST_01466
TICKET_006655,2024-06-02,TOSTAO_02,CUST_01664
TICKET_006656,2024-06-22,TOSTAO_11,CUST_01609
TICKET_006657,2024-11-23,TOSTAO_13,CUST_00607
TICKET_006658,2024-04-24,TOSTAO_15,CUST_01644
TICKET_006659,2024-03-15,TOSTAO_15,CUST_00745
TICKET_006660,2024-09-11,TOSTAO_17,CUST_00913
TICKET_006661,2024-09-22,TOSTAO_11,CUST_02405
TICKET_006662,2024-03-13,TOSTAO_14,CUST_00223
TICKET_006663,2024-10-17,TOSTAO_08,CUST_00061
TICKET_006664,2024-02-11,TOSTAO_04,CUST_01175
TICKET_006665,2024-07-23,TOSTAO_18,CUST_00905
TICKET_006666,2024-01-30,TOSTAO_18,CUST_00198
TICKET_006667,2024-10-11,TOSTAO_08,CUST_01262
TICKET_006668,2024-04-12,TOSTAO_02,CUST_01008
TICKET_006669,2024-11-09,TOSTAO_09,CUST_01104
TICKET_006670,2024-10-28,TOSTAO_16,CUST_01072
TICKET_006671,2024-07-19,TOSTAO_11,CUST_02448
TICKET_006672,2024-11-27,TOSTAO_10,CUST_00872
TICKET_006673,2024-04-07,TOSTAO_15,CUST_00066
TICKET_006674,2024-06-23,TOSTAO_14,CUST_01708
TICKET_006675,2024-12-05,TOSTAO_18,CUST_01040
TICKET_006676,2024-11-18,TOSTAO_19,CUST_02121
TICKET_006677,2024-11-13,TOSTAO_15,CUST_02050
TICKET_006678,2024-12-06,TOSTAO_04,CUST_01591
TICKET_006679,2024-01-27,TOSTAO_12,CUST_02497
TICKET_006680,2024-01-11,TOSTAO_12,CUST_00714
TICKET_006681,2024-01-06,TOSTAO_15,CUST_02413
TICKET_006682,2024-10-26,TOSTAO_12,CUST_00084
TICKET_006683,2024-05-02,TOSTAO_03,CUST_00503
TICKET_006684,2024-09-03,TOSTAO_17,CUST_00425
TICKET_006685,2024-03-02,TOSTAO_05,CUST_01785
TICKET_006686,2024-11-18,TOSTAO_13,CUST_02452
TICKET_006687,2024-08-22,TOSTAO_03,CUST_00864
TICKET_006688,2024-10-21,TOSTAO_07,CUST_00219
TICKET_006689,2024-10-28,TOSTAO_16,CUST_00247
TICKET_006690,2024-01-16,TOSTAO_19,CUST_01516
TICKET_006691,2024-10-30,TOSTAO_02,CUST_00087
TICKET_006692,2024-05-23,TOSTAO_13,CUST_01539
TICKET_006693,2024-01-17,TOSTAO_17,CUST_02233
TICKET_006694,2024-10-23,TOSTAO_10,CUST_02080
TICKET_006695,2024-01-20,TOSTAO_20,CUST_01177
TICKET_006696,2024-10-20,TOSTAO_07,CUST_02354
TICKET_006697,2024-10-13,TOSTAO_01,CUST_01522
TICKET_006698,2024-01-24,TOSTAO_07,CUST_02047
TICKET_006699,2024-04-13,TOSTAO_16,CUST_01618
TICKET_006700,2024-06-30,TOSTAO_04,CUST_01232
TICKET_006701,2024-06-10,TOSTAO_04,CUST_00408
TICKET_006702,2024-11-30,TOSTAO_04,CUST_01060
TICKET_006703,2024-12-20,TOSTAO_04,CUST_00842
TICKET_006704,2024-11-15,TOSTAO_08,CUST_02318
TICKET_006705,2024-12-30,TOSTAO_14,CUST_01032
TICKET_006706,2024-05-11,TOSTAO_10,CUST_00323
TICKET_006707,2024-08-19,TOSTAO_11,CUST_01293
TICKET_006708,2024-09-15,TOSTAO_16,CUST_00145
TICKET_006709,2024-09-09,TOSTAO_04,CUST_01388
TICKET_006710,2024-06-27,TOSTAO_02,CUST_01317
TICKET_006711,2024-01-18,TOSTAO_05,CUST_02088
TICKET_006712,2024-11-05,TOSTAO_10,CUST_02353
TICKET_006713,2024-04-06,TOSTAO_06,CUST_02388
TICKET_006714,2024-04-22,TOSTAO_03,CUST_00433
TICKET_006715,2024-06-10,TOSTAO_15,CUST_02220
TICKET_006716,2024-09-22,TOSTAO_14,CUST_01407
TICKET_006717,2024-08-05,TOSTAO_20,CUST_00053
TICKET_006718,2024-03-23,TOSTAO_17,CUST_02446
TICKET_006719,2024-09-30,TOSTAO_05,CUST_01946
TICKET_006720,2024-05-05,TOSTAO_08,CUST_02246
TICKET_006721,2024-07-14,TOSTAO_13,CUST_00818
TICKET_006722,2024-05-31,TOSTAO_09,CUST_01022
TICKET_006723,2024-07-01,TOSTAO_06,CUST_00917
TICKET_006724,2024-04-09,TOSTAO_16,CUST_02494
TICKET_006725,2024-03-08,TOSTAO_19,CUST_01173
TICKET_006726,2024-10-15,TOSTAO_01,CUST_00873
TICKET_006727,2024-12-22,TOSTAO_13,CUST_02179
TICKET_006728,2024-03-01,TOSTAO_02,CUST_01646
TICKET_006729,2024-09-27,TOSTAO_16,CUST_01736
TICKET_006730,2024-09-28,TOSTAO_20,CUST_01982
TICKET_006731,2024-01-23,TOSTAO_06,CUST_01360
TICKET_006732,2024-12-02,TOSTAO_20,CUST_01223
TICKET_006733,2024-01-19,TOSTAO_07,CUST_00621
TICKET_006734,2024-10-12,TOSTAO_20,CUST_01316
TICKET_006735,2024-06-18,TOSTAO_19,CUST_00837
TICKET_006736,2024-07-21,TOSTAO_17,CUST_00049
TICKET_006737,2024-09-22,TOSTAO_10,CUST_01333
TICKET_006738,2024-05-28,TOSTAO_12,CUST_01286
TICKET_006739,2024-07-27,TOSTAO_08,CUST_01096
TICKET_006740,2024-01-08,TOSTAO_19,CUST_01962
TICKET_006741,2024-08-29,TOSTAO_05,CUST_00620
TICKET_006742,2024-08-25,TOSTAO_04,CUST_00345
TICKET_006743,2024-03-06,TOSTAO_19,CUST_01591
TICKET_006744,2024-02-04,TOSTAO_03,CUST_00590
TICKET_006745,2024-02-02,TOSTAO_13,CUST_00849
TICKET_006746,2024-02-03,TOSTAO_16,CUST_00724
TICKET_006747,2024-11-16,TOSTAO_03,CUST_02208
TICKET_006748,2024-04-19,TOSTAO_12,CUST_02267
TICKET_006749,2024-12-03,TOSTAO_02,CUST_00566
TICKET_006750,2024-07-19,TOSTAO_07,CUST_00256
TICKET_006751,2024-10-09,TOSTAO_16,CUST_01688
TICKET_006752,2024-05-09,TOSTAO_02,CUST_00184
TICKET_006753,2024-03-22,TOSTAO_09,CUST_00477
TICKET_006754,2024-07-28,TOSTAO_11,CUST_00390
TICKET_006755,2024-11-04,TOSTAO_04,CUST_01148
TICKET_006756,2024-03-21,TOSTAO_04,CUST_00115
TICKET_006757,2024-12-09,TOSTAO_01,CUST_02313
TICKET_006758,2024-10-16,TOSTAO_08,CUST_01583
TICKET_006759,2024-03-31,TOSTAO_02,CUST_02083
TICKET_006760,2024-01-17,TOSTAO_03,CUST_02228
TICKET_006761,2024-07-13,TOSTAO_18,CUST_00317
TICKET_006762,2024-07-11,TOSTAO_15,CUST_01372
TICKET_006763,2024-02-15,TOSTAO_20,CUST_00660
TICKET_006764,2024-04-29,TOSTAO_20,CUST_02172
TICKET_006765,2024-05-13,TOSTAO_05,CUST_01359
TICKET_006766,2024-08-09,TOSTAO_05,CUST_02376
TICKET_006767,2024-12-14,TOSTAO_15,CUST_02285
TICKET_006768,2024-10-02,TOSTAO_18,CUST_01326
TICKET_006769,2024-03-19,TOSTAO_11,CUST_00755
TICKET_006770,2024-02-16,TOSTAO_08,CUST_00392
TICKET_006771,2024-12-01,TOSTAO_07,CUST_01974
TICKET_006772,2024-06-20,TOSTAO_13,CUST_00721
TICKET_006773,2024-07-07,TOSTAO_17,CUST_01384
TICKET_006774,2024-04-17,TOSTAO_06,CUST_01531
TICKET_006775,2024-02-19,TOSTAO_18,CUST_00225
TICKET_006776,2024-11-21,TOSTAO_11,CUST_01769
TICKET_006777,2024-02-23,TOSTAO_02,CUST_00779
TICKET_006778,2024-07-21,TOSTAO_05,CUST_02325
TICKET_006779,2024-07-16,TOSTAO_15,CUST_00188
TICKET_006780,2024-06-08,TOSTAO_08,CUST_00005
TICKET_006781,2024-05-17,TOSTAO_15,CUST_00272
TICKET_006782,2024-10-27,TOSTAO_17,CUST_00603
TICKET_006783,2024-05-13,TOSTAO_11,CUST_00762
TICKET_006784,2024-10-03,TOSTAO_15,CUST_00312
TICKET_006785,2024-06-28,TOSTAO_13,CUST_01041
TICKET_006786,2024-08-01,TOSTAO_03,CUST_02096
TICKET_006787,2024-08-22,TOSTAO_10,CUST_00864
TICKET_006788,2024-05-02,TOSTAO_02,CUST_00752
TICKET_006789,2024-02-28,TOSTAO_01,CUST_01185
TICKET_006790,2024-02-08,TOSTAO_05,CUST_00798
TICKET_006791,2024-05-25,TOSTAO_20,CUST_00472
TICKET_006792,2024-02-04,TOSTAO_05,CUST_00789
TICKET_006793,2024-04-06,TOSTAO_05,CUST_01085
TICKET_006794,2024-09-09,TOSTAO_06,CUST_00852
TICKET_006795,2024-12-10,TOSTAO_09,CUST_01635
TICKET_006796,2024-09-17,TOSTAO_10,CUST_01120
TICKET_006797,2024-10-09,TOSTAO_13,CUST_02317
TICKET_006798,2024-06-04,TOSTAO_04,CUST_00425
TICKET_006799,2024-02-26,TOSTAO_17,CUST_00969
TICKET_006800,2024-09-26,TOSTAO_15,CUST_00517
TICKET_006801,2024-11-10,TOSTAO_11,CUST_01079
TICKET_006802,2024-01-21,TOSTAO_12,CUST_00101
TICKET_006803,2024-03-05,TOSTAO_11,CUST_02342
TICKET_006804,2024-10-06,TOSTAO_08,CUST_00179
TICKET_006805,2024-08-01,TOSTAO_04,CUST_02231
TICKET_006806,2024-12-24,TOSTAO_15,CUST_00795
TICKET_006807,2024-10-21,TOSTAO_20,CUST_02334
TICKET_006808,2024-08-22,TOSTAO_11,CUST_00750
TICKET_006809,2024-04-19,TOSTAO_05,CUST_00718
TICKET_006810,2024-02-26,TOSTAO_10,CUST_00127
TICKET_006811,2024-05-02,TOSTAO_03,CUST_02493
TICKET_006812,2024-03-24,TOSTAO_04,CUST_01848
TICKET_006813,2024-01-05,TOSTAO_13,CUST_02148
TICKET_006814,2024-09-21,TOSTAO_16,CUST_02376
TICKET_006815,2024-12-04,TOSTAO_09,CUST_00008
TICKET_006816,2024-08-04,TOSTAO_13,CUST_02386
TICKET_006817,2024-06-01,TOSTAO_05,CUST_01660
TICKET_006818,2024-04-07,TOSTAO_12,CUST_02322
TICKET_006819,2024-09-02,TOSTAO_18,CUST_00441
TICKET_006820,2024-09-10,TOSTAO_02,CUST_01305
TICKET_006821,2024-03-31,TOSTAO_03,CUST_00260
TICKET_006822,2024-07-22,TOSTAO_05,CUST_01262
TICKET_006823,2024-10-02,TOSTAO_02,CUST_02021
TICKET_006824,2024-03-10,TOSTAO_10,CUST_01211
TICKET_006825,2024-03-23,TOSTAO_03,CUST_00014
TICKET_006826,2024-09-15,TOSTAO_08,CUST_00165
TICKET_006827,2024-08-05,TOSTAO_12,CUST_02361
TICKET_006828,2024-04-27,TOSTAO_17,CUST_01530
TICKET_006829,2024-05-15,TOSTAO_19,CUST_01567
TICKET_006830,2024-12-21,TOSTAO_16,CUST_00679
TICKET_006831,2024-10-26,TOSTAO_07,CUST_00114
TICKET_006832,2024-03-01,TOSTAO_18,CUST_00201
TICKET_006833,2024-02-14,TOSTAO_15,CUST_01095
TICKET_006834,2024-04-07,TOSTAO_02,CUST_00713
TICKET_006835,2024-10-29,TOSTAO_03,CUST_02314
TICKET_006836,2024-09-09,TOSTAO_19,CUST_01702
TICKET_006837,2024-06-30,TOSTAO_16,CUST_01466
TICKET_006838,2024-12-05,TOSTAO_03,CUST_01243
TICKET_006839,2024-08-12,TOSTAO_10,CUST_01430
TICKET_006840,2024-11-16,TOSTAO_17,CUST_00922
TICKET_006841,2024-01-16,TOSTAO_08,CUST_00794
TICKET_006842,2024-01-05,TOSTAO_12,CUST_02113
TICKET_006843,2024-06-16,TOSTAO_07,CUST_01957
TICKET_006844,2024-04-11,TOSTAO_18,CUST_01819
TICKET_006845,2024-02-13,TOSTAO_09,CUST_01049
TICKET_006846,2024-01-13,TOSTAO_16,CUST_00758
TICKET_006847,2024-06-04,TOSTAO_03,CUST_00834
TICKET_006848,2024-12-21,TOSTAO_12,CUST_01292
TICKET_006849,2024-07-28,TOSTAO_19,CUST_00846
TICKET_006850,2024-07-20,TOSTAO_14,CUST_01825
TICKET_006851,2024-01-25,TOSTAO_06,CUST_00627
TICKET_006852,2024-08-08,TOSTAO_06,CUST_01429
TICKET_006853,2024-07-16,TOSTAO_07,CUST_01402
TICKET_006854,2024-02-10,TOSTAO_15,CUST_01687
TICKET_006855,2024-06-13,TOSTAO_01,CUST_01436
TICKET_006856,2024-01-01,TOSTAO_18,CUST_00647
TICKET_006857,2024-03-31,TOSTAO_14,CUST_01982
TICKET_006858,2024-11-13,TOSTAO_11,CUST_02406
TICKET_006859,2024-06-20,TOSTAO_03,CUST_01852
TICKET_006860,2024-09-28,TOSTAO_11,CUST_00746
TICKET_006861,2024-11-25,TOSTAO_01,CUST_00696
TICKET_006862,2024-04-03,TOSTAO_06,CUST_01853
TICKET_006863,2024-06-29,TOSTAO_20,CUST_01142
TICKET_006864,2024-12-22,TOSTAO_18,CUST_01816
TICKET_006865,2024-11-09,TOSTAO_08,CUST_02071
TICKET_006866,2024-07-29,TOSTAO_17,CUST_01582
TICKET_006867,2024-01-06,TOSTAO_12,CUST_02000
TICKET_006868,2024-11-02,TOSTAO_19,CUST_00088
TICKET_006869,2024-02-07,TOSTAO_05,CUST_02428
TICKET_006870,2024-07-20,TOSTAO_17,CUST_02286
TICKET_006871,2024-05-28,TOSTAO_04,CUST_01537
TICKET_006872,2024-10-24,TOSTAO_09,CUST_00894
TICKET_006873,2024-06-14,TOSTAO_14,CUST_00469
TICKET_006874,2024-09-06,TOSTAO_05,CUST_02197
TICKET_006875,2024-07-02,TOSTAO_17,CUST_01020
TICKET_006876,2024-06-10,TOSTAO_07,CUST_01331
TICKET_006877,2024-11-06,TOSTAO_02,CUST_00500
TICKET_006878,2024-01-03,TOSTAO_13,CUST_00761
TICKET_006879,2024-07-04,TOSTAO_04,CUST_01031
TICKET_006880,2024-03-17,TOSTAO_13,CUST_02332
TICKET_006881,2024-04-08,TOSTAO_18,CUST_02126
TICKET_006882,2024-06-05,TOSTAO_01,CUST_00766
TICKET_006883,2024-11-30,TOSTAO_18,CUST_00070
TICKET_006884,2024-05-03,TOSTAO_07,CUST_00067
TICKET_006885,2024-04-15,TOSTAO_18,CUST_01786
TICKET_006886,2024-07-23,TOSTAO_14,CUST_01249
TICKET_006887,2024-07-09,TOSTAO_15,CUST_01699
TICKET_006888,2024-07-07,TOSTAO_18,CUST_00741
TICKET_006889,2024-10-18,TOSTAO_18,CUST_01570
TICKET_006890,2024-04-23,TOSTAO_19,CUST_00543
TICKET_006891,2024-03-05,TOSTAO_05,CUST_01124
TICKET_006892,2024-03-30,TOSTAO_01,CUST_01275
TICKET_006893,2024-09-01,TOSTAO_12,CUST_02210
TICKET_006894,2024-06-16,TOSTAO_16,CUST_02084
TICKET_006895,2024-07-23,TOSTAO_11,CUST_00831
TICKET_006896,2024-10-22,TOSTAO_17,CUST_00625
TICKET_006897,2024-08-03,TOSTAO_11,CUST_01505
TICKET_006898,2024-03-18,TOSTAO_20,CUST_00516
TICKET_006899,2024-04-17,TOSTAO_07,CUST_00393
TICKET_006900,2024-05-05,TOSTAO_02,CUST_01088
TICKET_006901,2024-12-20,TOSTAO_16,CUST_01437
TICKET_006902,2024-05-29,TOSTAO_05,CUST_01479
TICKET_006903,2024-12-17,TOSTAO_07,CUST_02270
TICKET_006904,2024-06-05,TOSTAO_09,CUST_02051
TICKET_006905,2024-08-29,TOSTAO_15,CUST_01383
TICKET_006906,2024-08-29,TOSTAO_12,CUST_00258
TICKET_006907,2024-01-19,TOSTAO_15,CUST_02110
TICKET_006908,2024-01-07,TOSTAO_07,CUST_00233
TICKET_006909,2024-07-04,TOSTAO_12,CUST_00248
TICKET_006910,2024-12-20,TOSTAO_09,CUST_00535
TICKET_006911,2024-10-07,TOSTAO_03,CUST_00037
TICKET_006912,2024-09-13,TOSTAO_11,CUST_01242
TICKET_006913,2024-05-27,TOSTAO_03,CUST_02382
TICKET_006914,2024-01-01,TOSTAO_01,CUST_01418
TICKET_006915,2024-01-09,TOSTAO_05,CUST_01498
TICKET_006916,2024-05-22,TOSTAO_19,CUST_00871
TICKET_006917,2024-01-02,TOSTAO_01,CUST_01639
TICKET_006918,2024-05-27,TOSTAO_10,CUST_02328
TICKET_006919,2024-09-24,TOSTAO_04,CUST_01395
TICKET_006920,2024-01-29,TOSTAO_04,CUST_01211
TICKET_006921,2024-01-19,TOSTAO_03,CUST_02101
TICKET_006922,2024-05-23,TOSTAO_09,CUST_02133
TICKET_006923,2024-03-28,TOSTAO_03,CUST_00591
TICKET_006924,2024-09-20,TOSTAO_17,CUST_00750
TICKET_006925,2024-01-18,TOSTAO_17,CUST_01857
TICKET_006926,2024-09-22,TOSTAO_03,CUST_01799
TICKET_006927,2024-02-28,TOSTAO_12,CUST_00196
TICKET_006928,2024-12-15,TOSTAO_01,CUST_00848
TICKET_006929,2024-08-06,TOSTAO_03,CUST_01909
TICKET_006930,2024-02-21,TOSTAO_14,CUST_02438
TICKET_006931,2024-10-02,TOSTAO_13,CUST_02028
TICKET_006932,2024-07-23,TOSTAO_12,CUST_01255
TICKET_006933,2024-08-23,TOSTAO_16,CUST_01623
TICKET_006934,2024-03-17,TOSTAO_11,CUST_00671
TICKET_006935,2024-01-13,TOSTAO_07,CUST_01973
TICKET_006936,2024-03-18,TOSTAO_04,CUST_00361
TICKET_006937,2024-12-14,TOSTAO_15,CUST_01736
TICKET_006938,2024-02-24,TOSTAO_13,CUST_00169
TICKET_006939,2024-05-10,TOSTAO_10,CUST_01763
TICKET_006940,2024-10-08,TOSTAO_12,CUST_01386
TICKET_006941,2024-01-02,TOSTAO_04,CUST_01871
TICKET_006942,2024-06-13,TOSTAO_07,CUST_01868
TICKET_006943,2024-07-08,TOSTAO_06,CUST_00437
TICKET_006944,2024-10-11,TOSTAO_11,CUST_02485
TICKET_006945,2024-09-21,TOSTAO_06,CUST_02185
TICKET_006946,2024-03-27,TOSTAO_05,CUST_00224
TICKET_006947,2024-01-14,TOSTAO_17,CUST_01768
TICKET_006948,2024-03-25,TOSTAO_09,CUST_00207
TICKET_006949,2024-05-17,TOSTAO_17,CUST_00686
TICKET_006950,2024-07-26,TOSTAO_11,CUST_00786
TICKET_006951,2024-08-13,TOSTAO_16,CUST_00616
TICKET_006952,2024-10-04,TOSTAO_10,CUST_00149
TICKET_006953,2024-01-26,TOSTAO_08,CUST_01253
TICKET_006954,2024-01-21,TOSTAO_11,CUST_00175
TICKET_006955,2024-09-09,TOSTAO_15,CUST_00125
TICKET_006956,2024-01-15,TOSTAO_10,CUST_01361
TICKET_006957,2024-01-10,TOSTAO_20,CUST_01139
TICKET_006958,2024-04-13,TOSTAO_16,CUST_00074
TICKET_006959,2024-04-17,TOSTAO_10,CUST_00714
TICKET_006960,2024-06-28,TOSTAO_19,CUST_01963
TICKET_006961,2024-12-27,TOSTAO_01,CUST_02148
TICKET_006962,2024-04-25,TOSTAO_20,CUST_00664
TICKET_006963,2024-09-09,TOSTAO_17,CUST_00465
TICKET_006964,2024-12-04,TOSTAO_08,CUST_01147
TICKET_006965,2024-08-15,TOSTAO_16,CUST_01983
TICKET_006966,2024-03-01,TOSTAO_14,CUST_02028
TICKET_006967,2024-04-19,TOSTAO_19,CUST_00920
TICKET_006968,2024-10-24,TOSTAO_19,CUST_01221
TICKET_006969,2024-10-26,TOSTAO_01,CUST_02467
TICKET_006970,2024-02-01,TOSTAO_13,CUST_01772
TICKET_006971,2024-11-05,TOSTAO_14,CUST_02258
TICKET_006972,2024-10-17,TOSTAO_11,CUST_01352
TICKET_006973,2024-12-17,TOSTAO_14,CUST_00873
TICKET_006974,2024-01-22,TOSTAO_12,CUST_01839
TICKET_006975,2024-12-30,TOSTAO_08,CUST_00220
TICKET_006976,2024-05-17,TOSTAO_19,CUST_02059
TICKET_006977,2024-03-26,TOSTAO_17,CUST_01620
TICKET_006978,2024-05-25,TOSTAO_03,CUST_00937
TICKET_006979,2024-10-06,TOSTAO_03,CUST_01994
TICKET_006980,2024-06-24,TOSTAO_05,CUST_00087
TICKET_006981,2024-07-19,TOSTAO_16,CUST_00873
TICKET_006982,2024-08-29,TOSTAO_11,CUST_00392
TICKET_006983,2024-01-07,TOSTAO_18,CUST_00350
TICKET_006984,2024-04-07,TOSTAO_08,CUST_01181
TICKET_006985,2024-02-13,TOSTAO_02,CUST_02043
TICKET_006986,2024-05-26,TOSTAO_09,CUST_01454
TICKET_006987,2024-02-26,TOSTAO_15,CUST_02393
TICKET_006988,2024-07-27,TOSTAO_02,CUST_01823
TICKET_006989,2024-09-03,TOSTAO_12,CUST_02349
TICKET_006990,2024-04-05,TOSTAO_08,CUST_02490
TICKET_006991,2024-06-15,TOSTAO_04,CUST_01815
TICKET_006992,2024-03-05,TOSTAO_16,CUST_00986
TICKET_006993,2024-08-05,TOSTAO_18,CUST_00849
TICKET_006994,2024-01-29,TOSTAO_03,CUST_02127
TICKET_006995,2024-06-14,TOSTAO_14,CUST_01277
TICKET_006996,2024-05-21,TOSTAO_19,CUST_00983
TICKET_006997,2024-11-16,TOSTAO_19,CUST_02320
TICKET_006998,2024-04-21,TOSTAO_20,CUST_01477
TICKET_006999,2024-01-21,TOSTAO_18,CUST_02220
TICKET_007000,2024-10-10,TOSTAO_01,CUST_01892
TICKET_007001,2024-11-28,TOSTAO_12,CUST_02238
TICKET_007002,2024-09-01,TOSTAO_14,CUST_01333
TICKET_007003,2024-12-07,TOSTAO_07,CUST_01500
TICKET_007004,2024-06-08,TOSTAO_09,CUST_01605
TICKET_007005,2024-12-22,TOSTAO_18,CUST_00683
TICKET_007006,2024-03-11,TOSTAO_04,CUST_01548
TICKET_007007,2024-03-12,TOSTAO_08,CUST_01306
TICKET_007008,2024-12-03,TOSTAO_20,CUST_01108
TICKET_007009,2024-10-15,TOSTAO_05,CUST_01256
TICKET_007010,2024-09-20,TOSTAO_05,CUST_01635
TICKET_007011,2024-12-18,TOSTAO_09,CUST_01008
TICKET_007012,2024-08-28,TOSTAO_09,CUST_01462
TICKET_007013,2024-05-07,TOSTAO_18,CUST_01261
TICKET_007014,2024-05-01,TOSTAO_05,CUST_00036
TICKET_007015,2024-07-06,TOSTAO_20,CUST_00006
TICKET_007016,2024-01-06,TOSTAO_19,CUST_01513
TICKET_007017,2024-07-16,TOSTAO_15,CUST_00481
TICKET_007018,2024-03-20,TOSTAO_06,CUST_01660
TICKET_007019,2024-04-02,TOSTAO_08,CUST_01162
TICKET_007020,2024-02-24,TOSTAO_17,CUST_02132
TICKET_007021,2024-12-07,TOSTAO_04,CUST_01725
TICKET_007022,2024-06-02,TOSTAO_10,CUST_00783
TICKET_007023,2024-04-20,TOSTAO_14,CUST_01495
TICKET_007024,2024-02-21,TOSTAO_05,CUST_00247
TICKET_007025,2024-08-11,TOSTAO_12,CUST_00863
TICKET_007026,2024-04-09,TOSTAO_10,CUST_02205
TICKET_007027,2024-06-28,TOSTAO_16,CUST_00751
TICKET_007028,2024-01-31,TOSTAO_11,CUST_00519
TICKET_007029,2024-02-07,TOSTAO_16,CUST_01796
TICKET_007030,2024-03-21,TOSTAO_01,CUST_01358
TICKET_007031,2024-07-13,TOSTAO_12,CUST_02498
TICKET_007032,2024-05-16,TOSTAO_04,CUST_02413
TICKET_007033,2024-05-06,TOSTAO_03,CUST_01503
TICKET_007034,2024-07-25,TOSTAO_19,CUST_01600
TICKET_007035,2024-06-04,TOSTAO_11,CUST_02163
TICKET_007036,2024-08-13,TOSTAO_06,CUST_01814
TICKET_007037,2024-11-22,TOSTAO_12,CUST_01443
TICKET_007038,2024-07-02,TOSTAO_07,CUST_02226
TICKET_007039,2024-01-15,TOSTAO_19,CUST_02299
TICKET_007040,2024-09-21,TOSTAO_14,CUST_00961
TICKET_007041,2024-10-22,TOSTAO_04,CUST_01732
TICKET_007042,2024-12-29,TOSTAO_09,CUST_00171
TICKET_007043,2024-11-23,TOSTAO_01,CUST_01494
TICKET_007044,2024-06-21,TOSTAO_17,CUST_01966
TICKET_007045,2024-05-08,TOSTAO_05,CUST_00683
TICKET_007046,2024-04-20,TOSTAO_20,CUST_02016
TICKET_007047,2024-09-09,TOSTAO_09,CUST_00614
TICKET_007048,2024-07-13,TOSTAO_02,CUST_00798
TICKET_007049,2024-03-15,TOSTAO_12,CUST_00305
TICKET_007050,2024-07-06,TOSTAO_09,CUST_01452
TICKET_007051,2024-11-04,TOSTAO_12,CUST_00102
TICKET_007052,2024-09-14,TOSTAO_01,CUST_02342
TICKET_007053,2024-04-24,TOSTAO_14,CUST_00319
TICKET_007054,2024-04-07,TOSTAO_04,CUST_02179
TICKET_007055,2024-07-14,TOSTAO_20,CUST_01830
TICKET_007056,2024-06-30,TOSTAO_14,CUST_01598
TICKET_007057,2024-09-02,TOSTAO_01,CUST_00202
TICKET_007058,2024-03-25,TOSTAO_13,CUST_01578
TICKET_007059,2024-05-06,TOSTAO_11,CUST_01758
TICKET_007060,2024-08-22,TOSTAO_20,CUST_01829
TICKET_007061,2024-06-24,TOSTAO_02,CUST_00617
TICKET_007062,2024-07-22,TOSTAO_17,CUST_00191
TICKET_007063,2024-12-25,TOSTAO_12,CUST_00553
TICKET_007064,2024-01-31,TOSTAO_04,CUST_00199
TICKET_007065,2024-09-18,TOSTAO_14,CUST_02256
TICKET_007066,2024-07-19,TOSTAO_15,CUST_01945
TICKET_007067,2024-03-31,TOSTAO_17,CUST_02020
TICKET_007068,2024-08-22,TOSTAO_01,CUST_01522
TICKET_007069,2024-07-29,TOSTAO_07,CUST_00923
TICKET_007070,2024-01-12,TOSTAO_02,CUST_01888
TICKET_007071,2024-01-02,TOSTAO_12,CUST_00665
TICKET_007072,2024-03-12,TOSTAO_18,CUST_00134
TICKET_007073,2024-05-05,TOSTAO_10,CUST_01499
TICKET_007074,2024-04-06,TOSTAO_17,CUST_01404
TICKET_007075,2024-09-22,TOSTAO_01,CUST_01209
TICKET_007076,2024-01-14,TOSTAO_14,CUST_01873
TICKET_007077,2024-09-20,TOSTAO_15,CUST_01445
TICKET_007078,2024-01-26,TOSTAO_07,CUST_01049
TICKET_007079,2024-12-07,TOSTAO_03,CUST_02392
TICKET_007080,2024-01-23,TOSTAO_02,CUST_01730
TICKET_007081,2024-09-29,TOSTAO_02,CUST_00627
TICKET_007082,2024-06-26,TOSTAO_06,CUST_01101
TICKET_007083,2024-04-30,TOSTAO_12,CUST_01810
TICKET_007084,2024-10-07,TOSTAO_11,CUST_01807
TICKET_007085,2024-09-01,TOSTAO_20,CUST_01891
TICKET_007086,2024-10-06,TOSTAO_02,CUST_01153
TICKET_007087,2024-05-31,TOSTAO_16,CUST_01022
TICKET_007088,2024-12-22,TOSTAO_03,CUST_01328
TICKET_007089,2024-06-28,TOSTAO_02,CUST_02083
TICKET_007090,2024-11-08,TOSTAO_14,CUST_01551
TICKET_007091,2024-12-05,TOSTAO_04,CUST_00783
TICKET_007092,2024-11-06,TOSTAO_04,CUST_00659
TICKET_007093,2024-10-26,TOSTAO_20,CUST_00223
TICKET_007094,2024-03-17,TOSTAO_01,CUST_01574
TICKET_007095,2024-10-13,TOSTAO_05,CUST_01934
TICKET_007096,2024-07-23,TOSTAO_06,CUST_00298
TICKET_007097,2024-08-31,TOSTAO_19,CUST_01235
TICKET_007098,2024-05-06,TOSTAO_10,CUST_02493
TICKET_007099,2024-12-03,TOSTAO_06,CUST_00239
TICKET_007100,2024-09-18,TOSTAO_06,CUST_00132
TICKET_007101,2024-05-21,TOSTAO_07,CUST_00755
TICKET_007102,2024-07-31,TOSTAO_10,CUST_01775
TICKET_007103,2024-06-25,TOSTAO_17,CUST_00487
TICKET_007104,2024-01-27,TOSTAO_02,CUST_00069
TICKET_007105,2024-10-18,TOSTAO_04,CUST_00326
TICKET_007106,2024-04-07,TOSTAO_10,CUST_02226
TICKET_007107,2024-10-20,TOSTAO_01,CUST_01381
TICKET_007108,2024-01-30,TOSTAO_06,CUST_01040
TICKET_007109,2024-04-10,TOSTAO_06,CUST_00816
TICKET_007110,2024-10-23,TOSTAO_14,CUST_00034
TICKET_007111,2024-11-07,TOSTAO_10,CUST_00638
TICKET_007112,2024-11-28,TOSTAO_01,CUST_02394
TICKET_007113,2024-04-25,TOSTAO_19,CUST_01384
TICKET_007114,2024-03-06,TOSTAO_09,CUST_01831
TICKET_007115,2024-04-07,TOSTAO_14,CUST_01205
TICKET_007116,2024-08-25,TOSTAO_02,CUST_00514
TICKET_007117,2024-10-10,TOSTAO_03,CUST_01278
TICKET_007118,2024-05-21,TOSTAO_07,CUST_02443
TICKET_007119,2024-08-18,TOSTAO_20,CUST_02124
TICKET_007120,2024-10-15,TOSTAO_18,CUST_01114
TICKET_007121,2024-10-18,TOSTAO_18,CUST_02043
TICKET_007122,2024-12-19,TOSTAO_16,CUST_00293
TICKET_007123,2024-10-11,TOSTAO_05,CUST_00607
TICKET_007124,2024-10-08,TOSTAO_02,CUST_00267
TICKET_007125,2024-05-11,TOSTAO_15,CUST_02026
TICKET_007126,2024-05-14,TOSTAO_11,CUST_01326
TICKET_007127,2024-04-23,TOSTAO_04,CUST_01466
TICKET_007128,2024-12-07,TOSTAO_03,CUST_01616
TICKET_007129,2024-10-13,TOSTAO_14,CUST_01003
TICKET_007130,2024-08-17,TOSTAO_01,CUST_02201
TICKET_007131,2024-07-07,TOSTAO_01,CUST_01224
TICKET_007132,2024-09-02,TOSTAO_12,CUST_01797
TICKET_007133,2024-10-18,TOSTAO_16,CUST_01288
TICKET_007134,2024-03-30,TOSTAO_17,CUST_01607
TICKET_007135,2024-10-12,TOSTAO_11,CUST_00856
TICKET_007136,2024-12-18,TOSTAO_05,CUST_00973
TICKET_007137,2024-04-19,TOSTAO_07,CUST_00508
TICKET_007138,2024-09-05,TOSTAO_17,CUST_00675
TICKET_007139,2024-07-06,TOSTAO_12,CUST_00289
TICKET_007140,2024-05-14,TOSTAO_16,CUST_00457
TICKET_007141,2024-01-26,TOSTAO_17,CUST_00365
TICKET_007142,2024-08-11,TOSTAO_18,CUST_01267
TICKET_007143,2024-06-04,TOSTAO_16,CUST_01449
TICKET_007144,2024-06-08,TOSTAO_13,CUST_00179
TICKET_007145,2024-04-17,TOSTAO_01,CUST_01008
TICKET_007146,2024-01-17,TOSTAO_20,CUST_01013
TICKET_007147,2024-01-05,TOSTAO_03,CUST_01547
TICKET_007148,2024-03-16,TOSTAO_01,CUST_01075
TICKET_007149,2024-03-24,TOSTAO_09,CUST_02294
TICKET_007150,2024-12-13,TOSTAO_07,CUST_00281
TICKET_007151,2024-01-20,TOSTAO_12,CUST_01895
TICKET_007152,2024-09-20,TOSTAO_17,CUST_02359
TICKET_007153,2024-12-21,TOSTAO_04,CUST_01346
TICKET_007154,2024-03-20,TOSTAO_05,CUST_01977
TICKET_007155,2024-07-23,TOSTAO_08,CUST_01150
TICKET_007156,2024-10-26,TOSTAO_15,CUST_00214
TICKET_007157,2024-01-29,TOSTAO_14,CUST_02121
TICKET_007158,2024-04-24,TOSTAO_02,CUST_02067
TICKET_007159,2024-03-25,TOSTAO_03,CUST_02051
TICKET_007160,2024-08-20,TOSTAO_07,CUST_01374
TICKET_007161,2024-01-21,TOSTAO_20,CUST_02091
TICKET_007162,2024-05-03,TOSTAO_11,CUST_00047
TICKET_007163,2024-02-26,TOSTAO_03,CUST_02044
TICKET_007164,2024-10-10,TOSTAO_20,CUST_00326
TICKET_007165,2024-02-12,TOSTAO_18,CUST_00203
TICKET_007166,2024-03-29,TOSTAO_05,CUST_00672
TICKET_007167,2024-05-29,TOSTAO_18,CUST_00559
TICKET_007168,2024-07-05,TOSTAO_11,CUST_01356
TICKET_007169,2024-01-04,TOSTAO_17,CUST_00898
TICKET_007170,2024-11-06,TOSTAO_14,CUST_01349
TICKET_007171,2024-02-23,TOSTAO_08,CUST_01740
TICKET_007172,2024-05-10,TOSTAO_14,CUST_00278
TICKET_007173,2024-06-24,TOSTAO_04,CUST_02085
TICKET_007174,2024-10-31,TOSTAO_17,CUST_00587
TICKET_007175,2024-12-30,TOSTAO_18,CUST_01026
TICKET_007176,2024-02-14,TOSTAO_01,CUST_00175
TICKET_007177,2024-04-10,TOSTAO_18,CUST_00721
TICKET_007178,2024-12-12,TOSTAO_09,CUST_01563
TICKET_007179,2024-02-26,TOSTAO_04,CUST_01754
TICKET_007180,2024-04-20,TOSTAO_02,CUST_01500
TICKET_007181,2024-01-12,TOSTAO_10,CUST_00691
TICKET_007182,2024-04-07,TOSTAO_16,CUST_01083
TICKET_007183,2024-03-25,TOSTAO_04,CUST_01784
TICKET_007184,2024-04-13,TOSTAO_18,CUST_02420
TICKET_007185,2024-05-08,TOSTAO_18,CUST_00648
TICKET_007186,2024-10-04,TOSTAO_16,CUST_00993
TICKET_007187,2024-12-04,TOSTAO_15,CUST_02112
TICKET_007188,2024-02-15,TOSTAO_06,CUST_02299
TICKET_007189,2024-12-30,TOSTAO_10,CUST_02333
TICKET_007190,2024-10-05,TOSTAO_03,CUST_02271
TICKET_007191,2024-12-21,TOSTAO_09,CUST_01161
TICKET_007192,2024-06-21,TOSTAO_12,CUST_01239
TICKET_007193,2024-12-08,TOSTAO_11,CUST_01922
TICKET_007194,2024-05-24,TOSTAO_20,CUST_00289
TICKET_007195,2024-10-10,TOSTAO_09,CUST_01387
TICKET_007196,2024-10-15,TOSTAO_04,CUST_00961
TICKET_007197,2024-02-17,TOSTAO_13,CUST_02457
TICKET_007198,2024-09-06,TOSTAO_20,CUST_01024
TICKET_007199,2024-12-02,TOSTAO_20,CUST_01157
TICKET_007200,2024-02-23,TOSTAO_11,CUST_00877
TICKET_007201,2024-06-10,TOSTAO_15,CUST_01655
TICKET_007202,2024-03-07,TOSTAO_09,CUST_01019
TICKET_007203,2024-09-25,TOSTAO_13,CUST_00964
TICKET_007204,2024-01-30,TOSTAO_19,CUST_00123
TICKET_007205,2024-01-20,TOSTAO_12,CUST_01991
TICKET_007206,2024-01-22,TOSTAO_17,CUST_00282
TICKET_007207,2024-07-10,TOSTAO_14,CUST_00744
TICKET_007208,2024-08-02,TOSTAO_02,CUST_00688
TICKET_007209,2024-01-17,TOSTAO_18,CUST_02017
TICKET_007210,2024-05-31,TOSTAO_09,CUST_01763
TICKET_007211,2024-08-21,TOSTAO_09,CUST_00152
TICKET_007212,2024-04-12,TOSTAO_08,CUST_00578
TICKET_007213,2024-04-04,TOSTAO_14,CUST_00505
TICKET_007214,2024-10-25,TOSTAO_17,CUST_00849
TICKET_007215,2024-08-17,TOSTAO_20,CUST_01756
TICKET_007216,2024-07-10,TOSTAO_15,CUST_00790
TICKET_007217,2024-09-17,TOSTAO_12,CUST_00163
TICKET_007218,2024-04-25,TOSTAO_16,CUST_01046
TICKET_007219,2024-11-25,TOSTAO_18,CUST_01150
TICKET_007220,2024-07-01,TOSTAO_18,CUST_02013
TICKET_007221,2024-04-11,TOSTAO_17,CUST_01726
TICKET_007222,2024-08-28,TOSTAO_01,CUST_00981
TICKET_007223,2024-02-25,TOSTAO_02,CUST_01295
TICKET_007224,2024-06-29,TOSTAO_02,CUST_02285
TICKET_007225,2024-06-09,TOSTAO_04,CUST_01508
TICKET_007226,2024-05-05,TOSTAO_06,CUST_01277
TICKET_007227,2024-10-27,TOSTAO_19,CUST_01233
TICKET_007228,2024-08-09,TOSTAO_18,CUST_02492
TICKET_007229,2024-10-25,TOSTAO_12,CUST_00009
TICKET_007230,2024-07-13,TOSTAO_05,CUST_00677
TICKET_007231,2024-06-02,TOSTAO_20,CUST_00181
TICKET_007232,2024-05-09,TOSTAO_04,CUST_00252
TICKET_007233,2024-06-06,TOSTAO_09,CUST_01667
TICKET_007234,2024-04-26,TOSTAO_19,CUST_01054
TICKET_007235,2024-10-21,TOSTAO_07,CUST_01287
TICKET_007236,2024-05-22,TOSTAO_02,CUST_00207
TICKET_007237,2024-09-19,TOSTAO_10,CUST_02220
TICKET_007238,2024-04-06,TOSTAO_02,CUST_01421
TICKET_007239,2024-05-24,TOSTAO_04,CUST_01812
TICKET_007240,2024-10-02,TOSTAO_06,CUST_01103
TICKET_007241,2024-07-27,TOSTAO_04,CUST_01591
TICKET_007242,2024-06-13,TOSTAO_15,CUST_00050
TICKET_007243,2024-01-24,TOSTAO_07,CUST_01461
TICKET_007244,2024-11-24,TOSTAO_04,CUST_02004
TICKET_007245,2024-10-05,TOSTAO_01,CUST_00788
TICKET_007246,2024-03-22,TOSTAO_15,CUST_01223
TICKET_007247,2024-12-19,TOSTAO_18,CUST_01147
TICKET_007248,2024-12-27,TOSTAO_05,CUST_00548
TICKET_007249,2024-04-10,TOSTAO_07,CUST_02281
TICKET_007250,2024-11-01,TOSTAO_01,CUST_00107
TICKET_007251,2024-10-12,TOSTAO_14,CUST_00019
TICKET_007252,2024-12-29,TOSTAO_14,CUST_00671
TICKET_007253,2024-11-08,TOSTAO_05,CUST_00310
TICKET_007254,2024-07-02,TOSTAO_07,CUST_00554
TICKET_007255,2024-05-07,TOSTAO_20,CUST_01006
TICKET_007256,2024-10-26,TOSTAO_05,CUST_01455
TICKET_007257,2024-12-23,TOSTAO_12,CUST_00322
TICKET_007258,2024-01-01,TOSTAO_20,CUST_00313
TICKET_007259,2024-11-05,TOSTAO_20,CUST_01304
TICKET_007260,2024-10-07,TOSTAO_18,CUST_02063
TICKET_007261,2024-01-20,TOSTAO_07,CUST_02286
TICKET_007262,2024-04-30,TOSTAO_08,CUST_01565
TICKET_007263,2024-09-02,TOSTAO_07,CUST_00463
TICKET_007264,2024-06-20,TOSTAO_02,CUST_02487
TICKET_007265,2024-06-04,TOSTAO_18,CUST_00713
TICKET_007266,2024-06-02,TOSTAO_20,CUST_00457
TICKET_007267,2024-09-13,TOSTAO_03,CUST_01772
TICKET_007268,2024-12-02,TOSTAO_10,CUST_00294
TICKET_007269,2024-06-10,TOSTAO_06,CUST_00323
TICKET_007270,2024-02-19,TOSTAO_03,CUST_00372
TICKET_007271,2024-12-06,TOSTAO_11,CUST_01870
TICKET_007272,2024-10-20,TOSTAO_19,CUST_00282
TICKET_007273,2024-07-14,TOSTAO_03,CUST_00228
TICKET_007274,2024-04-13,TOSTAO_19,CUST_02025
TICKET_007275,2024-02-27,TOSTAO_05,CUST_00678
TICKET_007276,2024-06-22,TOSTAO_14,CUST_00344
TICKET_007277,2024-06-18,TOSTAO_12,CUST_01671
TICKET_007278,2024-02-16,TOSTAO_03,CUST_02105
TICKET_007279,2024-05-27,TOSTAO_11,CUST_02161
TICKET_007280,2024-05-27,TOSTAO_04,CUST_01613
TICKET_007281,2024-01-18,TOSTAO_10,CUST_01492
TICKET_007282,2024-08-27,TOSTAO_02,CUST_02399
TICKET_007283,2024-09-07,TOSTAO_06,CUST_01902
TICKET_007284,2024-12-20,TOSTAO_14,CUST_01813
TICKET_007285,2024-06-20,TOSTAO_16,CUST_00719
TICKET_007286,2024-06-19,TOSTAO_12,CUST_02052
TICKET_007287,2024-10-23,TOSTAO_17,CUST_01658
TICKET_007288,2024-04-08,TOSTAO_17,CUST_00763
TICKET_007289,2024-07-15,TOSTAO_13,CUST_01370
TICKET_007290,2024-10-14,TOSTAO_14,CUST_02451
TICKET_007291,2024-03-30,TOSTAO_08,CUST_00735
TICKET_007292,2024-05-15,TOSTAO_10,CUST_01781
TICKET_007293,2024-01-31,TOSTAO_07,CUST_02223
TICKET_007294,2024-04-09,TOSTAO_19,CUST_01677
TICKET_007295,2024-12-08,TOSTAO_15,CUST_01070
TICKET_007296,2024-01-25,TOSTAO_12,CUST_01610
TICKET_007297,2024-03-06,TOSTAO_13,CUST_01940
TICKET_007298,2024-12-14,TOSTAO_05,CUST_02096
TICKET_007299,2024-01-21,TOSTAO_09,CUST_01937
TICKET_007300,2024-06-10,TOSTAO_17,CUST_01034
TICKET_007301,2024-07-02,TOSTAO_07,CUST_02124
TICKET_007302,2024-01-17,TOSTAO_19,CUST_02368
TICKET_007303,2024-12-08,TOSTAO_12,CUST_00962
TICKET_007304,2024-09-22,TOSTAO_02,CUST_00393
TICKET_007305,2024-01-23,TOSTAO_04,CUST_01772
TICKET_007306,2024-10-18,TOSTAO_13,CUST_02002
TICKET_007307,2024-08-19,TOSTAO_19,CUST_00026
TICKET_007308,2024-12-03,TOSTAO_07,CUST_01428
TICKET_007309,2024-05-06,TOSTAO_06,CUST_00556
TICKET_007310,2024-10-24,TOSTAO_14,CUST_00304
TICKET_007311,2024-10-04,TOSTAO_01,CUST_00529
TICKET_007312,2024-08-04,TOSTAO_09,CUST_01182
TICKET_007313,2024-03-06,TOSTAO_01,CUST_02317
TICKET_007314,2024-07-09,TOSTAO_07,CUST_02024
TICKET_007315,2024-12-30,TOSTAO_19,CUST_00069
TICKET_007316,2024-01-04,TOSTAO_20,CUST_01129
TICKET_007317,2024-06-25,TOSTAO_02,CUST_00533
TICKET_007318,2024-11-27,TOSTAO_05,CUST_02312
TICKET_007319,2024-05-03,TOSTAO_04,CUST_01115
TICKET_007320,2024-08-02,TOSTAO_18,CUST_01566
TICKET_007321,2024-12-11,TOSTAO_04,CUST_02415
TICKET_007322,2024-12-25,TOSTAO_02,CUST_02473
TICKET_007323,2024-12-19,TOSTAO_08,CUST_01724
TICKET_007324,2024-05-02,TOSTAO_20,CUST_00560
TICKET_007325,2024-10-23,TOSTAO_07,CUST_00423
TICKET_007326,2024-01-11,TOSTAO_13,CUST_01778
TICKET_007327,2024-09-20,TOSTAO_01,CUST_00813
TICKET_007328,2024-05-29,TOSTAO_07,CUST_00099
TICKET_007329,2024-02-13,TOSTAO_16,CUST_02350
TICKET_007330,2024-07-10,TOSTAO_12,CUST_01688
TICKET_007331,2024-01-21,TOSTAO_09,CUST_00618
TICKET_007332,2024-11-26,TOSTAO_14,CUST_01237
TICKET_007333,2024-07-27,TOSTAO_12,CUST_01964
TICKET_007334,2024-12-07,TOSTAO_12,CUST_00567
TICKET_007335,2024-09-25,TOSTAO_08,CUST_00405
TICKET_007336,2024-08-31,TOSTAO_07,CUST_02471
TICKET_007337,2024-11-13,TOSTAO_05,CUST_01224
TICKET_007338,2024-05-02,TOSTAO_04,CUST_02422
TICKET_007339,2024-04-10,TOSTAO_14,CUST_00179
TICKET_007340,2024-07-16,TOSTAO_14,CUST_02236
TICKET_007341,2024-04-06,TOSTAO_01,CUST_00492
TICKET_007342,2024-03-13,TOSTAO_15,CUST_01893
TICKET_007343,2024-10-18,TOSTAO_13,CUST_01664
TICKET_007344,2024-11-13,TOSTAO_07,CUST_01373
TICKET_007345,2024-08-21,TOSTAO_19,CUST_01928
TICKET_007346,2024-05-15,TOSTAO_03,CUST_00466
TICKET_007347,2024-11-12,TOSTAO_07,CUST_01568
TICKET_007348,2024-05-23,TOSTAO_03,CUST_00771
TICKET_007349,2024-12-03,TOSTAO_13,CUST_01069
TICKET_007350,2024-04-27,TOSTAO_01,CUST_00132
TICKET_007351,2024-03-24,TOSTAO_11,CUST_01190
TICKET_007352,2024-07-30,TOSTAO_16,CUST_01983
TICKET_007353,2024-04-20,TOSTAO_20,CUST_01088
TICKET_007354,2024-05-13,TOSTAO_04,CUST_00405
TICKET_007355,2024-02-27,TOSTAO_19,CUST_01352
TICKET_007356,2024-07-08,TOSTAO_09,CUST_02369
TICKET_007357,2024-07-11,TOSTAO_08,CUST_00743
TICKET_007358,2024-10-17,TOSTAO_05,CUST_01506
TICKET_007359,2024-03-05,TOSTAO_17,CUST_00169
TICKET_007360,2024-06-10,TOSTAO_02,CUST_01047
TICKET_007361,2024-09-20,TOSTAO_14,CUST_02388
TICKET_007362,2024-06-03,TOSTAO_03,CUST_00569
TICKET_007363,2024-11-09,TOSTAO_17,CUST_01528
TICKET_007364,2024-04-15,TOSTAO_08,CUST_00633
TICKET_007365,2024-07-31,TOSTAO_07,CUST_01100
TICKET_007366,2024-11-27,TOSTAO_10,CUST_00274
TICKET_007367,2024-02-28,TOSTAO_09,CUST_00697
TICKET_007368,2024-10-15,TOSTAO_19,CUST_00836
TICKET_007369,2024-03-13,TOSTAO_08,CUST_00820
TICKET_007370,2024-08-01,TOSTAO_07,CUST_02044
TICKET_007371,2024-09-09,TOSTAO_13,CUST_00152
TICKET_007372,2024-03-18,TOSTAO_15,CUST_00296
TICKET_007373,2024-02-13,TOSTAO_15,CUST_01004
TICKET_007374,2024-11-22,TOSTAO_11,CUST_01233
TICKET_007375,2024-08-03,TOSTAO_17,CUST_01125
TICKET_007376,2024-02-28,TOSTAO_01,CUST_02383
TICKET_007377,2024-08-03,TOSTAO_09,CUST_01073
TICKET_007378,2024-07-02,TOSTAO_13,CUST_01795
TICKET_007379,2024-03-23,TOSTAO_02,CUST_01250
TICKET_007380,2024-04-03,TOSTAO_06,CUST_01910
TICKET_007381,2024-04-18,TOSTAO_14,CUST_00358
TICKET_007382,2024-01-12,TOSTAO_20,CUST_00981
TICKET_007383,2024-11-11,TOSTAO_06,CUST_00172
TICKET_007384,2024-10-29,TOSTAO_08,CUST_01787
TICKET_007385,2024-07-01,TOSTAO_12,CUST_01357
TICKET_007386,2024-06-23,TOSTAO_14,CUST_00965
TICKET_007387,2024-12-30,TOSTAO_15,CUST_00113
TICKET_007388,2024-05-13,TOSTAO_17,CUST_02233
TICKET_007389,2024-06-15,TOSTAO_05,CUST_01036
TICKET_007390,2024-01-01,TOSTAO_18,CUST_01161
TICKET_007391,2024-01-03,TOSTAO_20,CUST_00933
TICKET_007392,2024-01-17,TOSTAO_17,CUST_00739
TICKET_007393,2024-05-02,TOSTAO_01,CUST_00649
TICKET_007394,2024-11-20,TOSTAO_20,CUST_00619
TICKET_007395,2024-12-11,TOSTAO_19,CUST_01017
TICKET_007396,2024-11-10,TOSTAO_11,CUST_01952
TICKET_007397,2024-03-28,TOSTAO_11,CUST_01519
TICKET_007398,2024-11-13,TOSTAO_15,CUST_01317
TICKET_007399,2024-05-06,TOSTAO_07,CUST_00756
TICKET_007400,2024-12-17,TOSTAO_19,CUST_01055
TICKET_007401,2024-03-15,TOSTAO_09,CUST_01098
TICKET_007402,2024-03-24,TOSTAO_13,CUST_00217
TICKET_007403,2024-08-16,TOSTAO_11,CUST_00505
TICKET_007404,2024-04-04,TOSTAO_20,CUST_01772
TICKET_007405,2024-01-25,TOSTAO_20,CUST_01514
TICKET_007406,2024-01-24,TOSTAO_18,CUST_02284
TICKET_007407,2024-11-10,TOSTAO_19,CUST_01843
TICKET_007408,2024-05-24,TOSTAO_05,CUST_01609
TICKET_007409,2024-04-04,TOSTAO_15,CUST_00047
TICKET_007410,2024-12-15,TOSTAO_19,CUST_00054
TICKET_007411,2024-12-18,TOSTAO_06,CUST_02334
TICKET_007412,2024-01-17,TOSTAO_13,CUST_01182
TICKET_007413,2024-09-24,TOSTAO_18,CUST_00154
TICKET_007414,2024-06-07,TOSTAO_19,CUST_00581
TICKET_007415,2024-04-02,TOSTAO_14,CUST_00440
TICKET_007416,2024-04-25,TOSTAO_18,CUST_02037
TICKET_007417,2024-01-03,TOSTAO_08,CUST_01980
TICKET_007418,2024-10-14,TOSTAO_02,CUST_01009
TICKET_007419,2024-05-25,TOSTAO_09,CUST_00344
TICKET_007420,2024-07-28,TOSTAO_20,CUST_02378
TICKET_007421,2024-05-27,TOSTAO_09,CUST_02181
TICKET_007422,2024-10-18,TOSTAO_03,CUST_01069
TICKET_007423,2024-08-11,TOSTAO_11,CUST_01645
TICKET_007424,2024-12-24,TOSTAO_12,CUST_00058
TICKET_007425,2024-10-01,TOSTAO_20,CUST_01600
TICKET_007426,2024-12-21,TOSTAO_12,CUST_00263
TICKET_007427,2024-02-07,TOSTAO_07,CUST_01802
TICKET_007428,2024-05-24,TOSTAO_13,CUST_02112
TICKET_007429,2024-01-16,TOSTAO_18,CUST_02306
TICKET_007430,2024-02-21,TOSTAO_09,CUST_01162
TICKET_007431,2024-01-27,TOSTAO_16,CUST_00086
TICKET_007432,2024-11-20,TOSTAO_02,CUST_02223
TICKET_007433,2024-08-09,TOSTAO_04,CUST_01551
TICKET_007434,2024-09-24,TOSTAO_04,CUST_01254
TICKET_007435,2024-11-09,TOSTAO_09,CUST_01167
TICKET_007436,2024-11-25,TOSTAO_13,CUST_01474
TICKET_007437,2024-02-07,TOSTAO_01,CUST_00356
TICKET_007438,2024-01-20,TOSTAO_10,CUST_01516
TICKET_007439,2024-06-25,TOSTAO_11,CUST_01692
TICKET_007440,2024-07-28,TOSTAO_14,CUST_01220
TICKET_007441,2024-07-24,TOSTAO_07,CUST_02349
TICKET_007442,2024-10-17,TOSTAO_06,CUST_01109
TICKET_007443,2024-10-04,TOSTAO_12,CUST_01682
TICKET_007444,2024-05-22,TOSTAO_03,CUST_01633
TICKET_007445,2024-12-09,TOSTAO_14,CUST_02394
TICKET_007446,2024-09-24,TOSTAO_06,CUST_01933
TICKET_007447,2024-02-29,TOSTAO_16,CUST_00971
TICKET_007448,2024-03-26,TOSTAO_06,CUST_00207
TICKET_007449,2024-06-11,TOSTAO_15,CUST_00882
TICKET_007450,2024-05-18,TOSTAO_02,CUST_01883
TICKET_007451,2024-06-06,TOSTAO_09,CUST_00419
TICKET_007452,2024-05-31,TOSTAO_20,CUST_02014
TICKET_007453,2024-09-27,TOSTAO_14,CUST_00393
TICKET_007454,2024-02-19,TOSTAO_20,CUST_01831
TICKET_007455,2024-04-19,TOSTAO_18,CUST_02033
TICKET_007456,2024-03-18,TOSTAO_15,CUST_00658
TICKET_007457,2024-03-17,TOSTAO_17,CUST_02038
TICKET_007458,2024-02-05,TOSTAO_06,CUST_01066
TICKET_007459,2024-02-18,TOSTAO_10,CUST_00752
TICKET_007460,2024-01-27,TOSTAO_02,CUST_01332
TICKET_007461,2024-11-26,TOSTAO_16,CUST_01126
TICKET_007462,2024-07-26,TOSTAO_17,CUST_01741
TICKET_007463,2024-04-28,TOSTAO_16,CUST_01131
TICKET_007464,2024-11-25,TOSTAO_20,CUST_00705
TICKET_007465,2024-04-04,TOSTAO_18,CUST_01630
TICKET_007466,2024-11-21,TOSTAO_10,CUST_00133
TICKET_007467,2024-10-19,TOSTAO_11,CUST_01302
TICKET_007468,2024-12-01,TOSTAO_04,CUST_02482
TICKET_007469,2024-08-25,TOSTAO_11,CUST_01311
TICKET_007470,2024-04-22,TOSTAO_01,CUST_02267
TICKET_007471,2024-03-20,TOSTAO_11,CUST_00226
TICKET_007472,2024-01-28,TOSTAO_18,CUST_00090
TICKET_007473,2024-03-13,TOSTAO_20,CUST_01531
TICKET_007474,2024-05-29,TOSTAO_19,CUST_00187
TICKET_007475,2024-02-29,TOSTAO_04,CUST_02094
TICKET_007476,2024-07-20,TOSTAO_02,CUST_00050
TICKET_007477,2024-06-04,TOSTAO_13,CUST_01332
TICKET_007478,2024-06-21,TOSTAO_05,CUST_00143
TICKET_007479,2024-07-25,TOSTAO_19,CUST_01891
TICKET_007480,2024-02-25,TOSTAO_02,CUST_01271
TICKET_007481,2024-02-05,TOSTAO_10,CUST_00853
TICKET_007482,2024-02-28,TOSTAO_01,CUST_00948
TICKET_007483,2024-10-01,TOSTAO_06,CUST_00440
TICKET_007484,2024-03-06,TOSTAO_15,CUST_01383
TICKET_007485,2024-03-19,TOSTAO_20,CUST_00206
TICKET_007486,2024-08-04,TOSTAO_18,CUST_01457
TICKET_007487,2024-11-16,TOSTAO_10,CUST_00536
TICKET_007488,2024-10-05,TOSTAO_14,CUST_00529
TICKET_007489,2024-04-30,TOSTAO_14,CUST_01539
TICKET_007490,2024-06-15,TOSTAO_13,CUST_01332
TICKET_007491,2024-03-21,TOSTAO_06,CUST_00167
TICKET_007492,2024-06-30,TOSTAO_11,CUST_02462
TICKET_007493,2024-08-08,TOSTAO_13,CUST_00245
TICKET_007494,2024-09-14,TOSTAO_08,CUST_01636
TICKET_007495,2024-03-22,TOSTAO_06,CUST_00134
TICKET_007496,2024-03-24,TOSTAO_06,CUST_00272
TICKET_007497,2024-06-16,TOSTAO_04,CUST_00463
TICKET_007498,2024-05-28,TOSTAO_17,CUST_00297
TICKET_007499,2024-05-20,TOSTAO_01,CUST_01955
TICKET_007500,2024-12-13,TOSTAO_03,CUST_00511
TICKET_007501,2024-09-22,TOSTAO_19,CUST_00384
TICKET_007502,2024-02-17,TOSTAO_11,CUST_01753
TICKET_007503,2024-07-17,TOSTAO_05,CUST_00152
TICKET_007504,2024-10-28,TOSTAO_12,CUST_02327
TICKET_007505,2024-02-03,TOSTAO_03,CUST_01912
TICKET_007506,2024-07-29,TOSTAO_16,CUST_01529
TICKET_007507,2024-05-09,TOSTAO_04,CUST_01782
TICKET_007508,2024-11-11,TOSTAO_01,CUST_00046
TICKET_007509,2024-04-16,TOSTAO_20,CUST_02393
TICKET_007510,2024-08-12,TOSTAO_16,CUST_02043
TICKET_007511,2024-04-23,TOSTAO_19,CUST_01456
TICKET_007512,2024-12-27,TOSTAO_11,CUST_00084
TICKET_007513,2024-01-14,TOSTAO_13,CUST_01258
TICKET_007514,2024-06-18,TOSTAO_02,CUST_01213
TICKET_007515,2024-02-08,TOSTAO_14,CUST_00701
TICKET_007516,2024-06-24,TOSTAO_18,CUST_02385
TICKET_007517,2024-07-09,TOSTAO_04,CUST_00554
TICKET_007518,2024-01-21,TOSTAO_15,CUST_00673
TICKET_007519,2024-02-08,TOSTAO_17,CUST_01134
TICKET_007520,2024-11-16,TOSTAO_11,CUST_00061
TICKET_007521,2024-10-11,TOSTAO_07,CUST_01606
TICKET_007522,2024-10-03,TOSTAO_02,CUST_01162
TICKET_007523,2024-04-22,TOSTAO_10,CUST_01972
TICKET_007524,2024-05-03,TOSTAO_04,CUST_01348
TICKET_007525,2024-10-07,TOSTAO_17,CUST_01774
TICKET_007526,2024-03-23,TOSTAO_04,CUST_00726
TICKET_007527,2024-04-03,TOSTAO_04,CUST_00293
TICKET_007528,2024-12-16,TOSTAO_16,CUST_01568
TICKET_007529,2024-12-03,TOSTAO_15,CUST_02221
TICKET_007530,2024-01-15,TOSTAO_09,CUST_00485
TICKET_007531,2024-02-10,TOSTAO_09,CUST_00785
TICKET_007532,2024-04-11,TOSTAO_17,CUST_02424
TICKET_007533,2024-09-11,TOSTAO_12,CUST_01965
TICKET_007534,2024-12-30,TOSTAO_08,CUST_01293
TICKET_007535,2024-06-18,TOSTAO_08,CUST_02335
TICKET_007536,2024-12-01,TOSTAO_13,CUST_01328
TICKET_007537,2024-01-19,TOSTAO_12,CUST_00141
TICKET_007538,2024-08-14,TOSTAO_16,CUST_01453
TICKET_007539,2024-11-08,TOSTAO_17,CUST_00568
TICKET_007540,2024-08-19,TOSTAO_03,CUST_00234
TICKET_007541,2024-05-13,TOSTAO_15,CUST_02160
TICKET_007542,2024-01-30,TOSTAO_04,CUST_01311
TICKET_007543,2024-05-05,TOSTAO_11,CUST_00922
TICKET_007544,2024-01-08,TOSTAO_13,CUST_02066
TICKET_007545,2024-07-06,TOSTAO_02,CUST_01929
TICKET_007546,2024-06-09,TOSTAO_08,CUST_01716
TICKET_007547,2024-12-25,TOSTAO_19,CUST_01157
TICKET_007548,2024-11-19,TOSTAO_04,CUST_02476
TICKET_007549,2024-01-22,TOSTAO_02,CUST_00694
TICKET_007550,2024-02-13,TOSTAO_01,CUST_00496
TICKET_007551,2024-01-25,TOSTAO_17,CUST_02166
TICKET_007552,2024-03-15,TOSTAO_12,CUST_00156
TICKET_007553,2024-02-26,TOSTAO_02,CUST_01361
TICKET_007554,2024-08-17,TOSTAO_09,CUST_01293
TICKET_007555,2024-09-21,TOSTAO_09,CUST_00953
TICKET_007556,2024-01-14,TOSTAO_07,CUST_01063
TICKET_007557,2024-08-16,TOSTAO_02,CUST_00466
TICKET_007558,2024-03-30,TOSTAO_20,CUST_02448
TICKET_007559,2024-08-07,TOSTAO_14,CUST_00073
TICKET_007560,2024-01-25,TOSTAO_03,CUST_02341
TICKET_007561,2024-06-01,TOSTAO_17,CUST_00103
TICKET_007562,2024-03-11,TOSTAO_08,CUST_00733
TICKET_007563,2024-08-08,TOSTAO_10,CUST_02436
TICKET_007564,2024-02-16,TOSTAO_18,CUST_02355
TICKET_007565,2024-01-12,TOSTAO_02,CUST_01590
TICKET_007566,2024-12-21,TOSTAO_20,CUST_01797
TICKET_007567,2024-05-26,TOSTAO_16,CUST_00263
TICKET_007568,2024-01-24,TOSTAO_10,CUST_02264
TICKET_007569,2024-06-21,TOSTAO_16,CUST_00507
TICKET_007570,2024-12-30,TOSTAO_18,CUST_00562
TICKET_007571,2024-03-11,TOSTAO_05,CUST_00944
TICKET_007572,2024-11-25,TOSTAO_16,CUST_02385
TICKET_007573,2024-12-29,TOSTAO_07,CUST_00792
TICKET_007574,2024-04-12,TOSTAO_06,CUST_01965
TICKET_007575,2024-02-18,TOSTAO_20,CUST_01426
TICKET_007576,2024-04-21,TOSTAO_12,CUST_01294
TICKET_007577,2024-09-19,TOSTAO_17,CUST_00692
TICKET_007578,2024-06-29,TOSTAO_10,CUST_00217
TICKET_007579,2024-09-01,TOSTAO_18,CUST_00131
TICKET_007580,2024-01-03,TOSTAO_05,CUST_02173
TICKET_007581,2024-07-13,TOSTAO_03,CUST_00539
TICKET_007582,2024-09-22,TOSTAO_04,CUST_01005
TICKET_007583,2024-11-22,TOSTAO_03,CUST_01226
TICKET_007584,2024-11-23,TOSTAO_09,CUST_01918
TICKET_007585,2024-12-18,TOSTAO_10,CUST_00761
TICKET_007586,2024-11-06,TOSTAO_19,CUST_02369
TICKET_007587,2024-01-29,TOSTAO_03,CUST_02426
TICKET_007588,2024-03-29,TOSTAO_16,CUST_02271
TICKET_007589,2024-11-07,TOSTAO_15,CUST_02218
TICKET_007590,2024-11-26,TOSTAO_14,CUST_00563
TICKET_007591,2024-02-12,TOSTAO_03,CUST_01590
TICKET_007592,2024-07-16,TOSTAO_16,CUST_01133
TICKET_007593,2024-05-20,TOSTAO_01,CUST_02273
TICKET_007594,2024-01-16,TOSTAO_07,CUST_02462
TICKET_007595,2024-06-11,TOSTAO_06,CUST_01659
TICKET_007596,2024-09-08,TOSTAO_01,CUST_01192
TICKET_007597,2024-10-07,TOSTAO_19,CUST_00931
TICKET_007598,2024-01-23,TOSTAO_07,CUST_02433
TICKET_007599,2024-12-04,TOSTAO_03,CUST_02360
TICKET_007600,2024-11-25,TOSTAO_01,CUST_01368
TICKET_007601,2024-08-09,TOSTAO_19,CUST_00620
TICKET_007602,2024-04-05,TOSTAO_14,CUST_00211
TICKET_007603,2024-09-27,TOSTAO_13,CUST_00112
TICKET_007604,2024-09-11,TOSTAO_20,CUST_01589
TICKET_007605,2024-12-05,TOSTAO_20,CUST_01277
TICKET_007606,2024-08-23,TOSTAO_19,CUST_02384
TICKET_007607,2024-11-26,TOSTAO_16,CUST_01032
TICKET_007608,2024-07-06,TOSTAO_05,CUST_00243
TICKET_007609,2024-01-29,TOSTAO_12,CUST_00481
TICKET_007610,2024-06-17,TOSTAO_11,CUST_01883
TICKET_007611,2024-08-24,TOSTAO_13,CUST_00937
TICKET_007612,2024-03-25,TOSTAO_07,CUST_00943
TICKET_007613,2024-12-13,TOSTAO_18,CUST_01311
TICKET_007614,2024-02-07,TOSTAO_12,CUST_01151
TICKET_007615,2024-01-21,TOSTAO_06,CUST_02155
TICKET_007616,2024-01-12,TOSTAO_19,CUST_00220
TICKET_007617,2024-01-19,TOSTAO_04,CUST_00787
TICKET_007618,2024-02-13,TOSTAO_12,CUST_00161
TICKET_007619,2024-09-25,TOSTAO_02,CUST_01674
TICKET_007620,2024-11-02,TOSTAO_02,CUST_01165
TICKET_007621,2024-04-08,TOSTAO_13,CUST_01670
TICKET_007622,2024-06-08,TOSTAO_06,CUST_00842
TICKET_007623,2024-09-09,TOSTAO_02,CUST_00572
TICKET_007624,2024-01-27,TOSTAO_17,CUST_02222
TICKET_007625,2024-06-17,TOSTAO_11,CUST_00776
TICKET_007626,2024-05-03,TOSTAO_13,CUST_02435
TICKET_007627,2024-10-13,TOSTAO_03,CUST_01233
TICKET_007628,2024-04-17,TOSTAO_05,CUST_01825
TICKET_007629,2024-08-29,TOSTAO_03,CUST_01117
TICKET_007630,2024-09-20,TOSTAO_19,CUST_02338
TICKET_007631,2024-01-22,TOSTAO_06,CUST_01695
TICKET_007632,2024-01-13,TOSTAO_20,CUST_01377
TICKET_007633,2024-05-24,TOSTAO_07,CUST_01982
TICKET_007634,2024-03-20,TOSTAO_09,CUST_01723
TICKET_007635,2024-02-09,TOSTAO_11,CUST_02096
TICKET_007636,2024-04-24,TOSTAO_19,CUST_01779
TICKET_007637,2024-07-12,TOSTAO_16,CUST_02114
TICKET_007638,2024-02-18,TOSTAO_02,CUST_00936
TICKET_007639,2024-08-09,TOSTAO_12,CUST_02402
TICKET_007640,2024-06-23,TOSTAO_06,CUST_01378
TICKET_007641,2024-01-19,TOSTAO_13,CUST_01565
TICKET_007642,2024-06-23,TOSTAO_20,CUST_00508
TICKET_007643,2024-01-23,TOSTAO_14,CUST_02229
TICKET_007644,2024-02-08,TOSTAO_02,CUST_01230
TICKET_007645,2024-12-06,TOSTAO_10,CUST_01321
TICKET_007646,2024-07-28,TOSTAO_18,CUST_00503
TICKET_007647,2024-10-09,TOSTAO_16,CUST_00125
TICKET_007648,2024-12-30,TOSTAO_19,CUST_01823
TICKET_007649,2024-01-12,TOSTAO_10,CUST_00269
TICKET_007650,2024-12-25,TOSTAO_05,CUST_00948
TICKET_007651,2024-05-16,TOSTAO_13,CUST_00387
TICKET_007652,2024-12-14,TOSTAO_20,CUST_01062
TICKET_007653,2024-02-06,TOSTAO_05,CUST_00844
TICKET_007654,2024-09-02,TOSTAO_16,CUST_01924
TICKET_007655,2024-10-12,TOSTAO_16,CUST_00193
TICKET_007656,2024-03-14,TOSTAO_02,CUST_02062
TICKET_007657,2024-04-14,TOSTAO_04,CUST_00658
TICKET_007658,2024-09-21,TOSTAO_15,CUST_00756
TICKET_007659,2024-10-24,TOSTAO_05,CUST_00008
TICKET_007660,2024-11-22,TOSTAO_14,CUST_01637
TICKET_007661,2024-01-13,TOSTAO_11,CUST_01221
TICKET_007662,2024-12-08,TOSTAO_10,CUST_01745
TICKET_007663,2024-06-24,TOSTAO_16,CUST_02480
TICKET_007664,2024-12-11,TOSTAO_03,CUST_00977
TICKET_007665,2024-09-08,TOSTAO_19,CUST_00911
TICKET_007666,2024-06-22,TOSTAO_20,CUST_01188
TICKET_007667,2024-08-16,TOSTAO_04,CUST_01517
TICKET_007668,2024-09-20,TOSTAO_20,CUST_01225
TICKET_007669,2024-05-22,TOSTAO_04,CUST_00430
TICKET_007670,2024-03-31,TOSTAO_15,CUST_01161
TICKET_007671,2024-09-19,TOSTAO_13,CUST_01779
TICKET_007672,2024-12-05,TOSTAO_12,CUST_00809
TICKET_007673,2024-06-09,TOSTAO_20,CUST_00089
TICKET_007674,2024-06-19,TOSTAO_08,CUST_00436
TICKET_007675,2024-10-30,TOSTAO_03,CUST_01490
TICKET_007676,2024-07-04,TOSTAO_14,CUST_02490
TICKET_007677,2024-01-25,TOSTAO_19,CUST_01087
TICKET_007678,2024-12-02,TOSTAO_19,CUST_02404
TICKET_007679,2024-07-24,TOSTAO_01,CUST_00860
TICKET_007680,2024-03-31,TOSTAO_12,CUST_00161
TICKET_007681,2024-09-15,TOSTAO_13,CUST_01640
TICKET_007682,2024-01-13,TOSTAO_19,CUST_01865
TICKET_007683,2024-04-06,TOSTAO_04,CUST_00127
TICKET_007684,2024-03-23,TOSTAO_15,CUST_02159
TICKET_007685,2024-04-07,TOSTAO_02,CUST_02020
TICKET_007686,2024-12-25,TOSTAO_20,CUST_00670
TICKET_007687,2024-11-29,TOSTAO_03,CUST_00789
TICKET_007688,2024-07-19,TOSTAO_15,CUST_00684
TICKET_007689,2024-03-22,TOSTAO_12,CUST_00601
TICKET_007690,2024-02-18,TOSTAO_08,CUST_00825
TICKET_007691,2024-12-12,TOSTAO_08,CUST_01513
TICKET_007692,2024-11-07,TOSTAO_13,CUST_02053
TICKET_007693,2024-12-15,TOSTAO_14,CUST_01109
TICKET_007694,2024-06-26,TOSTAO_07,CUST_00286
TICKET_007695,2024-04-21,TOSTAO_12,CUST_00517
TICKET_007696,2024-04-09,TOSTAO_14,CUST_02217
TICKET_007697,2024-11-06,TOSTAO_12,CUST_01397
TICKET_007698,2024-07-17,TOSTAO_02,CUST_01432
TICKET_007699,2024-04-03,TOSTAO_14,CUST_00909
TICKET_007700,2024-11-03,TOSTAO_16,CUST_00111
TICKET_007701,2024-06-03,TOSTAO_03,CUST_01021
TICKET_007702,2024-10-13,TOSTAO_11,CUST_01594
TICKET_007703,2024-10-27,TOSTAO_10,CUST_00927
TICKET_007704,2024-10-10,TOSTAO_14,CUST_00960
TICKET_007705,2024-03-17,TOSTAO_07,CUST_01944
TICKET_007706,2024-06-05,TOSTAO_14,CUST_00468
TICKET_007707,2024-10-06,TOSTAO_19,CUST_01252
TICKET_007708,2024-11-05,TOSTAO_19,CUST_01913
TICKET_007709,2024-03-16,TOSTAO_06,CUST_01275
TICKET_007710,2024-05-22,TOSTAO_04,CUST_00414
TICKET_007711,2024-12-18,TOSTAO_02,CUST_00449
TICKET_007712,2024-12-30,TOSTAO_03,CUST_00089
TICKET_007713,2024-06-03,TOSTAO_04,CUST_00361
TICKET_007714,2024-07-20,TOSTAO_04,CUST_00403
TICKET_007715,2024-05-05,TOSTAO_19,CUST_00052
TICKET_007716,2024-08-10,TOSTAO_14,CUST_02018
TICKET_007717,2024-10-11,TOSTAO_05,CUST_01591
TICKET_007718,2024-01-21,TOSTAO_03,CUST_00115
TICKET_007719,2024-06-17,TOSTAO_07,CUST_02039
TICKET_007720,2024-12-22,TOSTAO_09,CUST_00109
TICKET_007721,2024-09-23,TOSTAO_11,CUST_00062
TICKET_007722,2024-07-16,TOSTAO_08,CUST_02186
TICKET_007723,2024-12-24,TOSTAO_17,CUST_02197
TICKET_007724,2024-03-30,TOSTAO_19,CUST_01090
TICKET_007725,2024-02-08,TOSTAO_17,CUST_01157
TICKET_007726,2024-02-23,TOSTAO_09,CUST_00946
TICKET_007727,2024-11-02,TOSTAO_02,CUST_01529
TICKET_007728,2024-08-11,TOSTAO_10,CUST_02348
TICKET_007729,2024-05-04,TOSTAO_08,CUST_00154
TICKET_007730,2024-11-06,TOSTAO_17,CUST_00052
TICKET_007731,2024-10-13,TOSTAO_12,CUST_02280
TICKET_007732,2024-02-25,TOSTAO_02,CUST_00694
TICKET_007733,2024-08-11,TOSTAO_03,CUST_00994
TICKET_007734,2024-08-13,TOSTAO_06,CUST_01955
TICKET_007735,2024-11-15,TOSTAO_01,CUST_01083
TICKET_007736,2024-09-17,TOSTAO_06,CUST_00073
TICKET_007737,2024-05-14,TOSTAO_05,CUST_01050
TICKET_007738,2024-10-02,TOSTAO_09,CUST_01196
TICKET_007739,2024-06-22,TOSTAO_11,CUST_01682
TICKET_007740,2024-03-21,TOSTAO_14,CUST_00480
TICKET_007741,2024-12-11,TOSTAO_04,CUST_01534
TICKET_007742,2024-01-10,TOSTAO_12,CUST_02065
TICKET_007743,2024-05-16,TOSTAO_02,CUST_02192
TICKET_007744,2024-09-19,TOSTAO_15,CUST_01111
TICKET_007745,2024-04-27,TOSTAO_19,CUST_00779
TICKET_007746,2024-06-09,TOSTAO_09,CUST_01452
TICKET_007747,2024-09-01,TOSTAO_07,CUST_00744
TICKET_007748,2024-05-13,TOSTAO_16,CUST_01248
TICKET_007749,2024-06-13,TOSTAO_20,CUST_01773
TICKET_007750,2024-08-10,TOSTAO_16,CUST_00724
TICKET_007751,2024-04-20,TOSTAO_18,CUST_00763
TICKET_007752,2024-04-29,TOSTAO_08,CUST_02332
TICKET_007753,2024-12-28,TOSTAO_03,CUST_00248
TICKET_007754,2024-01-28,TOSTAO_19,CUST_02127
TICKET_007755,2024-02-28,TOSTAO_05,CUST_01630
TICKET_007756,2024-03-26,TOSTAO_12,CUST_00556
TICKET_007757,2024-10-31,TOSTAO_06,CUST_00697
TICKET_007758,2024-10-27,TOSTAO_01,CUST_00516
TICKET_007759,2024-12-22,TOSTAO_03,CUST_00500
TICKET_007760,2024-11-04,TOSTAO_18,CUST_01150
TICKET_007761,2024-05-29,TOSTAO_07,CUST_01351
TICKET_007762,2024-02-22,TOSTAO_09,CUST_01915
TICKET_007763,2024-01-09,TOSTAO_04,CUST_01432
TICKET_007764,2024-09-08,TOSTAO_06,CUST_00478
TICKET_007765,2024-04-21,TOSTAO_03,CUST_01481
TICKET_007766,2024-08-14,TOSTAO_16,CUST_02403
TICKET_007767,2024-04-07,TOSTAO_19,CUST_00718
TICKET_007768,2024-01-23,TOSTAO_19,CUST_01618
TICKET_007769,2024-04-30,TOSTAO_06,CUST_01028
TICKET_007770,2024-09-22,TOSTAO_17,CUST_01005
TICKET_007771,2024-06-07,TOSTAO_19,CUST_02013
TICKET_007772,2024-08-19,TOSTAO_14,CUST_02111
TICKET_007773,2024-06-19,TOSTAO_18,CUST_02191
TICKET_007774,2024-06-11,TOSTAO_18,CUST_01149
TICKET_007775,2024-10-28,TOSTAO_08,CUST_01189
TICKET_007776,2024-06-27,TOSTAO_18,CUST_00777
TICKET_007777,2024-01-06,TOSTAO_18,CUST_00438
TICKET_007778,2024-10-14,TOSTAO_01,CUST_01018
TICKET_007779,2024-12-12,TOSTAO_15,CUST_01160
TICKET_007780,2024-04-03,TOSTAO_18,CUST_02451
TICKET_007781,2024-02-16,TOSTAO_19,CUST_01450
TICKET_007782,2024-06-10,TOSTAO_08,CUST_01439
TICKET_007783,2024-07-25,TOSTAO_19,CUST_02296
TICKET_007784,2024-05-05,TOSTAO_06,CUST_01838
TICKET_007785,2024-02-27,TOSTAO_13,CUST_02233
TICKET_007786,2024-01-03,TOSTAO_03,CUST_02447
TICKET_007787,2024-12-04,TOSTAO_10,CUST_00156
TICKET_007788,2024-09-12,TOSTAO_08,CUST_02459
TICKET_007789,2024-09-10,TOSTAO_18,CUST_00468
TICKET_007790,2024-01-16,TOSTAO_09,CUST_02070
TICKET_007791,2024-01-01,TOSTAO_14,CUST_02256
TICKET_007792,2024-11-25,TOSTAO_13,CUST_01117
TICKET_007793,2024-06-25,TOSTAO_07,CUST_02338
TICKET_007794,2024-09-03,TOSTAO_06,CUST_01980
TICKET_007795,2024-04-04,TOSTAO_13,CUST_02444
TICKET_007796,2024-01-23,TOSTAO_16,CUST_01862
TICKET_007797,2024-08-10,TOSTAO_07,CUST_01874
TICKET_007798,2024-11-18,TOSTAO_16,CUST_00757
TICKET_007799,2024-06-13,TOSTAO_12,CUST_01784
TICKET_007800,2024-02-18,TOSTAO_19,CUST_00710
TICKET_007801,2024-07-09,TOSTAO_07,CUST_00868
TICKET_007802,2024-08-27,TOSTAO_17,CUST_02106
TICKET_007803,2024-02-18,TOSTAO_19,CUST_00794
TICKET_007804,2024-03-12,TOSTAO_12,CUST_02250
TICKET_007805,2024-01-26,TOSTAO_17,CUST_02270
TICKET_007806,2024-03-18,TOSTAO_11,CUST_00643
TICKET_007807,2024-12-22,TOSTAO_05,CUST_01341
TICKET_007808,2024-12-27,TOSTAO_08,CUST_00419
TICKET_007809,2024-09-25,TOSTAO_14,CUST_01196
TICKET_007810,2024-08-08,TOSTAO_08,CUST_01825
TICKET_007811,2024-08-30,TOSTAO_04,CUST_01640
TICKET_007812,2024-04-24,TOSTAO_16,CUST_00598
TICKET_007813,2024-03-20,TOSTAO_20,CUST_01230
TICKET_007814,2024-02-12,TOSTAO_07,CUST_00982
TICKET_007815,2024-08-17,TOSTAO_12,CUST_00652
TICKET_007816,2024-09-03,TOSTAO_15,CUST_02343
TICKET_007817,2024-06-04,TOSTAO_08,CUST_01020
TICKET_007818,2024-11-20,TOSTAO_16,CUST_00057
TICKET_007819,2024-07-10,TOSTAO_11,CUST_01756
TICKET_007820,2024-05-29,TOSTAO_08,CUST_02209
TICKET_007821,2024-02-23,TOSTAO_04,CUST_01359
TICKET_007822,2024-04-29,TOSTAO_09,CUST_01741
TICKET_007823,2024-01-29,TOSTAO_01,CUST_01974
TICKET_007824,2024-12-10,TOSTAO_18,CUST_01942
TICKET_007825,2024-05-15,TOSTAO_15,CUST_00889
TICKET_007826,2024-01-15,TOSTAO_10,CUST_01277
TICKET_007827,2024-11-02,TOSTAO_02,CUST_00361
TICKET_007828,2024-06-23,TOSTAO_04,CUST_02192
TICKET_007829,2024-03-20,TOSTAO_17,CUST_01983
TICKET_007830,2024-05-22,TOSTAO_12,CUST_00014
TICKET_007831,2024-12-10,TOSTAO_16,CUST_01583
TICKET_007832,2024-07-06,TOSTAO_20,CUST_00522
TICKET_007833,2024-01-21,TOSTAO_07,CUST_00836
TICKET_007834,2024-12-21,TOSTAO_19,CUST_01572
TICKET_007835,2024-06-08,TOSTAO_14,CUST_02220
TICKET_007836,2024-11-22,TOSTAO_04,CUST_00783
TICKET_007837,2024-07-26,TOSTAO_20,CUST_01155
TICKET_007838,2024-08-06,TOSTAO_14,CUST_00109
TICKET_007839,2024-04-12,TOSTAO_18,CUST_01149
TICKET_007840,2024-12-26,TOSTAO_14,CUST_02235
TICKET_007841,2024-12-16,TOSTAO_02,CUST_02161
TICKET_007842,2024-04-27,TOSTAO_17,CUST_01599
TICKET_007843,2024-05-08,TOSTAO_17,CUST_00228
TICKET_007844,2024-02-28,TOSTAO_08,CUST_02435
TICKET_007845,2024-07-12,TOSTAO_08,CUST_02127
TICKET_007846,2024-09-05,TOSTAO_02,CUST_02480
TICKET_007847,2024-09-30,TOSTAO_20,CUST_01668
TICKET_007848,2024-08-27,TOSTAO_03,CUST_00585
TICKET_007849,2024-09-13,TOSTAO_07,CUST_00485
TICKET_007850,2024-07-22,TOSTAO_11,CUST_00572
TICKET_007851,2024-08-12,TOSTAO_12,CUST_00558
TICKET_007852,2024-06-02,TOSTAO_15,CUST_01474
TICKET_007853,2024-06-09,TOSTAO_02,CUST_01159
TICKET_007854,2024-10-21,TOSTAO_16,CUST_01556
TICKET_007855,2024-03-12,TOSTAO_01,CUST_01739
TICKET_007856,2024-08-16,TOSTAO_15,CUST_00299
TICKET_007857,2024-04-01,TOSTAO_16,CUST_02383
TICKET_007858,2024-12-19,TOSTAO_17,CUST_02148
TICKET_007859,2024-11-24,TOSTAO_01,CUST_00033
TICKET_007860,2024-03-26,TOSTAO_01,CUST_01088
TICKET_007861,2024-10-25,TOSTAO_20,CUST_02315
TICKET_007862,2024-11-03,TOSTAO_16,CUST_01107
TICKET_007863,2024-04-13,TOSTAO_16,CUST_01363
TICKET_007864,2024-02-01,TOSTAO_17,CUST_00773
TICKET_007865,2024-01-06,TOSTAO_16,CUST_01684
TICKET_007866,2024-02-07,TOSTAO_11,CUST_00571
TICKET_007867,2024-09-05,TOSTAO_18,CUST_02331
TICKET_007868,2024-11-19,TOSTAO_04,CUST_00855
TICKET_007869,2024-06-13,TOSTAO_14,CUST_01152
TICKET_007870,2024-03-17,TOSTAO_02,CUST_00822
TICKET_007871,2024-12-09,TOSTAO_03,CUST_02090
TICKET_007872,2024-12-24,TOSTAO_03,CUST_01879
TICKET_007873,2024-03-12,TOSTAO_07,CUST_01910
TICKET_007874,2024-10-28,TOSTAO_16,CUST_00735
TICKET_007875,2024-10-17,TOSTAO_16,CUST_02361
TICKET_007876,2024-08-08,TOSTAO_03,CUST_00847
TICKET_007877,2024-11-01,TOSTAO_17,CUST_00859
TICKET_007878,2024-02-20,TOSTAO_15,CUST_00328
TICKET_007879,2024-09-01,TOSTAO_09,CUST_00526
TICKET_007880,2024-03-31,TOSTAO_02,CUST_00317
TICKET_007881,2024-09-21,TOSTAO_01,CUST_00920
TICKET_007882,2024-03-02,TOSTAO_11,CUST_00160
TICKET_007883,2024-01-23,TOSTAO_16,CUST_00840
TICKET_007884,2024-10-06,TOSTAO_03,CUST_00205
TICKET_007885,2024-05-23,TOSTAO_03,CUST_00550
TICKET_007886,2024-04-20,TOSTAO_06,CUST_01983
TICKET_007887,2024-10-08,TOSTAO_08,CUST_00687
TICKET_007888,2024-11-03,TOSTAO_08,CUST_00303
TICKET_007889,2024-08-19,TOSTAO_11,CUST_00740
TICKET_007890,2024-03-22,TOSTAO_14,CUST_00070
TICKET_007891,2024-05-17,TOSTAO_16,CUST_01438
TICKET_007892,2024-05-13,TOSTAO_08,CUST_00595
TICKET_007893,2024-07-11,TOSTAO_01,CUST_01166
TICKET_007894,2024-11-18,TOSTAO_09,CUST_01837
TICKET_007895,2024-06-16,TOSTAO_11,CUST_01984
TICKET_007896,2024-05-13,TOSTAO_20,CUST_01724
TICKET_007897,2024-11-12,TOSTAO_19,CUST_00987
TICKET_007898,2024-09-22,TOSTAO_13,CUST_00239
TICKET_007899,2024-05-22,TOSTAO_03,CUST_00217
TICKET_007900,2024-11-16,TOSTAO_08,CUST_01858
TICKET_007901,2024-06-03,TOSTAO_13,CUST_00113
TICKET_007902,2024-06-07,TOSTAO_04,CUST_01786
TICKET_007903,2024-08-20,TOSTAO_11,CUST_00391
TICKET_007904,2024-08-06,TOSTAO_08,CUST_02150
TICKET_007905,2024-09-02,TOSTAO_10,CUST_00415
TICKET_007906,2024-07-13,TOSTAO_09,CUST_00580
TICKET_007907,2024-07-27,TOSTAO_18,CUST_01135
TICKET_007908,2024-04-03,TOSTAO_04,CUST_01525
TICKET_007909,2024-06-30,TOSTAO_12,CUST_02190
TICKET_007910,2024-06-23,TOSTAO_14,CUST_01681
TICKET_007911,2024-09-23,TOSTAO_06,CUST_01873
TICKET_007912,2024-01-31,TOSTAO_05,CUST_01366
TICKET_007913,2024-11-04,TOSTAO_19,CUST_02435
TICKET_007914,2024-01-29,TOSTAO_13,CUST_01599
TICKET_007915,2024-04-14,TOSTAO_01,CUST_01099
TICKET_007916,2024-04-11,TOSTAO_10,CUST_01608
TICKET_007917,2024-07-01,TOSTAO_03,CUST_01858
TICKET_007918,2024-10-26,TOSTAO_08,CUST_01932
TICKET_007919,2024-09-11,TOSTAO_04,CUST_00523
TICKET_007920,2024-09-23,TOSTAO_06,CUST_01764
TICKET_007921,2024-07-31,TOSTAO_12,CUST_01399
TICKET_007922,2024-11-08,TOSTAO_03,CUST_01022
TICKET_007923,2024-10-07,TOSTAO_16,CUST_00247
TICKET_007924,2024-01-15,TOSTAO_06,CUST_01300
TICKET_007925,2024-06-19,TOSTAO_07,CUST_00057
TICKET_007926,2024-08-25,TOSTAO_12,CUST_01138
TICKET_007927,2024-05-06,TOSTAO_12,CUST_00120
TICKET_007928,2024-07-06,TOSTAO_17,CUST_00493
TICKET_007929,2024-07-01,TOSTAO_19,CUST_02382
TICKET_007930,2024-07-10,TOSTAO_20,CUST_00581
TICKET_007931,2024-02-05,TOSTAO_02,CUST_02041
TICKET_007932,2024-12-07,TOSTAO_09,CUST_01672
TICKET_007933,2024-02-19,TOSTAO_14,CUST_00175
TICKET_007934,2024-12-22,TOSTAO_01,CUST_01652
TICKET_007935,2024-09-19,TOSTAO_10,CUST_02059
TICKET_007936,2024-02-12,TOSTAO_02,CUST_00375
TICKET_007937,2024-07-15,TOSTAO_04,CUST_00030
TICKET_007938,2024-07-20,TOSTAO_12,CUST_01975
TICKET_007939,2024-10-19,TOSTAO_06,CUST_00879
TICKET_007940,2024-05-09,TOSTAO_05,CUST_00668
TICKET_007941,2024-08-15,TOSTAO_18,CUST_00472
TICKET_007942,2024-05-10,TOSTAO_01,CUST_00613
TICKET_007943,2024-06-02,TOSTAO_06,CUST_02039
TICKET_007944,2024-07-16,TOSTAO_18,CUST_02241
TICKET_007945,2024-11-10,TOSTAO_12,CUST_02139
TICKET_007946,2024-12-26,TOSTAO_16,CUST_02342
TICKET_007947,2024-01-24,TOSTAO_09,CUST_01126
TICKET_007948,2024-07-03,TOSTAO_05,CUST_02285
TICKET_007949,2024-10-31,TOSTAO_11,CUST_00720
TICKET_007950,2024-12-12,TOSTAO_08,CUST_01988
TICKET_007951,2024-12-13,TOSTAO_19,CUST_01248
TICKET_007952,2024-01-25,TOSTAO_08,CUST_02057
TICKET_007953,2024-12-25,TOSTAO_15,CUST_00657
TICKET_007954,2024-03-12,TOSTAO_08,CUST_00953
TICKET_007955,2024-02-05,TOSTAO_10,CUST_00074
TICKET_007956,2024-06-07,TOSTAO_08,CUST_01002
TICKET_007957,2024-06-20,TOSTAO_01,CUST_01933
TICKET_007958,2024-02-12,TOSTAO_15,CUST_00473
TICKET_007959,2024-12-28,TOSTAO_20,CUST_02070
TICKET_007960,2024-05-13,TOSTAO_03,CUST_00404
TICKET_007961,2024-11-19,TOSTAO_17,CUST_01985
TICKET_007962,2024-04-13,TOSTAO_18,CUST_01704
TICKET_007963,2024-12-28,TOSTAO_10,CUST_00863
TICKET_007964,2024-07-02,TOSTAO_11,CUST_00125
TICKET_007965,2024-09-21,TOSTAO_17,CUST_01094
TICKET_007966,2024-02-07,TOSTAO_10,CUST_02318
TICKET_007967,2024-06-24,TOSTAO_07,CUST_01869
TICKET_007968,2024-12-04,TOSTAO_02,CUST_01891
TICKET_007969,2024-11-07,TOSTAO_20,CUST_01048
TICKET_007970,2024-03-18,TOSTAO_06,CUST_02041
TICKET_007971,2024-06-01,TOSTAO_08,CUST_02462
TICKET_007972,2024-04-12,TOSTAO_16,CUST_01577
TICKET_007973,2024-03-25,TOSTAO_09,CUST_00907
TICKET_007974,2024-06-25,TOSTAO_20,CUST_00906
TICKET_007975,2024-11-26,TOSTAO_14,CUST_01906
TICKET_007976,2024-03-22,TOSTAO_08,CUST_00344
TICKET_007977,2024-06-19,TOSTAO_15,CUST_00335
TICKET_007978,2024-05-16,TOSTAO_08,CUST_02114
TICKET_007979,2024-09-28,TOSTAO_03,CUST_02208
TICKET_007980,2024-06-18,TOSTAO_07,CUST_00488
TICKET_007981,2024-01-23,TOSTAO_05,CUST_00628
TICKET_007982,2024-10-24,TOSTAO_03,CUST_01545
TICKET_007983,2024-07-31,TOSTAO_18,CUST_00355
TICKET_007984,2024-10-22,TOSTAO_12,CUST_01958
TICKET_007985,2024-05-20,TOSTAO_02,CUST_01021
TICKET_007986,2024-07-07,TOSTAO_02,CUST_00101
TICKET_007987,2024-12-17,TOSTAO_03,CUST_00047
TICKET_007988,2024-08-04,TOSTAO_05,CUST_02154
TICKET_007989,2024-09-09,TOSTAO_15,CUST_02236
TICKET_007990,2024-02-27,TOSTAO_11,CUST_00219
TICKET_007991,2024-09-15,TOSTAO_17,CUST_00012
TICKET_007992,2024-04-21,TOSTAO_07,CUST_02302
TICKET_007993,2024-07-13,TOSTAO_01,CUST_01030
TICKET_007994,2024-08-23,TOSTAO_20,CUST_01785
TICKET_007995,2024-07-01,TOSTAO_20,CUST_00038
TICKET_007996,2024-01-30,TOSTAO_13,CUST_01191
TICKET_007997,2024-10-08,TOSTAO_09,CUST_00929
TICKET_007998,2024-07-15,TOSTAO_16,CUST_01854
TICKET_007999,2024-06-12,TOSTAO_01,CUST_01543
TICKET_008000,2024-02-19,TOSTAO_13,CUST_00315
TICKET_008001,2024-08-06,TOSTAO_07,CUST_00124
TICKET_008002,2024-02-29,TOSTAO_07,CUST_00988
TICKET_008003,2024-08-11,TOSTAO_02,CUST_00809
TICKET_008004,2024-04-23,TOSTAO_12,CUST_01089
TICKET_008005,2024-07-28,TOSTAO_20,CUST_01309
TICKET_008006,2024-06-07,TOSTAO_01,CUST_00551
TICKET_008007,2024-09-20,TOSTAO_14,CUST_01359
TICKET_008008,2024-10-21,TOSTAO_18,CUST_00144
TICKET_008009,2024-04-11,TOSTAO_19,CUST_01280
TICKET_008010,2024-02-20,TOSTAO_14,CUST_02382
TICKET_008011,2024-12-07,TOSTAO_19,CUST_01003
TICKET_008012,2024-07-07,TOSTAO_15,CUST_00328
TICKET_008013,2024-11-20,TOSTAO_08,CUST_02226
TICKET_008014,2024-01-13,TOSTAO_20,CUST_01062
TICKET_008015,2024-02-06,TOSTAO_13,CUST_02299
TICKET_008016,2024-02-24,TOSTAO_08,CUST_01795
TICKET_008017,2024-03-05,TOSTAO_12,CUST_00079
TICKET_008018,2024-02-14,TOSTAO_13,CUST_00597
TICKET_008019,2024-11-23,TOSTAO_08,CUST_00655
TICKET_008020,2024-06-07,TOSTAO_19,CUST_02136
TICKET_008021,2024-10-27,TOSTAO_10,CUST_02306
TICKET_008022,2024-03-31,TOSTAO_06,CUST_01195
TICKET_008023,2024-04-07,TOSTAO_05,CUST_01987
TICKET_008024,2024-08-17,TOSTAO_01,CUST_00610
TICKET_008025,2024-01-23,TOSTAO_17,CUST_01818
TICKET_008026,2024-03-30,TOSTAO_15,CUST_01891
TICKET_008027,2024-01-13,TOSTAO_03,CUST_01707
TICKET_008028,2024-06-17,TOSTAO_02,CUST_00213
TICKET_008029,2024-08-05,TOSTAO_07,CUST_00394
TICKET_008030,2024-09-30,TOSTAO_01,CUST_00087
TICKET_008031,2024-07-29,TOSTAO_14,CUST_01937
TICKET_008032,2024-10-19,TOSTAO_12,CUST_01615
TICKET_008033,2024-03-03,TOSTAO_14,CUST_00035
TICKET_008034,2024-12-26,TOSTAO_07,CUST_01139
TICKET_008035,2024-06-01,TOSTAO_14,CUST_02039
TICKET_008036,2024-07-31,TOSTAO_15,CUST_01662
TICKET_008037,2024-08-27,TOSTAO_13,CUST_00733
TICKET_008038,2024-09-25,TOSTAO_04,CUST_02292
TICKET_008039,2024-04-08,TOSTAO_01,CUST_01128
TICKET_008040,2024-04-14,TOSTAO_15,CUST_00169
TICKET_008041,2024-12-02,TOSTAO_10,CUST_02447
TICKET_008042,2024-05-09,TOSTAO_08,CUST_01018
TICKET_008043,2024-05-05,TOSTAO_04,CUST_02093
TICKET_008044,2024-10-19,TOSTAO_14,CUST_00598
TICKET_008045,2024-03-30,TOSTAO_08,CUST_01786
TICKET_008046,2024-02-06,TOSTAO_01,CUST_00146
TICKET_008047,2024-07-23,TOSTAO_18,CUST_01724
TICKET_008048,2024-11-17,TOSTAO_15,CUST_00208
TICKET_008049,2024-05-27,TOSTAO_14,CUST_00065
TICKET_008050,2024-10-09,TOSTAO_04,CUST_02468
TICKET_008051,2024-03-24,TOSTAO_13,CUST_00509
TICKET_008052,2024-10-11,TOSTAO_11,CUST_00665
TICKET_008053,2024-09-06,TOSTAO_12,CUST_00096
TICKET_008054,2024-01-21,TOSTAO_08,CUST_00995
TICKET_008055,2024-03-04,TOSTAO_08,CUST_02235
TICKET_008056,2024-05-10,TOSTAO_09,CUST_00080
TICKET_008057,2024-08-14,TOSTAO_09,CUST_00536
TICKET_008058,2024-04-06,TOSTAO_03,CUST_00994
TICKET_008059,2024-08-11,TOSTAO_19,CUST_01809
TICKET_008060,2024-11-18,TOSTAO_07,CUST_01819
TICKET_008061,2024-06-14,TOSTAO_08,CUST_01950
TICKET_008062,2024-04-10,TOSTAO_01,CUST_01536
TICKET_008063,2024-09-02,TOSTAO_17,CUST_00404
TICKET_008064,2024-05-24,TOSTAO_11,CUST_01777
TICKET_008065,2024-06-10,TOSTAO_14,CUST_00365
TICKET_008066,2024-04-02,TOSTAO_10,CUST_02354
TICKET_008067,2024-03-05,TOSTAO_07,CUST_00149
TICKET_008068,2024-12-25,TOSTAO_05,CUST_00688
TICKET_008069,2024-06-16,TOSTAO_15,CUST_02193
TICKET_008070,2024-11-03,TOSTAO_10,CUST_00774
TICKET_008071,2024-06-07,TOSTAO_19,CUST_00610
TICKET_008072,2024-11-04,TOSTAO_11,CUST_01960
TICKET_008073,2024-02-17,TOSTAO_09,CUST_01614
TICKET_008074,2024-09-26,TOSTAO_10,CUST_01600
TICKET_008075,2024-02-23,TOSTAO_08,CUST_00152
TICKET_008076,2024-10-05,TOSTAO_12,CUST_00317
TICKET_008077,2024-11-25,TOSTAO_11,CUST_01731
TICKET_008078,2024-08-13,TOSTAO_05,CUST_02441
TICKET_008079,2024-10-12,TOSTAO_07,CUST_02175
TICKET_008080,2024-08-23,TOSTAO_20,CUST_00557
TICKET_008081,2024-05-23,TOSTAO_11,CUST_00178
TICKET_008082,2024-11-25,TOSTAO_12,CUST_01760
TICKET_008083,2024-03-29,TOSTAO_03,CUST_00922
TICKET_008084,2024-03-08,TOSTAO_13,CUST_00474
TICKET_008085,2024-03-23,TOSTAO_13,CUST_00769
TICKET_008086,2024-12-28,TOSTAO_05,CUST_01760
TICKET_008087,2024-07-22,TOSTAO_07,CUST_00275
TICKET_008088,2024-11-19,TOSTAO_10,CUST_01683
TICKET_008089,2024-10-27,TOSTAO_10,CUST_01017
TICKET_008090,2024-08-31,TOSTAO_11,CUST_01585
TICKET_008091,2024-07-29,TOSTAO_03,CUST_00834
TICKET_008092,2024-03-23,TOSTAO_13,CUST_00865
TICKET_008093,2024-10-12,TOSTAO_17,CUST_00166
TICKET_008094,2024-11-20,TOSTAO_06,CUST_00065
TICKET_008095,2024-06-28,TOSTAO_19,CUST_00021
TICKET_008096,2024-10-04,TOSTAO_13,CUST_02132
TICKET_008097,2024-03-29,TOSTAO_01,CUST_00330
TICKET_008098,2024-06-13,TOSTAO_07,CUST_01273
TICKET_008099,2024-04-05,TOSTAO_10,CUST_01583
TICKET_008100,2024-03-04,TOSTAO_07,CUST_00681
TICKET_008101,2024-11-22,TOSTAO_16,CUST_01184
TICKET_008102,2024-03-19,TOSTAO_13,CUST_01236
TICKET_008103,2024-12-20,TOSTAO_06,CUST_01745
TICKET_008104,2024-03-15,TOSTAO_13,CUST_00918
TICKET_008105,2024-12-28,TOSTAO_01,CUST_01726
TICKET_008106,2024-01-01,TOSTAO_05,CUST_00837
TICKET_008107,2024-04-09,TOSTAO_19,CUST_01171
TICKET_008108,2024-10-12,TOSTAO_13,CUST_01742
TICKET_008109,2024-03-27,TOSTAO_09,CUST_01702
TICKET_008110,2024-06-15,TOSTAO_11,CUST_00823
TICKET_008111,2024-09-10,TOSTAO_18,CUST_01818
TICKET_008112,2024-07-05,TOSTAO_06,CUST_00044
TICKET_008113,2024-10-30,TOSTAO_09,CUST_01572
TICKET_008114,2024-02-11,TOSTAO_03,CUST_01496
TICKET_008115,2024-06-10,TOSTAO_09,CUST_00608
TICKET_008116,2024-10-02,TOSTAO_11,CUST_01072
TICKET_008117,2024-07-17,TOSTAO_08,CUST_00154
TICKET_008118,2024-08-18,TOSTAO_20,CUST_00671
TICKET_008119,2024-10-23,TOSTAO_17,CUST_02312
TICKET_008120,2024-02-24,TOSTAO_04,CUST_00343
TICKET_008121,2024-05-16,TOSTAO_02,CUST_01891
TICKET_008122,2024-08-07,TOSTAO_16,CUST_01005
TICKET_008123,2024-01-11,TOSTAO_07,CUST_01540
TICKET_008124,2024-04-02,TOSTAO_05,CUST_02457
TICKET_008125,2024-11-05,TOSTAO_20,CUST_01902
TICKET_008126,2024-08-11,TOSTAO_06,CUST_00434
TICKET_008127,2024-03-28,TOSTAO_20,CUST_01504
TICKET_008128,2024-08-18,TOSTAO_02,CUST_00202
TICKET_008129,2024-06-13,TOSTAO_10,CUST_02406
TICKET_008130,2024-06-16,TOSTAO_12,CUST_02404
TICKET_008131,2024-05-15,TOSTAO_17,CUST_00316
TICKET_008132,2024-04-13,TOSTAO_12,CUST_00219
TICKET_008133,2024-03-01,TOSTAO_20,CUST_02116
TICKET_008134,2024-01-03,TOSTAO_01,CUST_00155
TICKET_008135,2024-07-22,TOSTAO_15,CUST_02233
TICKET_008136,2024-03-12,TOSTAO_10,CUST_00884
TICKET_008137,2024-08-04,TOSTAO_12,CUST_01815
TICKET_008138,2024-04-24,TOSTAO_11,CUST_01403
TICKET_008139,2024-10-16,TOSTAO_10,CUST_01932
TICKET_008140,2024-08-28,TOSTAO_09,CUST_00975
TICKET_008141,2024-01-14,TOSTAO_10,CUST_01709
TICKET_008142,2024-08-29,TOSTAO_16,CUST_01153
TICKET_008143,2024-07-08,TOSTAO_01,CUST_00460
TICKET_008144,2024-01-10,TOSTAO_14,CUST_00412
TICKET_008145,2024-06-09,TOSTAO_04,CUST_02166
TICKET_008146,2024-05-30,TOSTAO_11,CUST_02082
TICKET_008147,2024-07-15,TOSTAO_14,CUST_00100
TICKET_008148,2024-05-17,TOSTAO_02,CUST_01314
TICKET_008149,2024-10-31,TOSTAO_20,CUST_01727
TICKET_008150,2024-05-24,TOSTAO_18,CUST_01514
TICKET_008151,2024-07-15,TOSTAO_01,CUST_00067
TICKET_008152,2024-02-12,TOSTAO_20,CUST_01875
TICKET_008153,2024-01-23,TOSTAO_10,CUST_00096
TICKET_008154,2024-10-19,TOSTAO_08,CUST_01236
TICKET_008155,2024-02-10,TOSTAO_19,CUST_01098
TICKET_008156,2024-04-18,TOSTAO_01,CUST_02132
TICKET_008157,2024-09-07,TOSTAO_04,CUST_02405
TICKET_008158,2024-02-26,TOSTAO_18,CUST_02334
TICKET_008159,2024-05-15,TOSTAO_08,CUST_02182
TICKET_008160,2024-04-24,TOSTAO_07,CUST_01015
TICKET_008161,2024-05-29,TOSTAO_19,CUST_02258
TICKET_008162,2024-01-12,TOSTAO_11,CUST_00331
TICKET_008163,2024-04-17,TOSTAO_12,CUST_01953
TICKET_008164,2024-04-23,TOSTAO_15,CUST_00405
TICKET_008165,2024-10-09,TOSTAO_19,CUST_00779
TICKET_008166,2024-02-05,TOSTAO_06,CUST_00458
TICKET_008167,2024-06-01,TOSTAO_17,CUST_02457
TICKET_008168,2024-02-10,TOSTAO_20,CUST_00555
TICKET_008169,2024-07-29,TOSTAO_06,CUST_01324
TICKET_008170,2024-04-23,TOSTAO_19,CUST_00060
TICKET_008171,2024-03-20,TOSTAO_13,CUST_01257
TICKET_008172,2024-12-09,TOSTAO_12,CUST_01042
TICKET_008173,2024-07-21,TOSTAO_01,CUST_01958
TICKET_008174,2024-10-28,TOSTAO_03,CUST_02452
TICKET_008175,2024-03-28,TOSTAO_06,CUST_00008
TICKET_008176,2024-02-14,TOSTAO_08,CUST_02390
TICKET_008177,2024-09-20,TOSTAO_01,CUST_00600
TICKET_008178,2024-11-07,TOSTAO_12,CUST_02120
TICKET_008179,2024-05-06,TOSTAO_10,CUST_00260
TICKET_008180,2024-03-13,TOSTAO_18,CUST_00171
TICKET_008181,2024-07-23,TOSTAO_17,CUST_02114
TICKET_008182,2024-11-30,TOSTAO_06,CUST_01832
TICKET_008183,2024-10-25,TOSTAO_05,CUST_02299
TICKET_008184,2024-11-24,TOSTAO_14,CUST_01160
TICKET_008185,2024-08-21,TOSTAO_17,CUST_02412
TICKET_008186,2024-05-27,TOSTAO_12,CUST_02446
TICKET_008187,2024-04-23,TOSTAO_07,CUST_01633
TICKET_008188,2024-10-19,TOSTAO_14,CUST_01553
TICKET_008189,2024-03-17,TOSTAO_06,CUST_01070
TICKET_008190,2024-12-06,TOSTAO_02,CUST_01823
TICKET_008191,2024-06-26,TOSTAO_20,CUST_01569
TICKET_008192,2024-05-28,TOSTAO_15,CUST_00565
TICKET_008193,2024-02-06,TOSTAO_20,CUST_01615
TICKET_008194,2024-03-04,TOSTAO_02,CUST_01806
TICKET_008195,2024-11-22,TOSTAO_20,CUST_01313
TICKET_008196,2024-04-11,TOSTAO_06,CUST_01988
TICKET_008197,2024-01-05,TOSTAO_12,CUST_01632
TICKET_008198,2024-12-13,TOSTAO_16,CUST_01831
TICKET_008199,2024-04-21,TOSTAO_02,CUST_01386
TICKET_008200,2024-06-24,TOSTAO_13,CUST_00741
TICKET_008201,2024-08-07,TOSTAO_10,CUST_01629
TICKET_008202,2024-02-07,TOSTAO_15,CUST_01986
TICKET_008203,2024-12-29,TOSTAO_18,CUST_00707
TICKET_008204,2024-09-14,TOSTAO_07,CUST_01266
TICKET_008205,2024-02-20,TOSTAO_19,CUST_02163
TICKET_008206,2024-04-08,TOSTAO_01,CUST_00190
TICKET_008207,2024-07-27,TOSTAO_05,CUST_00460
TICKET_008208,2024-09-01,TOSTAO_14,CUST_01693
TICKET_008209,2024-01-25,TOSTAO_08,CUST_01532
TICKET_008210,2024-01-29,TOSTAO_06,CUST_02446
TICKET_008211,2024-06-20,TOSTAO_05,CUST_02217
TICKET_008212,2024-01-29,TOSTAO_03,CUST_02261
TICKET_008213,2024-11-09,TOSTAO_07,CUST_01783
TICKET_008214,2024-06-12,TOSTAO_13,CUST_02418
TICKET_008215,2024-05-25,TOSTAO_09,CUST_00882
TICKET_008216,2024-10-04,TOSTAO_20,CUST_00084
TICKET_008217,2024-08-20,TOSTAO_06,CUST_02249
TICKET_008218,2024-08-30,TOSTAO_15,CUST_01932
TICKET_008219,2024-01-14,TOSTAO_20,CUST_00616
TICKET_008220,2024-06-17,TOSTAO_08,CUST_01613
TICKET_008221,2024-07-11,TOSTAO_12,CUST_00340
TICKET_008222,2024-08-02,TOSTAO_20,CUST_00075
TICKET_008223,2024-07-16,TOSTAO_09,CUST_01658
TICKET_008224,2024-01-19,TOSTAO_16,CUST_00910
TICKET_008225,2024-08-04,TOSTAO_10,CUST_00642
TICKET_008226,2024-10-15,TOSTAO_02,CUST_01950
TICKET_008227,2024-01-02,TOSTAO_16,CUST_00253
TICKET_008228,2024-02-04,TOSTAO_09,CUST_00359
TICKET_008229,2024-11-05,TOSTAO_02,CUST_02297
TICKET_008230,2024-07-25,TOSTAO_10,CUST_01049
TICKET_008231,2024-08-02,TOSTAO_01,CUST_00830
TICKET_008232,2024-04-14,TOSTAO_01,CUST_01299
TICKET_008233,2024-08-05,TOSTAO_13,CUST_00697
TICKET_008234,2024-06-23,TOSTAO_11,CUST_01022
TICKET_008235,2024-09-10,TOSTAO_20,CUST_00298
TICKET_008236,2024-12-25,TOSTAO_11,CUST_01790
TICKET_008237,2024-01-17,TOSTAO_12,CUST_01551
TICKET_008238,2024-04-12,TOSTAO_16,CUST_02033
TICKET_008239,2024-07-04,TOSTAO_05,CUST_01944
TICKET_008240,2024-09-24,TOSTAO_10,CUST_00120
TICKET_008241,2024-02-06,TOSTAO_06,CUST_02078
TICKET_008242,2024-10-03,TOSTAO_16,CUST_02297
TICKET_008243,2024-07-13,TOSTAO_14,CUST_00544
TICKET_008244,2024-04-12,TOSTAO_06,CUST_00675
TICKET_008245,2024-05-03,TOSTAO_04,CUST_00791
TICKET_008246,2024-03-07,TOSTAO_05,CUST_01586
TICKET_008247,2024-01-15,TOSTAO_14,CUST_01783
TICKET_008248,2024-07-03,TOSTAO_17,CUST_00016
TICKET_008249,2024-06-28,TOSTAO_01,CUST_01899
TICKET_008250,2024-05-27,TOSTAO_15,CUST_01736
TICKET_008251,2024-07-23,TOSTAO_18,CUST_01621
TICKET_008252,2024-07-17,TOSTAO_04,CUST_01599
TICKET_008253,2024-08-17,TOSTAO_01,CUST_02044
TICKET_008254,2024-03-11,TOSTAO_01,CUST_00904
TICKET_008255,2024-09-10,TOSTAO_02,CUST_02397
TICKET_008256,2024-10-30,TOSTAO_14,CUST_00126
TICKET_008257,2024-08-15,TOSTAO_11,CUST_02167
TICKET_008258,2024-11-15,TOSTAO_16,CUST_00055
TICKET_008259,2024-11-23,TOSTAO_16,CUST_01528
TICKET_008260,2024-12-28,TOSTAO_15,CUST_01118
TICKET_008261,2024-06-23,TOSTAO_08,CUST_00548
TICKET_008262,2024-09-30,TOSTAO_20,CUST_01859
TICKET_008263,2024-07-26,TOSTAO_04,CUST_00139
TICKET_008264,2024-06-17,TOSTAO_10,CUST_02348
TICKET_008265,2024-09-11,TOSTAO_07,CUST_00411
TICKET_008266,2024-12-08,TOSTAO_07,CUST_00040
TICKET_008267,2024-09-28,TOSTAO_18,CUST_02194
TICKET_008268,2024-12-28,TOSTAO_10,CUST_01735
TICKET_008269,2024-03-13,TOSTAO_11,CUST_01104
TICKET_008270,2024-05-12,TOSTAO_05,CUST_02195
TICKET_008271,2024-07-31,TOSTAO_06,CUST_00545
TICKET_008272,2024-07-09,TOSTAO_14,CUST_00044
TICKET_008273,2024-04-23,TOSTAO_18,CUST_00876
TICKET_008274,2024-12-11,TOSTAO_10,CUST_00480
TICKET_008275,2024-12-10,TOSTAO_07,CUST_02323
TICKET_008276,2024-02-22,TOSTAO_04,CUST_00587
TICKET_008277,2024-10-26,TOSTAO_01,CUST_02407
TICKET_008278,2024-07-05,TOSTAO_07,CUST_00811
TICKET_008279,2024-03-30,TOSTAO_15,CUST_00202
TICKET_008280,2024-06-21,TOSTAO_18,CUST_01840
TICKET_008281,2024-12-17,TOSTAO_08,CUST_00387
TICKET_008282,2024-01-10,TOSTAO_14,CUST_00135
TICKET_008283,2024-02-08,TOSTAO_16,CUST_01687
TICKET_008284,2024-10-07,TOSTAO_04,CUST_00667
TICKET_008285,2024-09-16,TOSTAO_16,CUST_02056
TICKET_008286,2024-02-03,TOSTAO_09,CUST_01075
TICKET_008287,2024-04-01,TOSTAO_13,CUST_02081
TICKET_008288,2024-03-20,TOSTAO_08,CUST_02413
TICKET_008289,2024-02-21,TOSTAO_04,CUST_02380
TICKET_008290,2024-09-23,TOSTAO_12,CUST_01598
TICKET_008291,2024-12-26,TOSTAO_13,CUST_01196
TICKET_008292,2024-07-09,TOSTAO_05,CUST_00079
TICKET_008293,2024-05-01,TOSTAO_07,CUST_00677
TICKET_008294,2024-08-09,TOSTAO_10,CUST_02478
TICKET_008295,2024-04-09,TOSTAO_14,CUST_02216
TICKET_008296,2024-03-30,TOSTAO_01,CUST_02123
TICKET_008297,2024-10-12,TOSTAO_17,CUST_01568
TICKET_008298,2024-01-12,TOSTAO_12,CUST_01337
TICKET_008299,2024-05-02,TOSTAO_11,CUST_02346
TICKET_008300,2024-06-30,TOSTAO_13,CUST_00121
TICKET_008301,2024-04-15,TOSTAO_17,CUST_01711
TICKET_008302,2024-08-05,TOSTAO_13,CUST_01066
TICKET_008303,2024-06-04,TOSTAO_17,CUST_02036
TICKET_008304,2024-04-23,TOSTAO_20,CUST_02316
TICKET_008305,2024-11-03,TOSTAO_14,CUST_01861
TICKET_008306,2024-01-02,TOSTAO_11,CUST_00870
TICKET_008307,2024-01-02,TOSTAO_01,CUST_02190
TICKET_008308,2024-09-29,TOSTAO_14,CUST_01584
TICKET_008309,2024-09-10,TOSTAO_04,CUST_01406
TICKET_008310,2024-08-21,TOSTAO_09,CUST_00803
TICKET_008311,2024-03-29,TOSTAO_04,CUST_01318
TICKET_008312,2024-11-21,TOSTAO_04,CUST_00188
TICKET_008313,2024-12-03,TOSTAO_06,CUST_01950
TICKET_008314,2024-03-09,TOSTAO_16,CUST_02324
TICKET_008315,2024-10-03,TOSTAO_08,CUST_00946
TICKET_008316,2024-07-18,TOSTAO_11,CUST_01109
TICKET_008317,2024-01-29,TOSTAO_19,CUST_02181
TICKET_008318,2024-12-29,TOSTAO_08,CUST_01604
TICKET_008319,2024-03-30,TOSTAO_10,CUST_01179
TICKET_008320,2024-12-13,TOSTAO_04,CUST_02110
TICKET_008321,2024-10-03,TOSTAO_02,CUST_00221
TICKET_008322,2024-07-15,TOSTAO_05,CUST_01746
TICKET_008323,2024-05-07,TOSTAO_05,CUST_02428
TICKET_008324,2024-07-07,TOSTAO_07,CUST_00094
TICKET_008325,2024-09-13,TOSTAO_03,CUST_01209
TICKET_008326,2024-08-03,TOSTAO_18,CUST_01687
TICKET_008327,2024-03-22,TOSTAO_03,CUST_01228
TICKET_008328,2024-05-27,TOSTAO_07,CUST_02105
TICKET_008329,2024-09-30,TOSTAO_13,CUST_01904
TICKET_008330,2024-05-23,TOSTAO_10,CUST_00351
TICKET_008331,2024-10-12,TOSTAO_14,CUST_00558
TICKET_008332,2024-06-07,TOSTAO_08,CUST_00394
TICKET_008333,2024-05-26,TOSTAO_04,CUST_00272
TICKET_008334,2024-07-22,TOSTAO_04,CUST_00149
TICKET_008335,2024-10-03,TOSTAO_13,CUST_00089
TICKET_008336,2024-05-02,TOSTAO_06,CUST_00018
TICKET_008337,2024-03-14,TOSTAO_05,CUST_00273
TICKET_008338,2024-01-07,TOSTAO_09,CUST_01092
TICKET_008339,2024-09-16,TOSTAO_04,CUST_01885
TICKET_008340,2024-01-29,TOSTAO_05,CUST_00901
TICKET_008341,2024-03-04,TOSTAO_11,CUST_00643
TICKET_008342,2024-04-12,TOSTAO_07,CUST_02142
TICKET_008343,2024-12-13,TOSTAO_02,CUST_01652
TICKET_008344,2024-10-18,TOSTAO_16,CUST_01313
TICKET_008345,2024-10-16,TOSTAO_04,CUST_00307
TICKET_008346,2024-09-29,TOSTAO_11,CUST_01885
TICKET_008347,2024-09-05,TOSTAO_05,CUST_00948
TICKET_008348,2024-10-31,TOSTAO_17,CUST_00604
TICKET_008349,2024-05-21,TOSTAO_14,CUST_01605
TICKET_008350,2024-07-17,TOSTAO_09,CUST_00622
TICKET_008351,2024-12-29,TOSTAO_01,CUST_00776
TICKET_008352,2024-03-03,TOSTAO_13,CUST_00256
TICKET_008353,2024-10-17,TOSTAO_08,CUST_01299
TICKET_008354,2024-01-05,TOSTAO_08,CUST_01318
TICKET_008355,2024-11-09,TOSTAO_06,CUST_00435
TICKET_008356,2024-02-22,TOSTAO_11,CUST_02477
TICKET_008357,2024-09-11,TOSTAO_18,CUST_02194
TICKET_008358,2024-02-16,TOSTAO_13,CUST_01148
TICKET_008359,2024-12-06,TOSTAO_02,CUST_02025
TICKET_008360,2024-07-12,TOSTAO_15,CUST_00882
TICKET_008361,2024-08-02,TOSTAO_05,CUST_02364
TICKET_008362,2024-05-08,TOSTAO_07,CUST_00951
TICKET_008363,2024-06-19,TOSTAO_06,CUST_01505
TICKET_008364,2024-06-13,TOSTAO_16,CUST_01812
TICKET_008365,2024-03-16,TOSTAO_11,CUST_01102
TICKET_008366,2024-03-27,TOSTAO_10,CUST_01690
TICKET_008367,2024-11-03,TOSTAO_04,CUST_00278
TICKET_008368,2024-06-17,TOSTAO_13,CUST_02427
TICKET_008369,2024-01-26,TOSTAO_06,CUST_00543
TICKET_008370,2024-10-10,TOSTAO_02,CUST_01871
TICKET_008371,2024-06-20,TOSTAO_18,CUST_00895
TICKET_008372,2024-08-08,TOSTAO_11,CUST_01630
TICKET_008373,2024-07-24,TOSTAO_01,CUST_00994
TICKET_008374,2024-09-18,TOSTAO_03,CUST_00488
TICKET_008375,2024-05-14,TOSTAO_13,CUST_00887
TICKET_008376,2024-04-06,TOSTAO_07,CUST_01267
TICKET_008377,2024-10-04,TOSTAO_13,CUST_02348
TICKET_008378,2024-05-11,TOSTAO_10,CUST_00250
TICKET_008379,2024-10-03,TOSTAO_16,CUST_02425
TICKET_008380,2024-08-30,TOSTAO_15,CUST_00174
TICKET_008381,2024-05-31,TOSTAO_19,CUST_02294
TICKET_008382,2024-06-14,TOSTAO_11,CUST_01437
TICKET_008383,2024-07-06,TOSTAO_10,CUST_01886
TICKET_008384,2024-10-21,TOSTAO_02,CUST_00115
TICKET_008385,2024-01-25,TOSTAO_17,CUST_01417
TICKET_008386,2024-03-09,TOSTAO_17,CUST_00735
TICKET_008387,2024-02-12,TOSTAO_07,CUST_01929
TICKET_008388,2024-01-07,TOSTAO_08,CUST_00382
TICKET_008389,2024-04-25,TOSTAO_15,CUST_01155
TICKET_008390,2024-10-15,TOSTAO_14,CUST_00069
TICKET_008391,2024-12-04,TOSTAO_14,CUST_01106
TICKET_008392,2024-01-09,TOSTAO_17,CUST_00372
TICKET_008393,2024-07-10,TOSTAO_17,CUST_01228
TICKET_008394,2024-12-27,TOSTAO_13,CUST_02041
TICKET_008395,2024-10-13,TOSTAO_02,CUST_00543
TICKET_008396,2024-11-27,TOSTAO_12,CUST_00780
TICKET_008397,2024-03-31,TOSTAO_10,CUST_01040
TICKET_008398,2024-05-13,TOSTAO_18,CUST_02177
TICKET_008399,2024-12-10,TOSTAO_12,CUST_01577
TICKET_008400,2024-11-21,TOSTAO_08,CUST_00792
TICKET_008401,2024-04-03,TOSTAO_18,CUST_00293
TICKET_008402,2024-05-01,TOSTAO_20,CUST_00874
TICKET_008403,2024-01-07,TOSTAO_08,CUST_01589
TICKET_008404,2024-12-22,TOSTAO_11,CUST_01390
TICKET_008405,2024-11-19,TOSTAO_19,CUST_01768
TICKET_008406,2024-12-27,TOSTAO_08,CUST_01847
TICKET_008407,2024-09-19,TOSTAO_06,CUST_01104
TICKET_008408,2024-06-16,TOSTAO_06,CUST_01388
TICKET_008409,2024-08-28,TOSTAO_04,CUST_01730
TICKET_008410,2024-05-15,TOSTAO_10,CUST_01466
TICKET_008411,2024-11-18,TOSTAO_12,CUST_02117
TICKET_008412,2024-07-01,TOSTAO_19,CUST_01682
TICKET_008413,2024-09-01,TOSTAO_08,CUST_00141
TICKET_008414,2024-06-13,TOSTAO_12,CUST_02233
TICKET_008415,2024-08-08,TOSTAO_11,CUST_00808
TICKET_008416,2024-12-06,TOSTAO_02,CUST_00294
TICKET_008417,2024-09-28,TOSTAO_06,CUST_02281
TICKET_008418,2024-06-05,TOSTAO_17,CUST_02438
TICKET_008419,2024-08-22,TOSTAO_03,CUST_01280
TICKET_008420,2024-05-16,TOSTAO_13,CUST_01045
TICKET_008421,2024-07-02,TOSTAO_04,CUST_01531
TICKET_008422,2024-06-06,TOSTAO_14,CUST_00465
TICKET_008423,2024-04-22,TOSTAO_10,CUST_01856
TICKET_008424,2024-11-15,TOSTAO_05,CUST_00789
TICKET_008425,2024-08-13,TOSTAO_08,CUST_01125
TICKET_008426,2024-11-02,TOSTAO_02,CUST_00416
TICKET_008427,2024-12-21,TOSTAO_14,CUST_01970
TICKET_008428,2024-04-09,TOSTAO_17,CUST_00903
TICKET_008429,2024-02-16,TOSTAO_07,CUST_00202
TICKET_008430,2024-01-09,TOSTAO_08,CUST_01342
TICKET_008431,2024-12-15,TOSTAO_13,CUST_02334
TICKET_008432,2024-09-28,TOSTAO_14,CUST_02215
TICKET_008433,2024-04-13,TOSTAO_11,CUST_01753
TICKET_008434,2024-03-05,TOSTAO_04,CUST_01678
TICKET_008435,2024-05-12,TOSTAO_09,CUST_00724
TICKET_008436,2024-03-30,TOSTAO_13,CUST_01119
TICKET_008437,2024-08-17,TOSTAO_20,CUST_01583
TICKET_008438,2024-06-06,TOSTAO_03,CUST_00793
TICKET_008439,2024-01-07,TOSTAO_02,CUST_02472
TICKET_008440,2024-02-02,TOSTAO_12,CUST_00515
TICKET_008441,2024-10-03,TOSTAO_03,CUST_01255
TICKET_008442,2024-06-24,TOSTAO_09,CUST_00645
TICKET_008443,2024-12-28,TOSTAO_03,CUST_00833
TICKET_008444,2024-03-28,TOSTAO_02,CUST_00110
TICKET_008445,2024-02-05,TOSTAO_17,CUST_00659
TICKET_008446,2024-10-24,TOSTAO_06,CUST_01651
TICKET_008447,2024-12-15,TOSTAO_05,CUST_01531
TICKET_008448,2024-04-27,TOSTAO_18,CUST_00222
TICKET_008449,2024-05-24,TOSTAO_18,CUST_02474
TICKET_008450,2024-05-10,TOSTAO_18,CUST_01976
TICKET_008451,2024-04-25,TOSTAO_17,CUST_01512
TICKET_008452,2024-03-10,TOSTAO_15,CUST_00647
TICKET_008453,2024-02-10,TOSTAO_11,CUST_00904
TICKET_008454,2024-10-22,TOSTAO_15,CUST_00712
TICKET_008455,2024-06-01,TOSTAO_14,CUST_00116
TICKET_008456,2024-11-24,TOSTAO_11,CUST_01173
TICKET_008457,2024-01-11,TOSTAO_16,CUST_02273
TICKET_008458,2024-09-18,TOSTAO_14,CUST_00201
TICKET_008459,2024-07-05,TOSTAO_01,CUST_00083
TICKET_008460,2024-04-03,TOSTAO_16,CUST_00248
TICKET_008461,2024-06-18,TOSTAO_14,CUST_01444
TICKET_008462,2024-11-03,TOSTAO_17,CUST_00330
TICKET_008463,2024-01-04,TOSTAO_06,CUST_00505
TICKET_008464,2024-10-08,TOSTAO_10,CUST_00870
TICKET_008465,2024-07-04,TOSTAO_14,CUST_00790
TICKET_008466,2024-02-27,TOSTAO_14,CUST_01203
TICKET_008467,2024-08-29,TOSTAO_03,CUST_01407
TICKET_008468,2024-10-11,TOSTAO_03,CUST_02020
TICKET_008469,2024-11-08,TOSTAO_04,CUST_01843
TICKET_008470,2024-11-20,TOSTAO_04,CUST_02469
TICKET_008471,2024-05-04,TOSTAO_08,CUST_00284
TICKET_008472,2024-08-31,TOSTAO_02,CUST_00607
TICKET_008473,2024-11-27,TOSTAO_13,CUST_02422
TICKET_008474,2024-04-30,TOSTAO_05,CUST_01506
TICKET_008475,2024-05-18,TOSTAO_11,CUST_01564
TICKET_008476,2024-01-20,TOSTAO_20,CUST_00413
TICKET_008477,2024-12-05,TOSTAO_11,CUST_00969
TICKET_008478,2024-02-22,TOSTAO_07,CUST_00853
TICKET_008479,2024-04-21,TOSTAO_15,CUST_01128
TICKET_008480,2024-12-19,TOSTAO_04,CUST_02247
TICKET_008481,2024-05-29,TOSTAO_04,CUST_00173
TICKET_008482,2024-04-30,TOSTAO_09,CUST_02287
TICKET_008483,2024-10-24,TOSTAO_14,CUST_02402
TICKET_008484,2024-06-10,TOSTAO_16,CUST_01317
TICKET_008485,2024-09-15,TOSTAO_09,CUST_00203
TICKET_008486,2024-09-30,TOSTAO_14,CUST_01400
TICKET_008487,2024-02-14,TOSTAO_14,CUST_00906
TICKET_008488,2024-05-22,TOSTAO_13,CUST_00932
TICKET_008489,2024-10-12,TOSTAO_05,CUST_00224
TICKET_008490,2024-07-05,TOSTAO_07,CUST_00035
TICKET_008491,2024-02-12,TOSTAO_14,CUST_00113
TICKET_008492,2024-05-15,TOSTAO_05,CUST_01715
TICKET_008493,2024-10-07,TOSTAO_14,CUST_02141
TICKET_008494,2024-02-15,TOSTAO_04,CUST_00257
TICKET_008495,2024-11-29,TOSTAO_12,CUST_01045
TICKET_008496,2024-05-19,TOSTAO_20,CUST_01205
TICKET_008497,2024-02-23,TOSTAO_13,CUST_01580
TICKET_008498,2024-01-20,TOSTAO_10,CUST_00688
TICKET_008499,2024-12-05,TOSTAO_06,CUST_00794
TICKET_008500,2024-08-03,TOSTAO_04,CUST_01642
TICKET_008501,2024-08-25,TOSTAO_10,CUST_00861
TICKET_008502,2024-07-24,TOSTAO_16,CUST_01452
TICKET_008503,2024-05-08,TOSTAO_20,CUST_01099
TICKET_008504,2024-06-10,TOSTAO_13,CUST_02157
TICKET_008505,2024-09-11,TOSTAO_02,CUST_00699
TICKET_008506,2024-03-18,TOSTAO_02,CUST_00860
TICKET_008507,2024-12-13,TOSTAO_06,CUST_01705
TICKET_008508,2024-08-09,TOSTAO_15,CUST_01147
TICKET_008509,2024-01-22,TOSTAO_19,CUST_00415
TICKET_008510,2024-01-01,TOSTAO_16,CUST_00810
TICKET_008511,2024-08-09,TOSTAO_02,CUST_00064
TICKET_008512,2024-09-26,TOSTAO_03,CUST_00351
TICKET_008513,2024-06-11,TOSTAO_11,CUST_01242
TICKET_008514,2024-06-29,TOSTAO_17,CUST_00535
TICKET_008515,2024-06-02,TOSTAO_02,CUST_01633
TICKET_008516,2024-07-21,TOSTAO_19,CUST_00954
TICKET_008517,2024-07-23,TOSTAO_01,CUST_01158
TICKET_008518,2024-11-27,TOSTAO_18,CUST_02362
TICKET_008519,2024-09-01,TOSTAO_09,CUST_01345
TICKET_008520,2024-09-13,TOSTAO_07,CUST_01669
TICKET_008521,2024-09-15,TOSTAO_20,CUST_01294
TICKET_008522,2024-04-11,TOSTAO_12,CUST_00097
TICKET_008523,2024-07-02,TOSTAO_08,CUST_01054
TICKET_008524,2024-10-18,TOSTAO_11,CUST_00331
TICKET_008525,2024-01-03,TOSTAO_04,CUST_01905
TICKET_008526,2024-01-30,TOSTAO_20,CUST_00070
TICKET_008527,2024-12-18,TOSTAO_13,CUST_00594
TICKET_008528,2024-03-06,TOSTAO_19,CUST_00507
TICKET_008529,2024-11-26,TOSTAO_13,CUST_00827
TICKET_008530,2024-08-01,TOSTAO_15,CUST_00851
TICKET_008531,2024-09-01,TOSTAO_18,CUST_00316
TICKET_008532,2024-09-06,TOSTAO_17,CUST_00989
TICKET_008533,2024-04-26,TOSTAO_10,CUST_00612
TICKET_008534,2024-11-22,TOSTAO_10,CUST_00019
TICKET_008535,2024-05-20,TOSTAO_09,CUST_00926
TICKET_008536,2024-02-09,TOSTAO_09,CUST_00267
TICKET_008537,2024-03-24,TOSTAO_08,CUST_00065
TICKET_008538,2024-12-04,TOSTAO_10,CUST_01159
TICKET_008539,2024-11-12,TOSTAO_14,CUST_00259
TICKET_008540,2024-04-15,TOSTAO_02,CUST_00774
TICKET_008541,2024-11-03,TOSTAO_09,CUST_00757
TICKET_008542,2024-07-30,TOSTAO_08,CUST_00277
TICKET_008543,2024-10-24,TOSTAO_19,CUST_01082
TICKET_008544,2024-12-10,TOSTAO_03,CUST_02200
TICKET_008545,2024-09-03,TOSTAO_02,CUST_02298
TICKET_008546,2024-08-14,TOSTAO_19,CUST_01673
TICKET_008547,2024-04-25,TOSTAO_03,CUST_00329
TICKET_008548,2024-02-20,TOSTAO_02,CUST_02481
TICKET_008549,2024-08-09,TOSTAO_06,CUST_00312
TICKET_008550,2024-12-17,TOSTAO_20,CUST_00875
TICKET_008551,2024-03-20,TOSTAO_15,CUST_01443
TICKET_008552,2024-10-05,TOSTAO_18,CUST_01596
TICKET_008553,2024-02-04,TOSTAO_20,CUST_02168
TICKET_008554,2024-08-31,TOSTAO_17,CUST_01278
TICKET_008555,2024-06-10,TOSTAO_05,CUST_01953
TICKET_008556,2024-12-05,TOSTAO_20,CUST_01384
TICKET_008557,2024-12-06,TOSTAO_12,CUST_00201
TICKET_008558,2024-04-06,TOSTAO_01,CUST_02141
TICKET_008559,2024-01-20,TOSTAO_08,CUST_01164
TICKET_008560,2024-05-12,TOSTAO_15,CUST_00112
TICKET_008561,2024-05-26,TOSTAO_13,CUST_01039
TICKET_008562,2024-06-08,TOSTAO_20,CUST_02332
TICKET_008563,2024-12-04,TOSTAO_05,CUST_02031
TICKET_008564,2024-06-16,TOSTAO_05,CUST_01035
TICKET_008565,2024-12-10,TOSTAO_07,CUST_01068
TICKET_008566,2024-11-12,TOSTAO_15,CUST_00915
TICKET_008567,2024-01-30,TOSTAO_10,CUST_00224
TICKET_008568,2024-05-20,TOSTAO_11,CUST_00635
TICKET_008569,2024-05-06,TOSTAO_07,CUST_00950
TICKET_008570,2024-02-19,TOSTAO_10,CUST_00964
TICKET_008571,2024-10-10,TOSTAO_16,CUST_01246
TICKET_008572,2024-07-02,TOSTAO_10,CUST_00589
TICKET_008573,2024-12-03,TOSTAO_10,CUST_00310
TICKET_008574,2024-05-14,TOSTAO_14,CUST_01897
TICKET_008575,2024-01-12,TOSTAO_07,CUST_02219
TICKET_008576,2024-02-14,TOSTAO_18,CUST_02278
TICKET_008577,2024-03-01,TOSTAO_19,CUST_00637
TICKET_008578,2024-10-10,TOSTAO_16,CUST_01729
TICKET_008579,2024-06-23,TOSTAO_08,CUST_01555
TICKET_008580,2024-10-13,TOSTAO_08,CUST_00201
TICKET_008581,2024-11-30,TOSTAO_11,CUST_01246
TICKET_008582,2024-03-05,TOSTAO_06,CUST_02224
TICKET_008583,2024-10-15,TOSTAO_04,CUST_01870
TICKET_008584,2024-12-25,TOSTAO_18,CUST_01616
TICKET_008585,2024-11-06,TOSTAO_09,CUST_01448
TICKET_008586,2024-05-01,TOSTAO_10,CUST_00218
TICKET_008587,2024-03-05,TOSTAO_02,CUST_02366
TICKET_008588,2024-04-01,TOSTAO_11,CUST_02095
TICKET_008589,2024-12-20,TOSTAO_14,CUST_01989
TICKET_008590,2024-07-26,TOSTAO_05,CUST_01826
TICKET_008591,2024-09-25,TOSTAO_18,CUST_02109
TICKET_008592,2024-07-26,TOSTAO_20,CUST_00734
TICKET_008593,2024-03-11,TOSTAO_01,CUST_00801
TICKET_008594,2024-07-09,TOSTAO_18,CUST_01529
TICKET_008595,2024-05-06,TOSTAO_01,CUST_01402
TICKET_008596,2024-05-20,TOSTAO_11,CUST_00240
TICKET_008597,2024-01-03,TOSTAO_05,CUST_01362
TICKET_008598,2024-05-12,TOSTAO_08,CUST_00515
TICKET_008599,2024-06-03,TOSTAO_13,CUST_01051
TICKET_008600,2024-10-10,TOSTAO_03,CUST_00704
TICKET_008601,2024-07-19,TOSTAO_20,CUST_00921
TICKET_008602,2024-08-19,TOSTAO_07,CUST_02280
TICKET_008603,2024-03-21,TOSTAO_13,CUST_01965
TICKET_008604,2024-12-04,TOSTAO_11,CUST_01278
TICKET_008605,2024-06-24,TOSTAO_19,CUST_02229
TICKET_008606,2024-03-26,TOSTAO_10,CUST_02084
TICKET_008607,2024-05-18,TOSTAO_15,CUST_00046
TICKET_008608,2024-03-22,TOSTAO_09,CUST_01386
TICKET_008609,2024-10-11,TOSTAO_05,CUST_02424
TICKET_008610,2024-09-26,TOSTAO_14,CUST_01020
TICKET_008611,2024-01-24,TOSTAO_13,CUST_00682
TICKET_008612,2024-10-21,TOSTAO_09,CUST_02298
TICKET_008613,2024-08-02,TOSTAO_05,CUST_00434
TICKET_008614,2024-09-13,TOSTAO_09,CUST_00529
TICKET_008615,2024-02-06,TOSTAO_14,CUST_01404
TICKET_008616,2024-04-11,TOSTAO_08,CUST_01814
TICKET_008617,2024-12-13,TOSTAO_09,CUST_01607
TICKET_008618,2024-05-05,TOSTAO_02,CUST_02043
TICKET_008619,2024-07-10,TOSTAO_10,CUST_00725
TICKET_008620,2024-11-22,TOSTAO_06,CUST_00685
TICKET_008621,2024-09-03,TOSTAO_14,CUST_00259
TICKET_008622,2024-06-12,TOSTAO_01,CUST_02402
TICKET_008623,2024-11-21,TOSTAO_01,CUST_01589
TICKET_008624,2024-10-07,TOSTAO_03,CUST_02163
TICKET_008625,2024-06-24,TOSTAO_01,CUST_00670
TICKET_008626,2024-02-24,TOSTAO_10,CUST_01441
TICKET_008627,2024-02-09,TOSTAO_07,CUST_01809
TICKET_008628,2024-01-09,TOSTAO_09,CUST_00561
TICKET_008629,2024-08-03,TOSTAO_09,CUST_01835
TICKET_008630,2024-02-22,TOSTAO_16,CUST_01293
TICKET_008631,2024-05-28,TOSTAO_18,CUST_00704
TICKET_008632,2024-07-07,TOSTAO_05,CUST_01342
TICKET_008633,2024-06-09,TOSTAO_13,CUST_01384
TICKET_008634,2024-01-27,TOSTAO_20,CUST_00156
TICKET_008635,2024-08-18,TOSTAO_16,CUST_00142
TICKET_008636,2024-10-31,TOSTAO_05,CUST_01171
TICKET_008637,2024-07-09,TOSTAO_08,CUST_02468
TICKET_008638,2024-03-12,TOSTAO_19,CUST_01989
TICKET_008639,2024-04-12,TOSTAO_11,CUST_00984
TICKET_008640,2024-11-10,TOSTAO_04,CUST_00930
TICKET_008641,2024-01-05,TOSTAO_04,CUST_01713
TICKET_008642,2024-04-18,TOSTAO_12,CUST_01132
TICKET_008643,2024-03-09,TOSTAO_02,CUST_02332
TICKET_008644,2024-10-08,TOSTAO_12,CUST_00967
TICKET_008645,2024-08-24,TOSTAO_07,CUST_00813
TICKET_008646,2024-08-17,TOSTAO_14,CUST_02073
TICKET_008647,2024-02-05,TOSTAO_14,CUST_01182
TICKET_008648,2024-08-02,TOSTAO_06,CUST_01405
TICKET_008649,2024-03-24,TOSTAO_10,CUST_00388
TICKET_008650,2024-09-11,TOSTAO_10,CUST_02403
TICKET_008651,2024-06-09,TOSTAO_03,CUST_02287
TICKET_008652,2024-07-21,TOSTAO_13,CUST_00297
TICKET_008653,2024-03-24,TOSTAO_18,CUST_01344
TICKET_008654,2024-07-09,TOSTAO_07,CUST_00707
TICKET_008655,2024-08-29,TOSTAO_11,CUST_02001
TICKET_008656,2024-02-15,TOSTAO_13,CUST_00155
TICKET_008657,2024-04-28,TOSTAO_15,CUST_02077
TICKET_008658,2024-06-12,TOSTAO_20,CUST_02307
TICKET_008659,2024-10-04,TOSTAO_10,CUST_00336
TICKET_008660,2024-01-13,TOSTAO_05,CUST_02207
TICKET_008661,2024-01-13,TOSTAO_06,CUST_01992
TICKET_008662,2024-09-04,TOSTAO_19,CUST_00726
TICKET_008663,2024-04-25,TOSTAO_09,CUST_01548
TICKET_008664,2024-02-29,TOSTAO_03,CUST_02008
TICKET_008665,2024-04-07,TOSTAO_20,CUST_01598
TICKET_008666,2024-09-06,TOSTAO_07,CUST_00648
TICKET_008667,2024-08-19,TOSTAO_02,CUST_01097
TICKET_008668,2024-08-19,TOSTAO_14,CUST_01757
TICKET_008669,2024-04-26,TOSTAO_02,CUST_02277
TICKET_008670,2024-02-21,TOSTAO_10,CUST_01495
TICKET_008671,2024-07-16,TOSTAO_04,CUST_01588
TICKET_008672,2024-07-30,TOSTAO_09,CUST_01117
TICKET_008673,2024-11-04,TOSTAO_10,CUST_02102
TICKET_008674,2024-09-04,TOSTAO_13,CUST_00900
TICKET_008675,2024-03-16,TOSTAO_17,CUST_00113
TICKET_008676,2024-10-31,TOSTAO_03,CUST_01311
TICKET_008677,2024-10-03,TOSTAO_06,CUST_02358
TICKET_008678,2024-09-16,TOSTAO_11,CUST_01429
TICKET_008679,2024-02-17,TOSTAO_01,CUST_00018
TICKET_008680,2024-04-12,TOSTAO_06,CUST_00350
TICKET_008681,2024-02-06,TOSTAO_15,CUST_02263
TICKET_008682,2024-10-03,TOSTAO_10,CUST_01979
TICKET_008683,2024-07-22,TOSTAO_08,CUST_02096
TICKET_008684,2024-07-28,TOSTAO_18,CUST_01092
TICKET_008685,2024-01-03,TOSTAO_08,CUST_02121
TICKET_008686,2024-09-18,TOSTAO_16,CUST_00760
TICKET_008687,2024-05-10,TOSTAO_20,CUST_01804
TICKET_008688,2024-09-24,TOSTAO_02,CUST_00421
TICKET_008689,2024-08-21,TOSTAO_02,CUST_02439
TICKET_008690,2024-07-29,TOSTAO_12,CUST_02317
TICKET_008691,2024-01-08,TOSTAO_03,CUST_00250
TICKET_008692,2024-05-06,TOSTAO_11,CUST_00723
TICKET_008693,2024-01-23,TOSTAO_12,CUST_00108
TICKET_008694,2024-12-18,TOSTAO_16,CUST_00784
TICKET_008695,2024-10-24,TOSTAO_03,CUST_01754
TICKET_008696,2024-04-21,TOSTAO_04,CUST_00260
TICKET_008697,2024-07-09,TOSTAO_05,CUST_00778
TICKET_008698,2024-02-09,TOSTAO_04,CUST_00588
TICKET_008699,2024-08-14,TOSTAO_06,CUST_01500
TICKET_008700,2024-09-04,TOSTAO_12,CUST_02379
TICKET_008701,2024-08-27,TOSTAO_19,CUST_01485
TICKET_008702,2024-02-13,TOSTAO_08,CUST_01629
TICKET_008703,2024-08-04,TOSTAO_10,CUST_00220
TICKET_008704,2024-03-14,TOSTAO_15,CUST_00121
TICKET_008705,2024-06-23,TOSTAO_02,CUST_02397
TICKET_008706,2024-05-13,TOSTAO_01,CUST_00442
TICKET_008707,2024-10-13,TOSTAO_07,CUST_02432
TICKET_008708,2024-10-08,TOSTAO_02,CUST_00272
TICKET_008709,2024-03-16,TOSTAO_07,CUST_01138
TICKET_008710,2024-07-27,TOSTAO_05,CUST_00484
TICKET_008711,2024-02-02,TOSTAO_10,CUST_01850
TICKET_008712,2024-01-15,TOSTAO_09,CUST_00237
TICKET_008713,2024-10-30,TOSTAO_03,CUST_00192
TICKET_008714,2024-07-22,TOSTAO_12,CUST_01508
TICKET_008715,2024-10-27,TOSTAO_10,CUST_00336
TICKET_008716,2024-09-21,TOSTAO_09,CUST_01847
TICKET_008717,2024-05-02,TOSTAO_05,CUST_00859
TICKET_008718,2024-05-20,TOSTAO_05,CUST_00268
TICKET_008719,2024-09-06,TOSTAO_18,CUST_01607
TICKET_008720,2024-06-17,TOSTAO_16,CUST_01150
TICKET_008721,2024-11-22,TOSTAO_03,CUST_01459
TICKET_008722,2024-02-19,TOSTAO_01,CUST_01540
TICKET_008723,2024-11-10,TOSTAO_03,CUST_01003
TICKET_008724,2024-12-26,TOSTAO_12,CUST_00610
TICKET_008725,2024-05-25,TOSTAO_04,CUST_02402
TICKET_008726,2024-12-27,TOSTAO_13,CUST_02441
TICKET_008727,2024-01-22,TOSTAO_11,CUST_00272
TICKET_008728,2024-10-17,TOSTAO_14,CUST_01249
TICKET_008729,2024-04-29,TOSTAO_16,CUST_01330
TICKET_008730,2024-12-09,TOSTAO_19,CUST_01819
TICKET_008731,2024-12-01,TOSTAO_01,CUST_01871
TICKET_008732,2024-12-26,TOSTAO_02,CUST_01516
TICKET_008733,2024-12-30,TOSTAO_07,CUST_00048
TICKET_008734,2024-10-28,TOSTAO_16,CUST_00815
TICKET_008735,2024-12-28,TOSTAO_08,CUST_00333
TICKET_008736,2024-02-16,TOSTAO_01,CUST_00818
TICKET_008737,2024-11-10,TOSTAO_10,CUST_01926
TICKET_008738,2024-11-09,TOSTAO_02,CUST_00421
TICKET_008739,2024-07-19,TOSTAO_08,CUST_00147
TICKET_008740,2024-12-13,TOSTAO_13,CUST_01078
TICKET_008741,2024-08-25,TOSTAO_09,CUST_01864
TICKET_008742,2024-04-13,TOSTAO_10,CUST_01028
TICKET_008743,2024-10-01,TOSTAO_11,CUST_02276
TICKET_008744,2024-03-13,TOSTAO_09,CUST_01032
TICKET_008745,2024-11-29,TOSTAO_07,CUST_01478
TICKET_008746,2024-01-05,TOSTAO_16,CUST_00957
TICKET_008747,2024-04-23,TOSTAO_17,CUST_00757
TICKET_008748,2024-03-23,TOSTAO_09,CUST_00748
TICKET_008749,2024-07-21,TOSTAO_11,CUST_00538
TICKET_008750,2024-07-31,TOSTAO_13,CUST_01882
TICKET_008751,2024-04-09,TOSTAO_16,CUST_01507
TICKET_008752,2024-02-14,TOSTAO_20,CUST_02335
TICKET_008753,2024-11-25,TOSTAO_15,CUST_00117
TICKET_008754,2024-07-12,TOSTAO_18,CUST_01992
TICKET_008755,2024-05-17,TOSTAO_12,CUST_00566
TICKET_008756,2024-02-08,TOSTAO_18,CUST_02433
TICKET_008757,2024-10-02,TOSTAO_11,CUST_01719
TICKET_008758,2024-07-07,TOSTAO_06,CUST_01525
TICKET_008759,2024-10-30,TOSTAO_17,CUST_00229
TICKET_008760,2024-11-24,TOSTAO_11,CUST_01996
TICKET_008761,2024-10-18,TOSTAO_04,CUST_00083
TICKET_008762,2024-12-14,TOSTAO_09,CUST_00468
TICKET_008763,2024-12-02,TOSTAO_02,CUST_01382
TICKET_008764,2024-02-28,TOSTAO_15,CUST_01614
TICKET_008765,2024-10-31,TOSTAO_20,CUST_00657
TICKET_008766,2024-01-26,TOSTAO_13,CUST_02329
TICKET_008767,2024-09-25,TOSTAO_10,CUST_01433
TICKET_008768,2024-04-25,TOSTAO_06,CUST_02132
TICKET_008769,2024-10-05,TOSTAO_06,CUST_00160
TICKET_008770,2024-02-02,TOSTAO_05,CUST_02444
TICKET_008771,2024-10-06,TOSTAO_19,CUST_02398
TICKET_008772,2024-02-26,TOSTAO_11,CUST_01516
TICKET_008773,2024-06-16,TOSTAO_17,CUST_00269
TICKET_008774,2024-01-16,TOSTAO_20,CUST_01192
TICKET_008775,2024-07-23,TOSTAO_05,CUST_02432
TICKET_008776,2024-09-01,TOSTAO_02,CUST_00936
TICKET_008777,2024-08-24,TOSTAO_13,CUST_01141
TICKET_008778,2024-06-08,TOSTAO_15,CUST_02115
TICKET_008779,2024-07-07,TOSTAO_09,CUST_01544
TICKET_008780,2024-09-27,TOSTAO_12,CUST_00434
TICKET_008781,2024-03-20,TOSTAO_01,CUST_01213
TICKET_008782,2024-02-14,TOSTAO_04,CUST_01842
TICKET_008783,2024-09-29,TOSTAO_01,CUST_01229
TICKET_008784,2024-12-29,TOSTAO_19,CUST_00205
TICKET_008785,2024-08-25,TOSTAO_05,CUST_00225
TICKET_008786,2024-02-26,TOSTAO_09,CUST_01426
TICKET_008787,2024-08-24,TOSTAO_14,CUST_00625
TICKET_008788,2024-10-30,TOSTAO_09,CUST_01421
TICKET_008789,2024-07-25,TOSTAO_03,CUST_02157
TICKET_008790,2024-12-05,TOSTAO_12,CUST_00507
TICKET_008791,2024-05-13,TOSTAO_15,CUST_01073
TICKET_008792,2024-11-02,TOSTAO_09,CUST_01740
TICKET_008793,2024-09-23,TOSTAO_20,CUST_01571
TICKET_008794,2024-05-12,TOSTAO_05,CUST_00468
TICKET_008795,2024-12-03,TOSTAO_12,CUST_00442
TICKET_008796,2024-05-20,TOSTAO_05,CUST_00308
TICKET_008797,2024-02-23,TOSTAO_08,CUST_00899
TICKET_008798,2024-08-08,TOSTAO_09,CUST_00037
TICKET_008799,2024-10-29,TOSTAO_13,CUST_01951
TICKET_008800,2024-01-12,TOSTAO_09,CUST_02341
TICKET_008801,2024-01-07,TOSTAO_04,CUST_00677
TICKET_008802,2024-10-23,TOSTAO_09,CUST_01005
TICKET_008803,2024-08-28,TOSTAO_15,CUST_00258
TICKET_008804,2024-08-19,TOSTAO_16,CUST_02423
TICKET_008805,2024-04-07,TOSTAO_18,CUST_00780
TICKET_008806,2024-06-25,TOSTAO_20,CUST_01136
TICKET_008807,2024-01-20,TOSTAO_03,CUST_01263
TICKET_008808,2024-06-07,TOSTAO_13,CUST_02146
TICKET_008809,2024-07-26,TOSTAO_15,CUST_00062
TICKET_008810,2024-04-02,TOSTAO_15,CUST_01290
TICKET_008811,2024-07-15,TOSTAO_15,CUST_01990
TICKET_008812,2024-10-27,TOSTAO_14,CUST_01794
TICKET_008813,2024-04-28,TOSTAO_05,CUST_01354
TICKET_008814,2024-10-30,TOSTAO_04,CUST_00864
TICKET_008815,2024-09-30,TOSTAO_10,CUST_01469
TICKET_008816,2024-04-01,TOSTAO_02,CUST_01910
TICKET_008817,2024-05-06,TOSTAO_09,CUST_00565
TICKET_008818,2024-07-31,TOSTAO_10,CUST_02164
TICKET_008819,2024-07-22,TOSTAO_17,CUST_00120
TICKET_008820,2024-04-20,TOSTAO_11,CUST_00572
TICKET_008821,2024-11-15,TOSTAO_19,CUST_00200
TICKET_008822,2024-03-30,TOSTAO_15,CUST_01045
TICKET_008823,2024-04-23,TOSTAO_18,CUST_00083
TICKET_008824,2024-06-10,TOSTAO_11,CUST_00642
TICKET_008825,2024-12-24,TOSTAO_01,CUST_02172
TICKET_008826,2024-06-04,TOSTAO_01,CUST_02208
TICKET_008827,2024-03-20,TOSTAO_05,CUST_00108
TICKET_008828,2024-07-26,TOSTAO_06,CUST_00740
TICKET_008829,2024-03-01,TOSTAO_07,CUST_02025
TICKET_008830,2024-07-11,TOSTAO_09,CUST_00508
TICKET_008831,2024-02-19,TOSTAO_02,CUST_00069
TICKET_008832,2024-07-13,TOSTAO_20,CUST_01339
TICKET_008833,2024-09-19,TOSTAO_20,CUST_01370
TICKET_008834,2024-05-02,TOSTAO_10,CUST_00362
TICKET_008835,2024-05-14,TOSTAO_16,CUST_01347
TICKET_008836,2024-09-15,TOSTAO_02,CUST_00615
TICKET_008837,2024-01-27,TOSTAO_10,CUST_02404
TICKET_008838,2024-03-19,TOSTAO_10,CUST_00051
TICKET_008839,2024-12-12,TOSTAO_17,CUST_00101
TICKET_008840,2024-08-27,TOSTAO_10,CUST_01105
TICKET_008841,2024-08-09,TOSTAO_13,CUST_00238
TICKET_008842,2024-10-20,TOSTAO_10,CUST_02487
TICKET_008843,2024-10-10,TOSTAO_15,CUST_02141
TICKET_008844,2024-08-11,TOSTAO_05,CUST_00406
TICKET_008845,2024-08-03,TOSTAO_15,CUST_01062
TICKET_008846,2024-04-21,TOSTAO_02,CUST_01332
TICKET_008847,2024-02-14,TOSTAO_16,CUST_01888
TICKET_008848,2024-07-05,TOSTAO_10,CUST_00344
TICKET_008849,2024-02-19,TOSTAO_15,CUST_00900
TICKET_008850,2024-12-07,TOSTAO_03,CUST_00612
TICKET_008851,2024-12-19,TOSTAO_17,CUST_01590
TICKET_008852,2024-10-08,TOSTAO_09,CUST_01440
TICKET_008853,2024-04-17,TOSTAO_19,CUST_00797
TICKET_008854,2024-12-18,TOSTAO_18,CUST_01120
TICKET_008855,2024-01-28,TOSTAO_05,CUST_01882
TICKET_008856,2024-08-22,TOSTAO_08,CUST_00372
TICKET_008857,2024-07-31,TOSTAO_07,CUST_01079
TICKET_008858,2024-11-21,TOSTAO_15,CUST_00173
TICKET_008859,2024-11-27,TOSTAO_16,CUST_00484
TICKET_008860,2024-02-18,TOSTAO_15,CUST_01628
TICKET_008861,2024-01-10,TOSTAO_15,CUST_00278
TICKET_008862,2024-06-15,TOSTAO_02,CUST_01432
TICKET_008863,2024-03-15,TOSTAO_03,CUST_01537
TICKET_008864,2024-12-09,TOSTAO_12,CUST_00702
TICKET_008865,2024-09-01,TOSTAO_17,CUST_01798
TICKET_008866,2024-11-08,TOSTAO_05,CUST_02418
TICKET_008867,2024-04-15,TOSTAO_10,CUST_02289
TICKET_008868,2024-01-19,TOSTAO_05,CUST_01065
TICKET_008869,2024-02-17,TOSTAO_08,CUST_01752
TICKET_008870,2024-10-11,TOSTAO_19,CUST_00469
TICKET_008871,2024-03-29,TOSTAO_03,CUST_01905
TICKET_008872,2024-06-30,TOSTAO_10,CUST_00193
TICKET_008873,2024-10-28,TOSTAO_20,CUST_00121
TICKET_008874,2024-12-11,TOSTAO_04,CUST_00821
TICKET_008875,2024-03-29,TOSTAO_20,CUST_01287
TICKET_008876,2024-09-16,TOSTAO_12,CUST_02364
TICKET_008877,2024-11-05,TOSTAO_03,CUST_00278
TICKET_008878,2024-08-01,TOSTAO_12,CUST_01858
TICKET_008879,2024-01-03,TOSTAO_11,CUST_01722
TICKET_008880,2024-06-09,TOSTAO_18,CUST_02354
TICKET_008881,2024-07-25,TOSTAO_06,CUST_02063
TICKET_008882,2024-03-18,TOSTAO_15,CUST_00148
TICKET_008883,2024-11-18,TOSTAO_18,CUST_01601
TICKET_008884,2024-10-18,TOSTAO_08,CUST_02231
TICKET_008885,2024-11-11,TOSTAO_05,CUST_00824
TICKET_008886,2024-01-20,TOSTAO_10,CUST_01153
TICKET_008887,2024-03-10,TOSTAO_05,CUST_00515
TICKET_008888,2024-01-13,TOSTAO_11,CUST_00715
TICKET_008889,2024-10-26,TOSTAO_06,CUST_01500
TICKET_008890,2024-09-21,TOSTAO_15,CUST_00189
TICKET_008891,2024-09-26,TOSTAO_16,CUST_00567
TICKET_008892,2024-03-30,TOSTAO_20,CUST_02215
TICKET_008893,2024-12-10,TOSTAO_10,CUST_00767
TICKET_008894,2024-10-31,TOSTAO_20,CUST_01820
TICKET_008895,2024-06-09,TOSTAO_12,CUST_02395
TICKET_008896,2024-02-26,TOSTAO_08,CUST_01949
TICKET_008897,2024-09-29,TOSTAO_12,CUST_00691
TICKET_008898,2024-07-21,TOSTAO_03,CUST_01387
TICKET_008899,2024-07-21,TOSTAO_01,CUST_01151
TICKET_008900,2024-01-31,TOSTAO_12,CUST_02017
TICKET_008901,2024-07-15,TOSTAO_13,CUST_02170
TICKET_008902,2024-10-11,TOSTAO_10,CUST_01105
TICKET_008903,2024-03-08,TOSTAO_10,CUST_00662
TICKET_008904,2024-05-18,TOSTAO_11,CUST_00495
TICKET_008905,2024-08-06,TOSTAO_17,CUST_00621
TICKET_008906,2024-08-18,TOSTAO_15,CUST_02324
TICKET_008907,2024-06-28,TOSTAO_02,CUST_00539
TICKET_008908,2024-07-12,TOSTAO_17,CUST_02164
TICKET_008909,2024-07-10,TOSTAO_20,CUST_00023
TICKET_008910,2024-03-17,TOSTAO_19,CUST_00912
TICKET_008911,2024-09-11,TOSTAO_18,CUST_00006
TICKET_008912,2024-08-17,TOSTAO_09,CUST_02318
TICKET_008913,2024-11-11,TOSTAO_09,CUST_00399
TICKET_008914,2024-01-25,TOSTAO_02,CUST_00483
TICKET_008915,2024-04-23,TOSTAO_02,CUST_01212
TICKET_008916,2024-07-18,TOSTAO_04,CUST_01812
TICKET_008917,2024-05-25,TOSTAO_10,CUST_01235
TICKET_008918,2024-02-19,TOSTAO_18,CUST_00110
TICKET_008919,2024-03-12,TOSTAO_17,CUST_00883
TICKET_008920,2024-05-17,TOSTAO_13,CUST_02439
TICKET_008921,2024-03-16,TOSTAO_20,CUST_01615
TICKET_008922,2024-01-11,TOSTAO_04,CUST_00516
TICKET_008923,2024-09-16,TOSTAO_19,CUST_00662
TICKET_008924,2024-07-24,TOSTAO_15,CUST_00178
TICKET_008925,2024-01-10,TOSTAO_17,CUST_01467
TICKET_008926,2024-11-29,TOSTAO_07,CUST_00299
TICKET_008927,2024-06-23,TOSTAO_08,CUST_01656
TICKET_008928,2024-09-15,TOSTAO_20,CUST_01907
TICKET_008929,2024-10-18,TOSTAO_06,CUST_00628
TICKET_008930,2024-07-08,TOSTAO_16,CUST_00863
TICKET_008931,2024-02-24,TOSTAO_06,CUST_01887
TICKET_008932,2024-06-29,TOSTAO_20,CUST_01421
TICKET_008933,2024-01-06,TOSTAO_18,CUST_02207
TICKET_008934,2024-04-19,TOSTAO_08,CUST_00487
TICKET_008935,2024-01-28,TOSTAO_03,CUST_01571
TICKET_008936,2024-12-19,TOSTAO_17,CUST_02133
TICKET_008937,2024-05-16,TOSTAO_13,CUST_00023
TICKET_008938,2024-01-20,TOSTAO_09,CUST_01847
TICKET_008939,2024-04-26,TOSTAO_12,CUST_00321
TICKET_008940,2024-01-19,TOSTAO_18,CUST_01749
TICKET_008941,2024-12-03,TOSTAO_13,CUST_01454
TICKET_008942,2024-07-23,TOSTAO_10,CUST_00240
TICKET_008943,2024-10-18,TOSTAO_17,CUST_00587
TICKET_008944,2024-03-23,TOSTAO_11,CUST_00084
TICKET_008945,2024-09-22,TOSTAO_06,CUST_02193
TICKET_008946,2024-12-21,TOSTAO_04,CUST_00250
TICKET_008947,2024-09-09,TOSTAO_18,CUST_01198
TICKET_008948,2024-10-25,TOSTAO_05,CUST_02248
TICKET_008949,2024-02-21,TOSTAO_04,CUST_00595
TICKET_008950,2024-10-23,TOSTAO_17,CUST_00720
TICKET_008951,2024-11-13,TOSTAO_10,CUST_02436
TICKET_008952,2024-03-14,TOSTAO_03,CUST_01795
TICKET_008953,2024-02-13,TOSTAO_11,CUST_01553
TICKET_008954,2024-10-16,TOSTAO_06,CUST_01535
TICKET_008955,2024-12-03,TOSTAO_16,CUST_02106
TICKET_008956,2024-12-02,TOSTAO_11,CUST_01383
TICKET_008957,2024-06-24,TOSTAO_08,CUST_02202
TICKET_008958,2024-05-23,TOSTAO_12,CUST_02020
TICKET_008959,2024-03-22,TOSTAO_09,CUST_01379
TICKET_008960,2024-03-21,TOSTAO_19,CUST_01539
TICKET_008961,2024-03-03,TOSTAO_19,CUST_00392
TICKET_008962,2024-04-04,TOSTAO_05,CUST_02099
TICKET_008963,2024-05-19,TOSTAO_12,CUST_00308
TICKET_008964,2024-08-05,TOSTAO_16,CUST_01962
TICKET_008965,2024-08-08,TOSTAO_16,CUST_00764
TICKET_008966,2024-06-27,TOSTAO_09,CUST_00863
TICKET_008967,2024-08-31,TOSTAO_19,CUST_01136
TICKET_008968,2024-12-06,TOSTAO_09,CUST_00162
TICKET_008969,2024-08-07,TOSTAO_08,CUST_01563
TICKET_008970,2024-12-05,TOSTAO_13,CUST_02053
TICKET_008971,2024-11-19,TOSTAO_01,CUST_00666
TICKET_008972,2024-05-16,TOSTAO_14,CUST_01072
TICKET_008973,2024-09-04,TOSTAO_11,CUST_01575
TICKET_008974,2024-08-21,TOSTAO_16,CUST_01730
TICKET_008975,2024-01-04,TOSTAO_05,CUST_01407
TICKET_008976,2024-11-10,TOSTAO_18,CUST_01259
TICKET_008977,2024-03-10,TOSTAO_19,CUST_00163
TICKET_008978,2024-07-18,TOSTAO_08,CUST_01860
TICKET_008979,2024-04-25,TOSTAO_12,CUST_00693
TICKET_008980,2024-04-01,TOSTAO_14,CUST_01965
TICKET_008981,2024-10-08,TOSTAO_06,CUST_00721
TICKET_008982,2024-10-17,TOSTAO_13,CUST_01030
TICKET_008983,2024-08-23,TOSTAO_19,CUST_01565
TICKET_008984,2024-09-27,TOSTAO_08,CUST_02237
TICKET_008985,2024-12-13,TOSTAO_07,CUST_01058
TICKET_008986,2024-03-22,TOSTAO_05,CUST_00096
TICKET_008987,2024-04-05,TOSTAO_16,CUST_00827
TICKET_008988,2024-02-25,TOSTAO_06,CUST_01317
TICKET_008989,2024-04-27,TOSTAO_16,CUST_00317
TICKET_008990,2024-01-16,TOSTAO_03,CUST_02052
TICKET_008991,2024-09-26,TOSTAO_14,CUST_00314
TICKET_008992,2024-06-11,TOSTAO_02,CUST_00349
TICKET_008993,2024-01-03,TOSTAO_16,CUST_00542
TICKET_008994,2024-04-18,TOSTAO_05,CUST_00238
TICKET_008995,2024-05-05,TOSTAO_19,CUST_01496
TICKET_008996,2024-06-08,TOSTAO_14,CUST_01396
TICKET_008997,2024-07-20,TOSTAO_19,CUST_02462
TICKET_008998,2024-11-07,TOSTAO_19,CUST_00750
TICKET_008999,2024-07-29,TOSTAO_07,CUST_01919
TICKET_009000,2024-05-23,TOSTAO_13,CUST_00352
TICKET_009001,2024-12-15,TOSTAO_05,CUST_00206
TICKET_009002,2024-01-19,TOSTAO_01,CUST_00522
TICKET_009003,2024-02-22,TOSTAO_10,CUST_02035
TICKET_009004,2024-07-23,TOSTAO_14,CUST_01377
TICKET_009005,2024-05-07,TOSTAO_06,CUST_01174
TICKET_009006,2024-10-17,TOSTAO_01,CUST_02237
TICKET_009007,2024-12-12,TOSTAO_13,CUST_01511
TICKET_009008,2024-01-03,TOSTAO_20,CUST_02287
TICKET_009009,2024-11-12,TOSTAO_14,CUST_00731
TICKET_009010,2024-05-01,TOSTAO_16,CUST_02498
TICKET_009011,2024-12-13,TOSTAO_14,CUST_01722
TICKET_009012,2024-12-22,TOSTAO_08,CUST_02233
TICKET_009013,2024-06-22,TOSTAO_15,CUST_01578
TICKET_009014,2024-03-09,TOSTAO_04,CUST_01228
TICKET_009015,2024-10-29,TOSTAO_04,CUST_00313
TICKET_009016,2024-11-28,TOSTAO_15,CUST_01427
TICKET_009017,2024-11-20,TOSTAO_15,CUST_00576
TICKET_009018,2024-11-02,TOSTAO_08,CUST_02113
TICKET_009019,2024-08-30,TOSTAO_02,CUST_01759
TICKET_009020,2024-03-04,TOSTAO_08,CUST_02492
TICKET_009021,2024-08-01,TOSTAO_13,CUST_01511
TICKET_009022,2024-07-07,TOSTAO_02,CUST_01181
TICKET_009023,2024-05-27,TOSTAO_05,CUST_02330
TICKET_009024,2024-03-31,TOSTAO_20,CUST_00126
TICKET_009025,2024-02-02,TOSTAO_17,CUST_00989
TICKET_009026,2024-09-20,TOSTAO_05,CUST_01714
TICKET_009027,2024-04-13,TOSTAO_01,CUST_00399
TICKET_009028,2024-07-21,TOSTAO_10,CUST_00590
TICKET_009029,2024-09-11,TOSTAO_11,CUST_02163
TICKET_009030,2024-02-16,TOSTAO_17,CUST_00313
TICKET_009031,2024-06-04,TOSTAO_02,CUST_02049
TICKET_009032,2024-01-21,TOSTAO_05,CUST_02292
TICKET_009033,2024-03-13,TOSTAO_18,CUST_00399
TICKET_009034,2024-04-10,TOSTAO_03,CUST_01827
TICKET_009035,2024-07-22,TOSTAO_07,CUST_01117
TICKET_009036,2024-03-10,TOSTAO_19,CUST_02109
TICKET_009037,2024-04-16,TOSTAO_02,CUST_02332
TICKET_009038,2024-07-24,TOSTAO_08,CUST_00988
TICKET_009039,2024-02-27,TOSTAO_11,CUST_01588
TICKET_009040,2024-11-22,TOSTAO_11,CUST_00684
TICKET_009041,2024-04-16,TOSTAO_09,CUST_02230
TICKET_009042,2024-07-06,TOSTAO_05,CUST_00243
TICKET_009043,2024-06-24,TOSTAO_06,CUST_00583
TICKET_009044,2024-04-07,TOSTAO_02,CUST_00449
TICKET_009045,2024-10-13,TOSTAO_13,CUST_01019
TICKET_009046,2024-02-25,TOSTAO_16,CUST_01556
TICKET_009047,2024-01-14,TOSTAO_17,CUST_02226
TICKET_009048,2024-11-12,TOSTAO_20,CUST_00167
TICKET_009049,2024-12-28,TOSTAO_10,CUST_02108
TICKET_009050,2024-01-16,TOSTAO_15,CUST_00749
TICKET_009051,2024-06-24,TOSTAO_11,CUST_01959
TICKET_009052,2024-11-24,TOSTAO_09,CUST_00783
TICKET_009053,2024-12-03,TOSTAO_04,CUST_01782
TICKET_009054,2024-07-20,TOSTAO_17,CUST_01237
TICKET_009055,2024-06-14,TOSTAO_01,CUST_01016
TICKET_009056,2024-07-07,TOSTAO_20,CUST_01984
TICKET_009057,2024-08-13,TOSTAO_11,CUST_00642
TICKET_009058,2024-04-18,TOSTAO_02,CUST_01520
TICKET_009059,2024-01-17,TOSTAO_10,CUST_00512
TICKET_009060,2024-05-09,TOSTAO_09,CUST_00050
TICKET_009061,2024-06-18,TOSTAO_06,CUST_01424
TICKET_009062,2024-12-03,TOSTAO_09,CUST_00280
TICKET_009063,2024-08-07,TOSTAO_19,CUST_02109
TICKET_009064,2024-11-07,TOSTAO_08,CUST_01779
TICKET_009065,2024-04-20,TOSTAO_07,CUST_01749
TICKET_009066,2024-02-03,TOSTAO_18,CUST_00582
TICKET_009067,2024-08-21,TOSTAO_07,CUST_01564
TICKET_009068,2024-09-05,TOSTAO_02,CUST_00530
TICKET_009069,2024-08-11,TOSTAO_11,CUST_00983
TICKET_009070,2024-01-15,TOSTAO_13,CUST_02287
TICKET_009071,2024-01-25,TOSTAO_03,CUST_00549
TICKET_009072,2024-11-25,TOSTAO_19,CUST_02194
TICKET_009073,2024-02-27,TOSTAO_15,CUST_02458
TICKET_009074,2024-07-11,TOSTAO_11,CUST_00895
TICKET_009075,2024-09-03,TOSTAO_12,CUST_01909
TICKET_009076,2024-08-14,TOSTAO_16,CUST_01284
TICKET_009077,2024-11-06,TOSTAO_11,CUST_02194
TICKET_009078,2024-12-06,TOSTAO_15,CUST_00039
TICKET_009079,2024-07-11,TOSTAO_18,CUST_00907
TICKET_009080,2024-09-27,TOSTAO_17,CUST_00289
TICKET_009081,2024-02-01,TOSTAO_02,CUST_00552
TICKET_009082,2024-09-26,TOSTAO_19,CUST_01503
TICKET_009083,2024-05-12,TOSTAO_16,CUST_00743
TICKET_009084,2024-07-28,TOSTAO_20,CUST_01322
TICKET_009085,2024-01-29,TOSTAO_09,CUST_01774
TICKET_009086,2024-05-27,TOSTAO_09,CUST_01244
TICKET_009087,2024-08-23,TOSTAO_16,CUST_01121
TICKET_009088,2024-11-20,TOSTAO_11,CUST_01493
TICKET_009089,2024-07-30,TOSTAO_02,CUST_00951
TICKET_009090,2024-04-01,TOSTAO_18,CUST_01163
TICKET_009091,2024-03-13,TOSTAO_02,CUST_00713
TICKET_009092,2024-12-26,TOSTAO_19,CUST_00054
TICKET_009093,2024-05-14,TOSTAO_18,CUST_01060
TICKET_009094,2024-04-29,TOSTAO_01,CUST_01506
TICKET_009095,2024-09-10,TOSTAO_10,CUST_02168
TICKET_009096,2024-07-15,TOSTAO_20,CUST_01415
TICKET_009097,2024-07-20,TOSTAO_03,CUST_00181
TICKET_009098,2024-04-03,TOSTAO_15,CUST_00094
TICKET_009099,2024-04-08,TOSTAO_17,CUST_01871
TICKET_009100,2024-04-02,TOSTAO_05,CUST_01772
TICKET_009101,2024-03-13,TOSTAO_19,CUST_01428
TICKET_009102,2024-09-17,TOSTAO_15,CUST_01731
TICKET_009103,2024-05-08,TOSTAO_01,CUST_00199
TICKET_009104,2024-04-22,TOSTAO_07,CUST_01190
TICKET_009105,2024-12-27,TOSTAO_09,CUST_00504
TICKET_009106,2024-07-03,TOSTAO_07,CUST_00795
TICKET_009107,2024-03-01,TOSTAO_02,CUST_00092
TICKET_009108,2024-08-17,TOSTAO_19,CUST_01261
TICKET_009109,2024-09-04,TOSTAO_10,CUST_00050
TICKET_009110,2024-09-12,TOSTAO_16,CUST_02238
TICKET_009111,2024-01-23,TOSTAO_16,CUST_00980
TICKET_009112,2024-05-02,TOSTAO_15,CUST_00900
TICKET_009113,2024-12-08,TOSTAO_16,CUST_00660
TICKET_009114,2024-03-25,TOSTAO_09,CUST_00505
TICKET_009115,2024-02-25,TOSTAO_04,CUST_02056
TICKET_009116,2024-11-04,TOSTAO_07,CUST_01659
TICKET_009117,2024-01-30,TOSTAO_13,CUST_00101
TICKET_009118,2024-06-10,TOSTAO_17,CUST_01197
TICKET_009119,2024-04-26,TOSTAO_10,CUST_01270
TICKET_009120,2024-01-18,TOSTAO_02,CUST_01300
TICKET_009121,2024-10-16,TOSTAO_05,CUST_00894
TICKET_009122,2024-09-22,TOSTAO_17,CUST_01707
TICKET_009123,2024-07-22,TOSTAO_19,CUST_02413
TICKET_009124,2024-04-09,TOSTAO_12,CUST_02012
TICKET_009125,2024-02-15,TOSTAO_13,CUST_01478
TICKET_009126,2024-08-25,TOSTAO_03,CUST_00357
TICKET_009127,2024-06-25,TOSTAO_16,CUST_02283
TICKET_009128,2024-07-25,TOSTAO_19,CUST_01237
TICKET_009129,2024-08-20,TOSTAO_20,CUST_00680
TICKET_009130,2024-11-22,TOSTAO_03,CUST_01104
TICKET_009131,2024-04-22,TOSTAO_05,CUST_00562
TICKET_009132,2024-03-03,TOSTAO_11,CUST_02252
TICKET_009133,2024-05-08,TOSTAO_15,CUST_00669
TICKET_009134,2024-08-15,TOSTAO_07,CUST_01771
TICKET_009135,2024-10-07,TOSTAO_02,CUST_01753
TICKET_009136,2024-11-01,TOSTAO_06,CUST_00811
TICKET_009137,2024-08-06,TOSTAO_11,CUST_01407
TICKET_009138,2024-06-08,TOSTAO_19,CUST_01494
TICKET_009139,2024-09-27,TOSTAO_18,CUST_02367
TICKET_009140,2024-01-10,TOSTAO_03,CUST_00349
TICKET_009141,2024-03-24,TOSTAO_10,CUST_01750
TICKET_009142,2024-06-20,TOSTAO_09,CUST_01045
TICKET_009143,2024-07-29,TOSTAO_05,CUST_00107
TICKET_009144,2024-10-16,TOSTAO_11,CUST_00133
TICKET_009145,2024-02-15,TOSTAO_02,CUST_01845
TICKET_009146,2024-08-18,TOSTAO_12,CUST_01042
TICKET_009147,2024-06-22,TOSTAO_20,CUST_01030
TICKET_009148,2024-09-14,TOSTAO_20,CUST_00309
TICKET_009149,2024-07-10,TOSTAO_04,CUST_01433
TICKET_009150,2024-06-06,TOSTAO_18,CUST_02237
TICKET_009151,2024-01-30,TOSTAO_12,CUST_00015
TICKET_009152,2024-04-17,TOSTAO_06,CUST_00395
TICKET_009153,2024-09-29,TOSTAO_05,CUST_00173
TICKET_009154,2024-08-26,TOSTAO_01,CUST_01818
TICKET_009155,2024-10-06,TOSTAO_04,CUST_00640
TICKET_009156,2024-09-14,TOSTAO_20,CUST_00330
TICKET_009157,2024-12-10,TOSTAO_17,CUST_02101
TICKET_009158,2024-05-05,TOSTAO_08,CUST_00765
TICKET_009159,2024-05-14,TOSTAO_12,CUST_00987
TICKET_009160,2024-11-21,TOSTAO_09,CUST_01500
TICKET_009161,2024-11-01,TOSTAO_14,CUST_00527
TICKET_009162,2024-02-10,TOSTAO_03,CUST_00758
TICKET_009163,2024-06-16,TOSTAO_15,CUST_00205
TICKET_009164,2024-01-04,TOSTAO_20,CUST_02034
TICKET_009165,2024-01-11,TOSTAO_02,CUST_00417
TICKET_009166,2024-12-24,TOSTAO_13,CUST_01832
TICKET_009167,2024-12-11,TOSTAO_12,CUST_01186
TICKET_009168,2024-12-10,TOSTAO_15,CUST_01468
TICKET_009169,2024-07-26,TOSTAO_14,CUST_00575
TICKET_009170,2024-06-04,TOSTAO_06,CUST_00868
TICKET_009171,2024-12-28,TOSTAO_08,CUST_01300
TICKET_009172,2024-11-28,TOSTAO_16,CUST_01730
TICKET_009173,2024-12-30,TOSTAO_04,CUST_02409
TICKET_009174,2024-10-01,TOSTAO_17,CUST_00231
TICKET_009175,2024-12-16,TOSTAO_20,CUST_02001
TICKET_009176,2024-09-04,TOSTAO_05,CUST_01701
TICKET_009177,2024-08-31,TOSTAO_15,CUST_01281
TICKET_009178,2024-08-26,TOSTAO_07,CUST_02100
TICKET_009179,2024-03-31,TOSTAO_07,CUST_01640
TICKET_009180,2024-08-12,TOSTAO_04,CUST_01747
TICKET_009181,2024-01-06,TOSTAO_08,CUST_01948
TICKET_009182,2024-03-26,TOSTAO_02,CUST_02386
TICKET_009183,2024-04-03,TOSTAO_18,CUST_01131
TICKET_009184,2024-09-28,TOSTAO_11,CUST_00804
TICKET_009185,2024-08-04,TOSTAO_19,CUST_01073
TICKET_009186,2024-12-30,TOSTAO_03,CUST_00618
TICKET_009187,2024-07-22,TOSTAO_03,CUST_01535
TICKET_009188,2024-08-15,TOSTAO_08,CUST_01305
TICKET_009189,2024-09-03,TOSTAO_13,CUST_00133
TICKET_009190,2024-12-14,TOSTAO_19,CUST_01614
TICKET_009191,2024-07-02,TOSTAO_13,CUST_02050
TICKET_009192,2024-01-27,TOSTAO_02,CUST_00500
TICKET_009193,2024-04-06,TOSTAO_14,CUST_00061
TICKET_009194,2024-11-21,TOSTAO_15,CUST_00174
TICKET_009195,2024-02-04,TOSTAO_15,CUST_01778
TICKET_009196,2024-02-06,TOSTAO_01,CUST_00488
TICKET_009197,2024-04-06,TOSTAO_17,CUST_01518
TICKET_009198,2024-07-16,TOSTAO_15,CUST_01468
TICKET_009199,2024-05-05,TOSTAO_16,CUST_02170
TICKET_009200,2024-12-27,TOSTAO_01,CUST_02369
TICKET_009201,2024-10-22,TOSTAO_08,CUST_00578
TICKET_009202,2024-03-22,TOSTAO_07,CUST_00932
TICKET_009203,2024-10-29,TOSTAO_13,CUST_02020
TICKET_009204,2024-04-29,TOSTAO_11,CUST_00300
TICKET_009205,2024-01-21,TOSTAO_12,CUST_00877
TICKET_009206,2024-11-17,TOSTAO_12,CUST_02466
TICKET_009207,2024-09-30,TOSTAO_02,CUST_00197
TICKET_009208,2024-12-13,TOSTAO_01,CUST_00722
TICKET_009209,2024-10-16,TOSTAO_12,CUST_00049
TICKET_009210,2024-05-08,TOSTAO_05,CUST_01698
TICKET_009211,2024-11-26,TOSTAO_20,CUST_00660
TICKET_009212,2024-11-18,TOSTAO_10,CUST_01308
TICKET_009213,2024-08-02,TOSTAO_18,CUST_00882
TICKET_009214,2024-12-20,TOSTAO_07,CUST_01399
TICKET_009215,2024-03-21,TOSTAO_19,CUST_02271
TICKET_009216,2024-07-18,TOSTAO_04,CUST_02028
TICKET_009217,2024-09-18,TOSTAO_10,CUST_00923
TICKET_009218,2024-04-19,TOSTAO_03,CUST_00826
TICKET_009219,2024-04-14,TOSTAO_20,CUST_02173
TICKET_009220,2024-09-05,TOSTAO_14,CUST_01643
TICKET_009221,2024-02-29,TOSTAO_01,CUST_02462
TICKET_009222,2024-03-12,TOSTAO_20,CUST_00835
TICKET_009223,2024-01-10,TOSTAO_17,CUST_02122
TICKET_009224,2024-07-21,TOSTAO_01,CUST_00591
TICKET_009225,2024-09-16,TOSTAO_06,CUST_00838
TICKET_009226,2024-07-19,TOSTAO_04,CUST_01217
TICKET_009227,2024-05-29,TOSTAO_16,CUST_01486
TICKET_009228,2024-09-13,TOSTAO_16,CUST_02210
TICKET_009229,2024-10-24,TOSTAO_17,CUST_00393
TICKET_009230,2024-08-27,TOSTAO_12,CUST_00106
TICKET_009231,2024-09-12,TOSTAO_08,CUST_02085
TICKET_009232,2024-09-30,TOSTAO_05,CUST_01310
TICKET_009233,2024-05-20,TOSTAO_17,CUST_00794
TICKET_009234,2024-06-29,TOSTAO_11,CUST_01429
TICKET_009235,2024-05-30,TOSTAO_03,CUST_02071
TICKET_009236,2024-12-24,TOSTAO_02,CUST_00606
TICKET_009237,2024-10-16,TOSTAO_05,CUST_01224
TICKET_009238,2024-10-06,TOSTAO_19,CUST_02384
TICKET_009239,2024-10-24,TOSTAO_05,CUST_00051
TICKET_009240,2024-04-26,TOSTAO_06,CUST_02396
TICKET_009241,2024-10-23,TOSTAO_03,CUST_01526
TICKET_009242,2024-03-12,TOSTAO_15,CUST_01589
TICKET_009243,2024-07-20,TOSTAO_07,CUST_01475
TICKET_009244,2024-04-27,TOSTAO_15,CUST_00628
TICKET_009245,2024-05-07,TOSTAO_05,CUST_02194
TICKET_009246,2024-05-30,TOSTAO_19,CUST_00792
TICKET_009247,2024-03-29,TOSTAO_05,CUST_02441
TICKET_009248,2024-09-10,TOSTAO_06,CUST_00570
TICKET_009249,2024-02-29,TOSTAO_09,CUST_00779
TICKET_009250,2024-05-07,TOSTAO_09,CUST_01495
TICKET_009251,2024-10-12,TOSTAO_01,CUST_00235
TICKET_009252,2024-09-19,TOSTAO_03,CUST_00618
TICKET_009253,2024-01-20,TOSTAO_13,CUST_02494
TICKET_009254,2024-10-28,TOSTAO_16,CUST_02163
TICKET_009255,2024-01-25,TOSTAO_17,CUST_01115
TICKET_009256,2024-12-02,TOSTAO_06,CUST_00520
TICKET_009257,2024-07-15,TOSTAO_06,CUST_00477
TICKET_009258,2024-03-19,TOSTAO_03,CUST_00747
TICKET_009259,2024-07-15,TOSTAO_18,CUST_00610
TICKET_009260,2024-10-19,TOSTAO_13,CUST_01628
TICKET_009261,2024-12-28,TOSTAO_19,CUST_00195
TICKET_009262,2024-12-10,TOSTAO_08,CUST_01729
TICKET_009263,2024-10-19,TOSTAO_13,CUST_01627
TICKET_009264,2024-08-29,TOSTAO_17,CUST_01686
TICKET_009265,2024-01-16,TOSTAO_19,CUST_00548
TICKET_009266,2024-02-24,TOSTAO_02,CUST_00886
TICKET_009267,2024-12-07,TOSTAO_01,CUST_00546
TICKET_009268,2024-01-10,TOSTAO_01,CUST_00844
TICKET_009269,2024-02-25,TOSTAO_11,CUST_01516
TICKET_009270,2024-12-17,TOSTAO_18,CUST_00982
TICKET_009271,2024-06-19,TOSTAO_11,CUST_00716
TICKET_009272,2024-01-26,TOSTAO_19,CUST_02125
TICKET_009273,2024-01-08,TOSTAO_12,CUST_02189
TICKET_009274,2024-01-28,TOSTAO_12,CUST_01547
TICKET_009275,2024-10-10,TOSTAO_20,CUST_00859
TICKET_009276,2024-05-14,TOSTAO_15,CUST_01219
TICKET_009277,2024-12-21,TOSTAO_04,CUST_01778
TICKET_009278,2024-07-07,TOSTAO_06,CUST_00871
TICKET_009279,2024-09-24,TOSTAO_05,CUST_00301
TICKET_009280,2024-07-07,TOSTAO_13,CUST_00722
TICKET_009281,2024-02-25,TOSTAO_16,CUST_00655
TICKET_009282,2024-05-06,TOSTAO_18,CUST_01921
TICKET_009283,2024-06-04,TOSTAO_16,CUST_00096
TICKET_009284,2024-01-14,TOSTAO_19,CUST_00936
TICKET_009285,2024-12-04,TOSTAO_07,CUST_01261
TICKET_009286,2024-01-03,TOSTAO_20,CUST_01858
TICKET_009287,2024-05-24,TOSTAO_19,CUST_02162
TICKET_009288,2024-10-21,TOSTAO_10,CUST_00752
TICKET_009289,2024-09-13,TOSTAO_19,CUST_00262
TICKET_009290,2024-09-16,TOSTAO_10,CUST_01071
TICKET_009291,2024-10-14,TOSTAO_11,CUST_00285
TICKET_009292,2024-08-18,TOSTAO_08,CUST_00240
TICKET_009293,2024-11-07,TOSTAO_20,CUST_00626
TICKET_009294,2024-08-30,TOSTAO_05,CUST_00614
TICKET_009295,2024-12-08,TOSTAO_11,CUST_00709
TICKET_009296,2024-10-29,TOSTAO_16,CUST_00419
TICKET_009297,2024-08-25,TOSTAO_03,CUST_00946
TICKET_009298,2024-10-04,TOSTAO_06,CUST_00167
TICKET_009299,2024-01-15,TOSTAO_20,CUST_00226
TICKET_009300,2024-11-11,TOSTAO_04,CUST_00890
TICKET_009301,2024-05-20,TOSTAO_18,CUST_00348
TICKET_009302,2024-04-28,TOSTAO_11,CUST_01135
TICKET_009303,2024-03-25,TOSTAO_05,CUST_00135
TICKET_009304,2024-06-26,TOSTAO_03,CUST_00426
TICKET_009305,2024-09-04,TOSTAO_07,CUST_00636
TICKET_009306,2024-08-10,TOSTAO_15,CUST_02079
TICKET_009307,2024-05-16,TOSTAO_11,CUST_00479
TICKET_009308,2024-01-13,TOSTAO_18,CUST_00399
TICKET_009309,2024-08-06,TOSTAO_18,CUST_00041
TICKET_009310,2024-01-27,TOSTAO_17,CUST_01890
TICKET_009311,2024-11-19,TOSTAO_03,CUST_02140
TICKET_009312,2024-11-23,TOSTAO_06,CUST_01806
TICKET_009313,2024-08-09,TOSTAO_05,CUST_00867
TICKET_009314,2024-08-28,TOSTAO_20,CUST_00422
TICKET_009315,2024-06-06,TOSTAO_01,CUST_01619
TICKET_009316,2024-04-03,TOSTAO_10,CUST_00987
TICKET_009317,2024-01-16,TOSTAO_10,CUST_00190
TICKET_009318,2024-05-05,TOSTAO_05,CUST_00386
TICKET_009319,2024-04-22,TOSTAO_02,CUST_00276
TICKET_009320,2024-06-29,TOSTAO_12,CUST_02458
TICKET_009321,2024-04-09,TOSTAO_06,CUST_01084
TICKET_009322,2024-12-16,TOSTAO_18,CUST_01751
TICKET_009323,2024-04-30,TOSTAO_01,CUST_00656
TICKET_009324,2024-04-11,TOSTAO_02,CUST_01194
TICKET_009325,2024-03-05,TOSTAO_14,CUST_00335
TICKET_009326,2024-02-17,TOSTAO_08,CUST_00151
TICKET_009327,2024-06-28,TOSTAO_19,CUST_00092
TICKET_009328,2024-04-02,TOSTAO_12,CUST_01718
TICKET_009329,2024-04-11,TOSTAO_10,CUST_02350
TICKET_009330,2024-10-11,TOSTAO_16,CUST_00316
TICKET_009331,2024-08-19,TOSTAO_14,CUST_00592
TICKET_009332,2024-01-25,TOSTAO_03,CUST_00351
TICKET_009333,2024-11-11,TOSTAO_15,CUST_00966
TICKET_009334,2024-07-05,TOSTAO_20,CUST_00235
TICKET_009335,2024-02-03,TOSTAO_19,CUST_00603
TICKET_009336,2024-01-08,TOSTAO_17,CUST_02015
TICKET_009337,2024-03-13,TOSTAO_15,CUST_01747
TICKET_009338,2024-04-04,TOSTAO_11,CUST_00136
TICKET_009339,2024-07-02,TOSTAO_13,CUST_00318
TICKET_009340,2024-02-10,TOSTAO_19,CUST_00523
TICKET_009341,2024-12-14,TOSTAO_14,CUST_00831
TICKET_009342,2024-04-15,TOSTAO_08,CUST_01534
TICKET_009343,2024-09-17,TOSTAO_15,CUST_00511
TICKET_009344,2024-09-19,TOSTAO_12,CUST_00268
TICKET_009345,2024-02-11,TOSTAO_13,CUST_01283
TICKET_009346,2024-07-23,TOSTAO_18,CUST_00345
TICKET_009347,2024-10-16,TOSTAO_17,CUST_01838
TICKET_009348,2024-02-07,TOSTAO_03,CUST_01620
TICKET_009349,2024-09-29,TOSTAO_15,CUST_00070
TICKET_009350,2024-01-09,TOSTAO_06,CUST_00269
TICKET_009351,2024-01-07,TOSTAO_08,CUST_00193
TICKET_009352,2024-06-01,TOSTAO_12,CUST_02013
TICKET_009353,2024-05-05,TOSTAO_06,CUST_00054
TICKET_009354,2024-06-19,TOSTAO_05,CUST_00311
TICKET_009355,2024-09-07,TOSTAO_01,CUST_00255
TICKET_009356,2024-06-09,TOSTAO_19,CUST_01596
TICKET_009357,2024-02-12,TOSTAO_04,CUST_01212
TICKET_009358,2024-04-10,TOSTAO_06,CUST_02186
TICKET_009359,2024-10-09,TOSTAO_11,CUST_00971
TICKET_009360,2024-08-16,TOSTAO_19,CUST_01762
TICKET_009361,2024-11-01,TOSTAO_09,CUST_01103
TICKET_009362,2024-01-05,TOSTAO_20,CUST_00447
TICKET_009363,2024-06-09,TOSTAO_20,CUST_01336
TICKET_009364,2024-06-11,TOSTAO_16,CUST_01400
TICKET_009365,2024-02-22,TOSTAO_04,CUST_00299
TICKET_009366,2024-05-30,TOSTAO_16,CUST_02091
TICKET_009367,2024-04-27,TOSTAO_15,CUST_00052
TICKET_009368,2024-11-11,TOSTAO_12,CUST_02397
TICKET_009369,2024-09-02,TOSTAO_01,CUST_00090
TICKET_009370,2024-02-08,TOSTAO_19,CUST_00077
TICKET_009371,2024-01-17,TOSTAO_01,CUST_01081
TICKET_009372,2024-10-20,TOSTAO_11,CUST_00301
TICKET_009373,2024-01-10,TOSTAO_02,CUST_02429
TICKET_009374,2024-02-15,TOSTAO_19,CUST_00445
TICKET_009375,2024-08-12,TOSTAO_04,CUST_02466
TICKET_009376,2024-04-10,TOSTAO_14,CUST_00921
TICKET_009377,2024-04-15,TOSTAO_14,CUST_00322
TICKET_009378,2024-11-10,TOSTAO_18,CUST_00011
TICKET_009379,2024-09-19,TOSTAO_02,CUST_00431
TICKET_009380,2024-11-07,TOSTAO_08,CUST_00683
TICKET_009381,2024-10-19,TOSTAO_03,CUST_02127
TICKET_009382,2024-05-25,TOSTAO_01,CUST_02051
TICKET_009383,2024-07-11,TOSTAO_05,CUST_02203
TICKET_009384,2024-03-24,TOSTAO_17,CUST_02411
TICKET_009385,2024-01-06,TOSTAO_14,CUST_00489
TICKET_009386,2024-12-22,TOSTAO_13,CUST_01229
TICKET_009387,2024-11-22,TOSTAO_01,CUST_01056
TICKET_009388,2024-04-22,TOSTAO_02,CUST_01310
TICKET_009389,2024-08-29,TOSTAO_02,CUST_00023
TICKET_009390,2024-04-20,TOSTAO_06,CUST_02283
TICKET_009391,2024-03-22,TOSTAO_07,CUST_00018
TICKET_009392,2024-05-08,TOSTAO_18,CUST_01155
TICKET_009393,2024-09-30,TOSTAO_20,CUST_00488
TICKET_009394,2024-08-09,TOSTAO_12,CUST_01315
TICKET_009395,2024-04-02,TOSTAO_12,CUST_00115
TICKET_009396,2024-02-05,TOSTAO_15,CUST_00643
TICKET_009397,2024-02-03,TOSTAO_03,CUST_01839
TICKET_009398,2024-04-26,TOSTAO_07,CUST_01261
TICKET_009399,2024-03-26,TOSTAO_04,CUST_00402
TICKET_009400,2024-08-24,TOSTAO_11,CUST_00842
TICKET_009401,2024-06-13,TOSTAO_06,CUST_01948
TICKET_009402,2024-12-07,TOSTAO_18,CUST_01779
TICKET_009403,2024-08-21,TOSTAO_01,CUST_02372
TICKET_009404,2024-07-09,TOSTAO_13,CUST_00517
TICKET_009405,2024-02-06,TOSTAO_18,CUST_01408
TICKET_009406,2024-06-24,TOSTAO_08,CUST_00676
TICKET_009407,2024-09-16,TOSTAO_09,CUST_01179
TICKET_009408,2024-04-26,TOSTAO_13,CUST_00448
TICKET_009409,2024-11-25,TOSTAO_07,CUST_00790
TICKET_009410,2024-11-10,TOSTAO_06,CUST_00974
TICKET_009411,2024-08-29,TOSTAO_02,CUST_01424
TICKET_009412,2024-02-25,TOSTAO_08,CUST_02425
TICKET_009413,2024-06-17,TOSTAO_02,CUST_00440
TICKET_009414,2024-01-29,TOSTAO_16,CUST_01790
TICKET_009415,2024-12-29,TOSTAO_13,CUST_02406
TICKET_009416,2024-08-21,TOSTAO_15,CUST_02321
TICKET_009417,2024-04-22,TOSTAO_16,CUST_01243
TICKET_009418,2024-02-10,TOSTAO_16,CUST_00353
TICKET_009419,2024-04-19,TOSTAO_01,CUST_01537
TICKET_009420,2024-05-02,TOSTAO_16,CUST_00246
TICKET_009421,2024-05-25,TOSTAO_11,CUST_01818
TICKET_009422,2024-01-17,TOSTAO_07,CUST_00870
TICKET_009423,2024-02-24,TOSTAO_14,CUST_01260
TICKET_009424,2024-08-17,TOSTAO_07,CUST_02108
TICKET_009425,2024-09-06,TOSTAO_13,CUST_02428
TICKET_009426,2024-04-20,TOSTAO_06,CUST_01800
TICKET_009427,2024-12-09,TOSTAO_16,CUST_02373
TICKET_009428,2024-03-23,TOSTAO_03,CUST_00809
TICKET_009429,2024-12-01,TOSTAO_08,CUST_01986
TICKET_009430,2024-02-29,TOSTAO_12,CUST_00556
TICKET_009431,2024-02-17,TOSTAO_09,CUST_00138
TICKET_009432,2024-02-14,TOSTAO_04,CUST_01929
TICKET_009433,2024-12-16,TOSTAO_05,CUST_02202
TICKET_009434,2024-11-20,TOSTAO_02,CUST_00549
TICKET_009435,2024-11-02,TOSTAO_14,CUST_01485
TICKET_009436,2024-08-02,TOSTAO_19,CUST_01291
TICKET_009437,2024-10-18,TOSTAO_01,CUST_00316
TICKET_009438,2024-06-27,TOSTAO_15,CUST_02431
TICKET_009439,2024-04-06,TOSTAO_16,CUST_00821
TICKET_009440,2024-02-04,TOSTAO_20,CUST_02421
TICKET_009441,2024-02-01,TOSTAO_01,CUST_00304
TICKET_009442,2024-06-12,TOSTAO_06,CUST_02082
TICKET_009443,2024-03-23,TOSTAO_12,CUST_02162
TICKET_009444,2024-01-01,TOSTAO_12,CUST_01911
TICKET_009445,2024-09-29,TOSTAO_08,CUST_01047
TICKET_009446,2024-10-02,TOSTAO_01,CUST_00778
TICKET_009447,2024-02-13,TOSTAO_20,CUST_00777
TICKET_009448,2024-08-02,TOSTAO_17,CUST_01716
TICKET_009449,2024-07-12,TOSTAO_14,CUST_02171
TICKET_009450,2024-10-11,TOSTAO_08,CUST_01067
TICKET_009451,2024-11-08,TOSTAO_15,CUST_01078
TICKET_009452,2024-09-28,TOSTAO_11,CUST_02368
TICKET_009453,2024-02-13,TOSTAO_06,CUST_00991
TICKET_009454,2024-07-04,TOSTAO_14,CUST_01623
TICKET_009455,2024-05-20,TOSTAO_11,CUST_02090
TICKET_009456,2024-04-18,TOSTAO_11,CUST_01828
TICKET_009457,2024-03-15,TOSTAO_04,CUST_01714
TICKET_009458,2024-09-02,TOSTAO_07,CUST_02273
TICKET_009459,2024-08-23,TOSTAO_08,CUST_00824
TICKET_009460,2024-12-16,TOSTAO_04,CUST_01296
TICKET_009461,2024-01-26,TOSTAO_15,CUST_01721
TICKET_009462,2024-12-05,TOSTAO_02,CUST_01009
TICKET_009463,2024-11-22,TOSTAO_07,CUST_01255
TICKET_009464,2024-07-30,TOSTAO_20,CUST_01934
TICKET_009465,2024-10-02,TOSTAO_15,CUST_01443
TICKET_009466,2024-06-03,TOSTAO_14,CUST_01908
TICKET_009467,2024-11-23,TOSTAO_01,CUST_00937
TICKET_009468,2024-09-14,TOSTAO_19,CUST_02250
TICKET_009469,2024-05-16,TOSTAO_18,CUST_01972
TICKET_009470,2024-09-02,TOSTAO_13,CUST_00489
TICKET_009471,2024-12-20,TOSTAO_07,CUST_01737
TICKET_009472,2024-11-15,TOSTAO_02,CUST_01135
TICKET_009473,2024-12-26,TOSTAO_18,CUST_01834
TICKET_009474,2024-11-03,TOSTAO_02,CUST_02256
TICKET_009475,2024-08-14,TOSTAO_11,CUST_02157
TICKET_009476,2024-06-02,TOSTAO_13,CUST_00002
TICKET_009477,2024-08-22,TOSTAO_19,CUST_01678
TICKET_009478,2024-09-09,TOSTAO_19,CUST_00758
TICKET_009479,2024-06-27,TOSTAO_14,CUST_00837
TICKET_009480,2024-09-01,TOSTAO_06,CUST_00094
TICKET_009481,2024-07-08,TOSTAO_11,CUST_02018
TICKET_009482,2024-12-23,TOSTAO_12,CUST_01354
TICKET_009483,2024-05-24,TOSTAO_04,CUST_02286
TICKET_009484,2024-12-10,TOSTAO_08,CUST_00158
TICKET_009485,2024-06-24,TOSTAO_07,CUST_00477
TICKET_009486,2024-11-15,TOSTAO_13,CUST_02212
TICKET_009487,2024-02-10,TOSTAO_10,CUST_00382
TICKET_009488,2024-03-14,TOSTAO_11,CUST_02164
TICKET_009489,2024-06-03,TOSTAO_07,CUST_00448
TICKET_009490,2024-01-11,TOSTAO_16,CUST_00563
TICKET_009491,2024-03-09,TOSTAO_06,CUST_00887
TICKET_009492,2024-05-28,TOSTAO_12,CUST_00475
TICKET_009493,2024-02-15,TOSTAO_04,CUST_00530
TICKET_009494,2024-12-28,TOSTAO_05,CUST_01664
TICKET_009495,2024-06-07,TOSTAO_11,CUST_02417
TICKET_009496,2024-09-07,TOSTAO_07,CUST_02456
TICKET_009497,2024-02-19,TOSTAO_10,CUST_01174
TICKET_009498,2024-12-29,TOSTAO_14,CUST_00581
TICKET_009499,2024-03-27,TOSTAO_19,CUST_01099
TICKET_009500,2024-06-27,TOSTAO_09,CUST_00811
TICKET_009501,2024-11-19,TOSTAO_02,CUST_01287
TICKET_009502,2024-12-20,TOSTAO_13,CUST_02260
TICKET_009503,2024-12-03,TOSTAO_13,CUST_00712
TICKET_009504,2024-08-26,TOSTAO_15,CUST_02231
TICKET_009505,2024-07-25,TOSTAO_02,CUST_01550
TICKET_009506,2024-01-21,TOSTAO_03,CUST_00454
TICKET_009507,2024-07-27,TOSTAO_10,CUST_00788
TICKET_009508,2024-05-26,TOSTAO_15,CUST_01393
TICKET_009509,2024-04-08,TOSTAO_04,CUST_01326
TICKET_009510,2024-04-14,TOSTAO_08,CUST_01264
TICKET_009511,2024-05-05,TOSTAO_16,CUST_01640
TICKET_009512,2024-06-22,TOSTAO_10,CUST_02024
TICKET_009513,2024-11-22,TOSTAO_06,CUST_00438
TICKET_009514,2024-05-01,TOSTAO_05,CUST_01444
TICKET_009515,2024-12-06,TOSTAO_17,CUST_01372
TICKET_009516,2024-04-13,TOSTAO_04,CUST_00866
TICKET_009517,2024-01-28,TOSTAO_20,CUST_00483
TICKET_009518,2024-03-04,TOSTAO_03,CUST_01194
TICKET_009519,2024-07-15,TOSTAO_16,CUST_00577
TICKET_009520,2024-03-03,TOSTAO_18,CUST_01587
TICKET_009521,2024-07-28,TOSTAO_11,CUST_02477
TICKET_009522,2024-10-11,TOSTAO_17,CUST_00249
TICKET_009523,2024-04-15,TOSTAO_01,CUST_00696
TICKET_009524,2024-09-10,TOSTAO_10,CUST_00430
TICKET_009525,2024-08-22,TOSTAO_13,CUST_02019
TICKET_009526,2024-10-29,TOSTAO_19,CUST_01720
TICKET_009527,2024-12-22,TOSTAO_19,CUST_02188
TICKET_009528,2024-06-21,TOSTAO_07,CUST_01207
TICKET_009529,2024-02-14,TOSTAO_19,CUST_00424
TICKET_009530,2024-12-23,TOSTAO_07,CUST_00907
TICKET_009531,2024-07-07,TOSTAO_01,CUST_02293
TICKET_009532,2024-04-09,TOSTAO_07,CUST_00672
TICKET_009533,2024-08-10,TOSTAO_14,CUST_02077
TICKET_009534,2024-03-23,TOSTAO_13,CUST_01501
TICKET_009535,2024-08-18,TOSTAO_20,CUST_01155
TICKET_009536,2024-11-15,TOSTAO_15,CUST_01612
TICKET_009537,2024-10-17,TOSTAO_15,CUST_00767
TICKET_009538,2024-12-02,TOSTAO_19,CUST_00784
TICKET_009539,2024-02-27,TOSTAO_05,CUST_02181
TICKET_009540,2024-06-15,TOSTAO_16,CUST_01519
TICKET_009541,2024-09-15,TOSTAO_19,CUST_00765
TICKET_009542,2024-01-03,TOSTAO_16,CUST_00298
TICKET_009543,2024-05-16,TOSTAO_07,CUST_00913
TICKET_009544,2024-02-23,TOSTAO_03,CUST_00240
TICKET_009545,2024-01-27,TOSTAO_20,CUST_02056
TICKET_009546,2024-11-12,TOSTAO_13,CUST_01645
TICKET_009547,2024-07-12,TOSTAO_16,CUST_00716
TICKET_009548,2024-02-20,TOSTAO_02,CUST_01316
TICKET_009549,2024-02-12,TOSTAO_04,CUST_01097
TICKET_009550,2024-12-21,TOSTAO_01,CUST_02436
TICKET_009551,2024-01-13,TOSTAO_20,CUST_00250
TICKET_009552,2024-05-28,TOSTAO_06,CUST_02442
TICKET_009553,2024-05-27,TOSTAO_08,CUST_02031
TICKET_009554,2024-04-27,TOSTAO_16,CUST_00019
TICKET_009555,2024-10-02,TOSTAO_01,CUST_01574
TICKET_009556,2024-03-18,TOSTAO_12,CUST_00894
TICKET_009557,2024-12-17,TOSTAO_05,CUST_01016
TICKET_009558,2024-07-08,TOSTAO_13,CUST_00985
TICKET_009559,2024-04-21,TOSTAO_01,CUST_01524
TICKET_009560,2024-03-15,TOSTAO_07,CUST_00053
TICKET_009561,2024-07-10,TOSTAO_03,CUST_02163
TICKET_009562,2024-07-24,TOSTAO_03,CUST_00523
TICKET_009563,2024-09-12,TOSTAO_07,CUST_00217
TICKET_009564,2024-06-30,TOSTAO_16,CUST_00658
TICKET_009565,2024-02-29,TOSTAO_17,CUST_00552
TICKET_009566,2024-06-22,TOSTAO_14,CUST_01576
TICKET_009567,2024-12-29,TOSTAO_09,CUST_00250
TICKET_009568,2024-11-07,TOSTAO_07,CUST_01426
TICKET_009569,2024-07-06,TOSTAO_07,CUST_00178
TICKET_009570,2024-12-29,TOSTAO_07,CUST_01582
TICKET_009571,2024-10-04,TOSTAO_08,CUST_00035
TICKET_009572,2024-10-05,TOSTAO_01,CUST_00608
TICKET_009573,2024-10-12,TOSTAO_01,CUST_01232
TICKET_009574,2024-10-07,TOSTAO_20,CUST_00230
TICKET_009575,2024-07-21,TOSTAO_20,CUST_01668
TICKET_009576,2024-06-26,TOSTAO_02,CUST_00786
TICKET_009577,2024-03-06,TOSTAO_09,CUST_00712
TICKET_009578,2024-11-28,TOSTAO_19,CUST_02293
TICKET_009579,2024-10-01,TOSTAO_12,CUST_01899
TICKET_009580,2024-01-04,TOSTAO_05,CUST_00896
TICKET_009581,2024-08-08,TOSTAO_07,CUST_01086
TICKET_009582,2024-03-13,TOSTAO_03,CUST_01966
TICKET_009583,2024-10-16,TOSTAO_18,CUST_02058
TICKET_009584,2024-07-05,TOSTAO_01,CUST_00133
TICKET_009585,2024-05-22,TOSTAO_17,CUST_01975
TICKET_009586,2024-10-29,TOSTAO_07,CUST_02115
TICKET_009587,2024-06-08,TOSTAO_09,CUST_02228
TICKET_009588,2024-01-16,TOSTAO_17,CUST_00138
TICKET_009589,2024-12-13,TOSTAO_08,CUST_01152
TICKET_009590,2024-07-28,TOSTAO_10,CUST_02409
TICKET_009591,2024-12-16,TOSTAO_08,CUST_00174
TICKET_009592,2024-12-19,TOSTAO_11,CUST_00791
TICKET_009593,2024-07-21,TOSTAO_14,CUST_00144
TICKET_009594,2024-09-27,TOSTAO_15,CUST_00526
TICKET_009595,2024-12-06,TOSTAO_18,CUST_00074
TICKET_009596,2024-06-26,TOSTAO_19,CUST_02194
TICKET_009597,2024-03-18,TOSTAO_01,CUST_01128
TICKET_009598,2024-10-26,TOSTAO_06,CUST_01952
TICKET_009599,2024-12-19,TOSTAO_10,CUST_01400
TICKET_009600,2024-05-22,TOSTAO_04,CUST_02423
TICKET_009601,2024-04-28,TOSTAO_08,CUST_01040
TICKET_009602,2024-03-13,TOSTAO_11,CUST_01123
TICKET_009603,2024-02-02,TOSTAO_01,CUST_00356
TICKET_009604,2024-11-23,TOSTAO_18,CUST_01569
TICKET_009605,2024-06-28,TOSTAO_11,CUST_01159
TICKET_009606,2024-05-30,TOSTAO_04,CUST_01336
TICKET_009607,2024-09-13,TOSTAO_03,CUST_01452
TICKET_009608,2024-07-20,TOSTAO_02,CUST_01064
TICKET_009609,2024-03-23,TOSTAO_06,CUST_01471
TICKET_009610,2024-12-25,TOSTAO_13,CUST_02288
TICKET_009611,2024-01-07,TOSTAO_11,CUST_01649
TICKET_009612,2024-07-13,TOSTAO_03,CUST_02452
TICKET_009613,2024-11-01,TOSTAO_02,CUST_02063
TICKET_009614,2024-10-20,TOSTAO_11,CUST_00860
TICKET_009615,2024-01-24,TOSTAO_20,CUST_02110
TICKET_009616,2024-11-22,TOSTAO_11,CUST_00015
TICKET_009617,2024-11-03,TOSTAO_10,CUST_02426
TICKET_009618,2024-02-27,TOSTAO_17,CUST_00945
TICKET_009619,2024-12-26,TOSTAO_14,CUST_02226
TICKET_009620,2024-04-10,TOSTAO_19,CUST_00921
TICKET_009621,2024-05-18,TOSTAO_06,CUST_01537
TICKET_009622,2024-09-12,TOSTAO_07,CUST_02195
TICKET_009623,2024-09-16,TOSTAO_03,CUST_00101
TICKET_009624,2024-07-16,TOSTAO_12,CUST_01284
TICKET_009625,2024-06-09,TOSTAO_19,CUST_01152
TICKET_009626,2024-01-23,TOSTAO_12,CUST_01967
TICKET_009627,2024-11-27,TOSTAO_17,CUST_00931
TICKET_009628,2024-01-04,TOSTAO_15,CUST_00646
TICKET_009629,2024-11-04,TOSTAO_10,CUST_00404
TICKET_009630,2024-03-04,TOSTAO_04,CUST_01956
TICKET_009631,2024-02-14,TOSTAO_18,CUST_01749
TICKET_009632,2024-12-02,TOSTAO_12,CUST_00642
TICKET_009633,2024-02-03,TOSTAO_02,CUST_02155
TICKET_009634,2024-04-10,TOSTAO_05,CUST_01686
TICKET_009635,2024-07-06,TOSTAO_02,CUST_00550
TICKET_009636,2024-09-22,TOSTAO_06,CUST_01337
TICKET_009637,2024-02-01,TOSTAO_20,CUST_01419
TICKET_009638,2024-07-23,TOSTAO_16,CUST_01578
TICKET_009639,2024-02-05,TOSTAO_12,CUST_00699
TICKET_009640,2024-07-06,TOSTAO_08,CUST_01913
TICKET_009641,2024-06-18,TOSTAO_04,CUST_00483
TICKET_009642,2024-11-14,TOSTAO_18,CUST_00504
TICKET_009643,2024-10-27,TOSTAO_06,CUST_01569
TICKET_009644,2024-03-09,TOSTAO_16,CUST_00107
TICKET_009645,2024-07-27,TOSTAO_01,CUST_00926
TICKET_009646,2024-10-23,TOSTAO_13,CUST_00148
TICKET_009647,2024-11-02,TOSTAO_14,CUST_00016
TICKET_009648,2024-02-02,TOSTAO_07,CUST_00818
TICKET_009649,2024-06-02,TOSTAO_16,CUST_00058
TICKET_009650,2024-03-06,TOSTAO_14,CUST_02479
TICKET_009651,2024-09-23,TOSTAO_05,CUST_02180
TICKET_009652,2024-04-27,TOSTAO_01,CUST_01606
TICKET_009653,2024-04-21,TOSTAO_08,CUST_02319
TICKET_009654,2024-10-01,TOSTAO_02,CUST_01926
TICKET_009655,2024-03-19,TOSTAO_02,CUST_00868
TICKET_009656,2024-09-17,TOSTAO_15,CUST_01099
TICKET_009657,2024-07-06,TOSTAO_11,CUST_01018
TICKET_009658,2024-05-29,TOSTAO_10,CUST_00539
TICKET_009659,2024-04-19,TOSTAO_13,CUST_01943
TICKET_009660,2024-11-26,TOSTAO_06,CUST_01496
TICKET_009661,2024-12-30,TOSTAO_08,CUST_01942
TICKET_009662,2024-01-07,TOSTAO_03,CUST_01704
TICKET_009663,2024-04-11,TOSTAO_20,CUST_02199
TICKET_009664,2024-03-11,TOSTAO_15,CUST_00731
TICKET_009665,2024-12-23,TOSTAO_09,CUST_00960
TICKET_009666,2024-04-22,TOSTAO_20,CUST_02123
TICKET_009667,2024-08-31,TOSTAO_01,CUST_00235
TICKET_009668,2024-05-02,TOSTAO_13,CUST_02365
TICKET_009669,2024-06-05,TOSTAO_04,CUST_00345
TICKET_009670,2024-11-08,TOSTAO_20,CUST_01341
TICKET_009671,2024-11-20,TOSTAO_09,CUST_00149
TICKET_009672,2024-07-30,TOSTAO_19,CUST_02018
TICKET_009673,2024-09-16,TOSTAO_20,CUST_01938
TICKET_009674,2024-10-24,TOSTAO_15,CUST_02187
TICKET_009675,2024-11-03,TOSTAO_02,CUST_01592
TICKET_009676,2024-02-13,TOSTAO_02,CUST_00290
TICKET_009677,2024-10-21,TOSTAO_16,CUST_00840
TICKET_009678,2024-11-02,TOSTAO_16,CUST_00809
TICKET_009679,2024-03-21,TOSTAO_08,CUST_02078
TICKET_009680,2024-12-05,TOSTAO_04,CUST_00261
TICKET_009681,2024-08-25,TOSTAO_06,CUST_02041
TICKET_009682,2024-01-31,TOSTAO_08,CUST_01459
TICKET_009683,2024-03-04,TOSTAO_13,CUST_01201
TICKET_009684,2024-11-21,TOSTAO_18,CUST_00992
TICKET_009685,2024-11-24,TOSTAO_13,CUST_00719
TICKET_009686,2024-06-02,TOSTAO_10,CUST_02270
TICKET_009687,2024-09-14,TOSTAO_19,CUST_02377
TICKET_009688,2024-12-12,TOSTAO_01,CUST_00846
TICKET_009689,2024-04-26,TOSTAO_20,CUST_01198
TICKET_009690,2024-11-25,TOSTAO_08,CUST_02205
TICKET_009691,2024-01-04,TOSTAO_14,CUST_00904
TICKET_009692,2024-04-09,TOSTAO_13,CUST_01027
TICKET_009693,2024-01-25,TOSTAO_02,CUST_00655
TICKET_009694,2024-05-05,TOSTAO_12,CUST_01068
TICKET_009695,2024-09-28,TOSTAO_14,CUST_01980
TICKET_009696,2024-08-29,TOSTAO_10,CUST_02339
TICKET_009697,2024-07-22,TOSTAO_20,CUST_00723
TICKET_009698,2024-10-22,TOSTAO_09,CUST_01445
TICKET_009699,2024-03-26,TOSTAO_10,CUST_01481
TICKET_009700,2024-05-26,TOSTAO_17,CUST_00068
TICKET_009701,2024-09-22,TOSTAO_11,CUST_01278
TICKET_009702,2024-08-12,TOSTAO_11,CUST_01480
TICKET_009703,2024-12-24,TOSTAO_13,CUST_02221
TICKET_009704,2024-04-05,TOSTAO_13,CUST_02238
TICKET_009705,2024-09-24,TOSTAO_07,CUST_01522
TICKET_009706,2024-07-18,TOSTAO_17,CUST_01581
TICKET_009707,2024-01-07,TOSTAO_17,CUST_02138
TICKET_009708,2024-02-01,TOSTAO_01,CUST_00899
TICKET_009709,2024-12-24,TOSTAO_03,CUST_00176
TICKET_009710,2024-09-15,TOSTAO_04,CUST_02468
TICKET_009711,2024-12-04,TOSTAO_16,CUST_00358
TICKET_009712,2024-10-23,TOSTAO_17,CUST_00882
TICKET_009713,2024-02-13,TOSTAO_12,CUST_01540
TICKET_009714,2024-05-28,TOSTAO_10,CUST_00767
TICKET_009715,2024-12-19,TOSTAO_04,CUST_02074
TICKET_009716,2024-03-04,TOSTAO_13,CUST_01720
TICKET_009717,2024-07-07,TOSTAO_08,CUST_01328
TICKET_009718,2024-03-03,TOSTAO_16,CUST_00530
TICKET_009719,2024-12-27,TOSTAO_01,CUST_00757
TICKET_009720,2024-11-20,TOSTAO_12,CUST_02254
TICKET_009721,2024-12-05,TOSTAO_10,CUST_02291
TICKET_009722,2024-03-21,TOSTAO_18,CUST_02345
TICKET_009723,2024-08-24,TOSTAO_12,CUST_00533
TICKET_009724,2024-09-24,TOSTAO_12,CUST_02322
TICKET_009725,2024-02-27,TOSTAO_12,CUST_00224
TICKET_009726,2024-10-15,TOSTAO_18,CUST_00483
TICKET_009727,2024-12-25,TOSTAO_15,CUST_00035
TICKET_009728,2024-04-07,TOSTAO_15,CUST_00233
TICKET_009729,2024-04-06,TOSTAO_20,CUST_02189
TICKET_009730,2024-05-30,TOSTAO_01,CUST_00881
TICKET_009731,2024-07-02,TOSTAO_14,CUST_01639
TICKET_009732,2024-04-10,TOSTAO_15,CUST_02398
TICKET_009733,2024-11-12,TOSTAO_19,CUST_00581
TICKET_009734,2024-09-07,TOSTAO_17,CUST_01265
TICKET_009735,2024-01-25,TOSTAO_15,CUST_01026
TICKET_009736,2024-03-06,TOSTAO_12,CUST_00338
TICKET_009737,2024-09-13,TOSTAO_01,CUST_00585
TICKET_009738,2024-06-17,TOSTAO_10,CUST_01328
TICKET_009739,2024-04-01,TOSTAO_20,CUST_00687
TICKET_009740,2024-12-02,TOSTAO_10,CUST_01302
TICKET_009741,2024-08-22,TOSTAO_11,CUST_02331
TICKET_009742,2024-05-16,TOSTAO_06,CUST_01439
TICKET_009743,2024-11-04,TOSTAO_03,CUST_00925
TICKET_009744,2024-02-27,TOSTAO_06,CUST_01817
TICKET_009745,2024-04-27,TOSTAO_01,CUST_01119
TICKET_009746,2024-04-22,TOSTAO_10,CUST_01955
TICKET_009747,2024-11-16,TOSTAO_20,CUST_01208
TICKET_009748,2024-07-16,TOSTAO_03,CUST_02360
TICKET_009749,2024-01-17,TOSTAO_13,CUST_01643
TICKET_009750,2024-08-18,TOSTAO_13,CUST_01842
TICKET_009751,2024-05-16,TOSTAO_04,CUST_01697
TICKET_009752,2024-06-08,TOSTAO_17,CUST_00531
TICKET_009753,2024-01-22,TOSTAO_12,CUST_00610
TICKET_009754,2024-01-28,TOSTAO_08,CUST_00881
TICKET_009755,2024-09-22,TOSTAO_15,CUST_00264
TICKET_009756,2024-12-03,TOSTAO_05,CUST_00072
TICKET_009757,2024-03-07,TOSTAO_19,CUST_00457
TICKET_009758,2024-08-19,TOSTAO_01,CUST_01596
TICKET_009759,2024-11-24,TOSTAO_02,CUST_01712
TICKET_009760,2024-04-07,TOSTAO_09,CUST_02098
TICKET_009761,2024-02-06,TOSTAO_15,CUST_00515
TICKET_009762,2024-01-04,TOSTAO_04,CUST_00675
TICKET_009763,2024-07-03,TOSTAO_14,CUST_02035
TICKET_009764,2024-09-21,TOSTAO_08,CUST_02459
TICKET_009765,2024-10-31,TOSTAO_01,CUST_02115
TICKET_009766,2024-08-17,TOSTAO_02,CUST_00642
TICKET_009767,2024-07-10,TOSTAO_20,CUST_00196
TICKET_009768,2024-06-20,TOSTAO_11,CUST_01384
TICKET_009769,2024-08-17,TOSTAO_05,CUST_01526
TICKET_009770,2024-05-30,TOSTAO_09,CUST_00992
TICKET_009771,2024-01-09,TOSTAO_09,CUST_02380
TICKET_009772,2024-11-08,TOSTAO_13,CUST_00141
TICKET_009773,2024-06-28,TOSTAO_01,CUST_02188
TICKET_009774,2024-06-07,TOSTAO_01,CUST_01388
TICKET_009775,2024-02-22,TOSTAO_17,CUST_00719
TICKET_009776,2024-08-06,TOSTAO_20,CUST_02383
TICKET_009777,2024-02-04,TOSTAO_10,CUST_00671
TICKET_009778,2024-08-23,TOSTAO_20,CUST_01256
TICKET_009779,2024-10-10,TOSTAO_18,CUST_02143
TICKET_009780,2024-12-27,TOSTAO_04,CUST_02013
TICKET_009781,2024-02-02,TOSTAO_03,CUST_00418
TICKET_009782,2024-05-06,TOSTAO_19,CUST_00861
TICKET_009783,2024-10-17,TOSTAO_03,CUST_00995
TICKET_009784,2024-01-12,TOSTAO_12,CUST_00408
TICKET_009785,2024-12-14,TOSTAO_02,CUST_01100
TICKET_009786,2024-07-08,TOSTAO_17,CUST_00117
TICKET_009787,2024-12-02,TOSTAO_10,CUST_01847
TICKET_009788,2024-12-12,TOSTAO_16,CUST_01063
TICKET_009789,2024-06-29,TOSTAO_20,CUST_02387
TICKET_009790,2024-09-17,TOSTAO_17,CUST_02464
TICKET_009791,2024-12-02,TOSTAO_12,CUST_01376
TICKET_009792,2024-06-13,TOSTAO_19,CUST_00898
TICKET_009793,2024-06-04,TOSTAO_03,CUST_02371
TICKET_009794,2024-05-18,TOSTAO_01,CUST_00409
TICKET_009795,2024-01-29,TOSTAO_08,CUST_00159
TICKET_009796,2024-04-29,TOSTAO_08,CUST_01152
TICKET_009797,2024-07-25,TOSTAO_11,CUST_01195
TICKET_009798,2024-05-07,TOSTAO_18,CUST_01048
TICKET_009799,2024-08-04,TOSTAO_05,CUST_01805
TICKET_009800,2024-04-09,TOSTAO_13,CUST_02309
TICKET_009801,2024-10-03,TOSTAO_14,CUST_01734
TICKET_009802,2024-08-26,TOSTAO_18,CUST_02141
TICKET_009803,2024-09-29,TOSTAO_01,CUST_02451
TICKET_009804,2024-11-21,TOSTAO_05,CUST_00608
TICKET_009805,2024-11-20,TOSTAO_14,CUST_00458
TICKET_009806,2024-04-08,TOSTAO_18,CUST_01459
TICKET_009807,2024-02-10,TOSTAO_16,CUST_00020
TICKET_009808,2024-03-02,TOSTAO_09,CUST_01048
TICKET_009809,2024-11-30,TOSTAO_11,CUST_01398
TICKET_009810,2024-01-27,TOSTAO_11,CUST_01669
TICKET_009811,2024-02-20,TOSTAO_19,CUST_00082
TICKET_009812,2024-04-14,TOSTAO_01,CUST_00874
TICKET_009813,2024-09-05,TOSTAO_01,CUST_01692
TICKET_009814,2024-03-11,TOSTAO_17,CUST_00156
TICKET_009815,2024-04-06,TOSTAO_18,CUST_01773
TICKET_009816,2024-07-15,TOSTAO_05,CUST_01254
TICKET_009817,2024-09-03,TOSTAO_05,CUST_00123
TICKET_009818,2024-03-26,TOSTAO_20,CUST_00917
TICKET_009819,2024-07-18,TOSTAO_09,CUST_02170
TICKET_009820,2024-03-08,TOSTAO_06,CUST_02462
TICKET_009821,2024-03-29,TOSTAO_15,CUST_02200
TICKET_009822,2024-02-27,TOSTAO_11,CUST_01533
TICKET_009823,2024-05-16,TOSTAO_16,CUST_02373
TICKET_009824,2024-05-24,TOSTAO_06,CUST_01695
TICKET_009825,2024-04-15,TOSTAO_12,CUST_00270
TICKET_009826,2024-06-09,TOSTAO_06,CUST_00083
TICKET_009827,2024-03-15,TOSTAO_02,CUST_02423
TICKET_009828,2024-10-11,TOSTAO_19,CUST_00007
TICKET_009829,2024-08-04,TOSTAO_14,CUST_02019
TICKET_009830,2024-09-23,TOSTAO_08,CUST_01087
TICKET_009831,2024-06-22,TOSTAO_15,CUST_00850
TICKET_009832,2024-09-24,TOSTAO_09,CUST_00734
TICKET_009833,2024-08-14,TOSTAO_08,CUST_00270
TICKET_009834,2024-07-27,TOSTAO_05,CUST_01111
TICKET_009835,2024-10-22,TOSTAO_08,CUST_00583
TICKET_009836,2024-08-25,TOSTAO_04,CUST_01048
TICKET_009837,2024-03-29,TOSTAO_08,CUST_01799
TICKET_009838,2024-03-24,TOSTAO_07,CUST_01024
TICKET_009839,2024-01-31,TOSTAO_10,CUST_01946
TICKET_009840,2024-10-02,TOSTAO_03,CUST_01891
TICKET_009841,2024-01-22,TOSTAO_05,CUST_01951
TICKET_009842,2024-04-13,TOSTAO_03,CUST_00381
TICKET_009843,2024-05-01,TOSTAO_13,CUST_02258
TICKET_009844,2024-01-04,TOSTAO_14,CUST_01739
TICKET_009845,2024-03-14,TOSTAO_02,CUST_00727
TICKET_009846,2024-11-27,TOSTAO_06,CUST_01706
TICKET_009847,2024-03-13,TOSTAO_02,CUST_01868
TICKET_009848,2024-12-15,TOSTAO_07,CUST_00559
TICKET_009849,2024-09-10,TOSTAO_14,CUST_01270
TICKET_009850,2024-06-06,TOSTAO_09,CUST_00843
TICKET_009851,2024-08-10,TOSTAO_19,CUST_00357
TICKET_009852,2024-01-31,TOSTAO_09,CUST_00310
TICKET_009853,2024-08-31,TOSTAO_20,CUST_00342
TICKET_009854,2024-08-21,TOSTAO_16,CUST_02027
TICKET_009855,2024-07-26,TOSTAO_20,CUST_00312
TICKET_009856,2024-02-11,TOSTAO_05,CUST_01549
TICKET_009857,2024-02-23,TOSTAO_18,CUST_01203
TICKET_009858,2024-11-08,TOSTAO_06,CUST_02414
TICKET_009859,2024-10-31,TOSTAO_15,CUST_00719
TICKET_009860,2024-04-20,TOSTAO_01,CUST_01189
TICKET_009861,2024-05-03,TOSTAO_14,CUST_01074
TICKET_009862,2024-11-02,TOSTAO_05,CUST_00364
TICKET_009863,2024-02-07,TOSTAO_11,CUST_00939
TICKET_009864,2024-02-25,TOSTAO_11,CUST_02411
TICKET_009865,2024-04-08,TOSTAO_04,CUST_02195
TICKET_009866,2024-04-01,TOSTAO_03,CUST_00419
TICKET_009867,2024-06-24,TOSTAO_12,CUST_00338
TICKET_009868,2024-06-14,TOSTAO_12,CUST_00058
TICKET_009869,2024-02-19,TOSTAO_11,CUST_02385
TICKET_009870,2024-02-06,TOSTAO_09,CUST_02246
TICKET_009871,2024-03-24,TOSTAO_07,CUST_02048
TICKET_009872,2024-03-25,TOSTAO_06,CUST_02413
TICKET_009873,2024-08-02,TOSTAO_20,CUST_01419
TICKET_009874,2024-09-15,TOSTAO_02,CUST_02327
TICKET_009875,2024-01-28,TOSTAO_19,CUST_01771
TICKET_009876,2024-09-25,TOSTAO_04,CUST_00247
TICKET_009877,2024-05-21,TOSTAO_11,CUST_02089
TICKET_009878,2024-01-25,TOSTAO_08,CUST_02028
TICKET_009879,2024-05-27,TOSTAO_03,CUST_00285
TICKET_009880,2024-08-29,TOSTAO_02,CUST_01321
TICKET_009881,2024-09-13,TOSTAO_17,CUST_01927
TICKET_009882,2024-09-16,TOSTAO_17,CUST_02071
TICKET_009883,2024-08-16,TOSTAO_01,CUST_02334
TICKET_009884,2024-04-23,TOSTAO_17,CUST_01256
TICKET_009885,2024-06-08,TOSTAO_18,CUST_00113
TICKET_009886,2024-06-17,TOSTAO_09,CUST_00136
TICKET_009887,2024-10-30,TOSTAO_10,CUST_00485
TICKET_009888,2024-09-27,TOSTAO_20,CUST_01179
TICKET_009889,2024-09-06,TOSTAO_14,CUST_00517
TICKET_009890,2024-10-16,TOSTAO_14,CUST_00136
TICKET_009891,2024-07-17,TOSTAO_11,CUST_01899
TICKET_009892,2024-05-25,TOSTAO_11,CUST_00302
TICKET_009893,2024-08-24,TOSTAO_05,CUST_02383
TICKET_009894,2024-06-10,TOSTAO_13,CUST_01045
TICKET_009895,2024-04-12,TOSTAO_12,CUST_00689
TICKET_009896,2024-06-01,TOSTAO_13,CUST_00883
TICKET_009897,2024-09-23,TOSTAO_10,CUST_01750
TICKET_009898,2024-11-11,TOSTAO_03,CUST_01139
TICKET_009899,2024-03-06,TOSTAO_15,CUST_00679
TICKET_009900,2024-09-26,TOSTAO_20,CUST_00072
TICKET_009901,2024-07-22,TOSTAO_20,CUST_00368
TICKET_009902,2024-05-30,TOSTAO_12,CUST_00650
TICKET_009903,2024-06-24,TOSTAO_15,CUST_01599
TICKET_009904,2024-09-23,TOSTAO_04,CUST_00608
TICKET_009905,2024-10-30,TOSTAO_11,CUST_00961
TICKET_009906,2024-10-12,TOSTAO_02,CUST_01606
TICKET_009907,2024-11-05,TOSTAO_08,CUST_01936
TICKET_009908,2024-11-08,TOSTAO_20,CUST_00954
TICKET_009909,2024-06-07,TOSTAO_13,CUST_02139
TICKET_009910,2024-05-31,TOSTAO_11,CUST_02482
TICKET_009911,2024-08-29,TOSTAO_01,CUST_00230
TICKET_009912,2024-11-19,TOSTAO_09,CUST_01101
TICKET_009913,2024-11-15,TOSTAO_02,CUST_00549
TICKET_009914,2024-06-15,TOSTAO_04,CUST_02134
TICKET_009915,2024-08-22,TOSTAO_11,CUST_01409
TICKET_009916,2024-01-13,TOSTAO_16,CUST_00804
TICKET_009917,2024-11-26,TOSTAO_15,CUST_01446
TICKET_009918,2024-06-01,TOSTAO_05,CUST_01061
TICKET_009919,2024-02-26,TOSTAO_16,CUST_01504
TICKET_009920,2024-08-29,TOSTAO_19,CUST_01622
TICKET_009921,2024-06-19,TOSTAO_02,CUST_01503
TICKET_009922,2024-12-08,TOSTAO_07,CUST_01724
TICKET_009923,2024-04-05,TOSTAO_03,CUST_00173
TICKET_009924,2024-03-16,TOSTAO_05,CUST_00266
TICKET_009925,2024-07-14,TOSTAO_10,CUST_00931
TICKET_009926,2024-09-05,TOSTAO_17,CUST_01417
TICKET_009927,2024-07-05,TOSTAO_15,CUST_00942
TICKET_009928,2024-08-09,TOSTAO_16,CUST_00848
TICKET_009929,2024-12-22,TOSTAO_12,CUST_02494
TICKET_009930,2024-11-01,TOSTAO_11,CUST_00984
TICKET_009931,2024-09-25,TOSTAO_10,CUST_00564
TICKET_009932,2024-02-25,TOSTAO_03,CUST_01268
TICKET_009933,2024-05-19,TOSTAO_16,CUST_01065
TICKET_009934,2024-02-20,TOSTAO_09,CUST_00896
TICKET_009935,2024-10-22,TOSTAO_03,CUST_01163
TICKET_009936,2024-02-14,TOSTAO_08,CUST_02270
TICKET_009937,2024-07-21,TOSTAO_01,CUST_01066
TICKET_009938,2024-03-20,TOSTAO_12,CUST_00575
TICKET_009939,2024-07-16,TOSTAO_14,CUST_00690
TICKET_009940,2024-01-31,TOSTAO_13,CUST_00683
TICKET_009941,2024-11-01,TOSTAO_07,CUST_01169
TICKET_009942,2024-10-08,TOSTAO_02,CUST_00383
TICKET_009943,2024-10-15,TOSTAO_14,CUST_01170
TICKET_009944,2024-12-07,TOSTAO_08,CUST_00092
TICKET_009945,2024-01-13,TOSTAO_14,CUST_01630
TICKET_009946,2024-07-12,TOSTAO_13,CUST_01717
TICKET_009947,2024-06-23,TOSTAO_16,CUST_01165
TICKET_009948,2024-05-16,TOSTAO_05,CUST_01154
TICKET_009949,2024-12-29,TOSTAO_03,CUST_00229
TICKET_009950,2024-04-08,TOSTAO_10,CUST_01229
TICKET_009951,2024-10-12,TOSTAO_14,CUST_01262
TICKET_009952,2024-08-03,TOSTAO_10,CUST_00855
TICKET_009953,2024-11-22,TOSTAO_19,CUST_00454
TICKET_009954,2024-03-08,TOSTAO_19,CUST_01435
TICKET_009955,2024-12-19,TOSTAO_10,CUST_00696
TICKET_009956,2024-08-18,TOSTAO_03,CUST_01250
TICKET_009957,2024-08-04,TOSTAO_05,CUST_01882
TICKET_009958,2024-01-15,TOSTAO_04,CUST_00250
TICKET_009959,2024-04-01,TOSTAO_04,CUST_01062
TICKET_009960,2024-02-25,TOSTAO_02,CUST_00532
TICKET_009961,2024-07-19,TOSTAO_14,CUST_01236
TICKET_009962,2024-11-09,TOSTAO_12,CUST_01891
TICKET_009963,2024-05-11,TOSTAO_14,CUST_01442
TICKET_009964,2024-10-19,TOSTAO_10,CUST_01685
TICKET_009965,2024-04-27,TOSTAO_19,CUST_00962
TICKET_009966,2024-05-03,TOSTAO_18,CUST_02125
TICKET_009967,2024-01-19,TOSTAO_12,CUST_01932
TICKET_009968,2024-12-17,TOSTAO_13,CUST_01994
TICKET_009969,2024-04-02,TOSTAO_19,CUST_01728
TICKET_009970,2024-02-24,TOSTAO_19,CUST_00098
TICKET_009971,2024-09-23,TOSTAO_07,CUST_00220
TICKET_009972,2024-06-14,TOSTAO_05,CUST_00856
TICKET_009973,2024-05-05,TOSTAO_09,CUST_00106
TICKET_009974,2024-03-31,TOSTAO_18,CUST_00444
TICKET_009975,2024-03-08,TOSTAO_13,CUST_00186
TICKET_009976,2024-03-01,TOSTAO_03,CUST_00789
TICKET_009977,2024-11-25,TOSTAO_07,CUST_00424
TICKET_009978,2024-07-05,TOSTAO_19,CUST_02070
TICKET_009979,2024-05-20,TOSTAO_12,CUST_00366
TICKET_009980,2024-04-22,TOSTAO_18,CUST_00231
TICKET_009981,2024-12-14,TOSTAO_20,CUST_01110
TICKET_009982,2024-09-30,TOSTAO_03,CUST_00917
TICKET_009983,2024-04-06,TOSTAO_17,CUST_00845
TICKET_009984,2024-02-19,TOSTAO_02,CUST_01096
TICKET_009985,2024-10-07,TOSTAO_18,CUST_02329
TICKET_009986,2024-08-05,TOSTAO_18,CUST_01227
TICKET_009987,2024-02-16,TOSTAO_07,CUST_01022
TICKET_009988,2024-02-24,TOSTAO_09,CUST_01093
TICKET_009989,2024-10-20,TOSTAO_20,CUST_00803
TICKET_009990,2024-07-12,TOSTAO_01,CUST_01798
TICKET_009991,2024-01-19,TOSTAO_12,CUST_02352
TICKET_009992,2024-09-07,TOSTAO_08,CUST_01562
TICKET_009993,2024-10-06,TOSTAO_17,CUST_01849
TICKET_009994,2024-01-06,TOSTAO_20,CUST_00947
TICKET_009995,2024-03-12,TOSTAO_03,CUST_01134
TICKET_009996,2024-11-14,TOSTAO_01,CUST_01152
TICKET_009997,2024-04-24,TOSTAO_05,CUST_00164
TICKET_009998,2024-10-08,TOSTAO_06,CUST_00440
TICKET_009999,2024-09-13,TOSTAO_13,CUST_00442
TICKET_010000,2024-10-25,TOSTAO_08,CUST_02032
